{"v":"5.5.7","meta":{"g":"LottieFiles AE 0.1.21","a":"","k":"","d":"","tc":""},"fr":25,"ip":0,"op":67,"w":1200,"h":1200,"nm":"Account Management","ddd":0,"assets":[],"layers":[{"ddd":0,"ind":1,"ty":4,"nm":"Messages","sr":1,"ks":{"o":{"a":0,"k":100,"ix":11},"r":{"a":0,"k":0,"ix":10},"p":{"a":0,"k":[782,582.382,0],"ix":2},"a":{"a":0,"k":[782,582.382,0],"ix":1},"s":{"a":1,"k":[{"i":{"x":[0.833,0.833,0.833],"y":[0.833,0.833,0.833]},"o":{"x":[0.167,0.167,0.167],"y":[0.167,0.167,0.167]},"t":0,"s":[100,100,100]},{"t":66,"s":[113,113,100]}],"ix":6}},"ao":0,"shapes":[{"ty":"gr","it":[{"ty":"gr","it":[{"ind":0,"ty":"sh","ix":1,"ks":{"a":1,"k":[{"i":{"x":0.667,"y":1},"o":{"x":0.167,"y":0.167},"t":26,"s":[{"i":[[0,0],[0,0],[0,0],[0,0]],"o":[[0,0],[0,0],[0,0],[0,0]],"v":[[-2.102,-4.783],[-2.693,-4.783],[-2.693,-5.935],[-2.102,-5.935]],"c":true}]},{"t":36,"s":[{"i":[[0,0],[0,0],[0,0],[0,0]],"o":[[0,0],[0,0],[0,0],[0,0]],"v":[[-16.706,-8],[-22.588,-8],[-22.588,-13.882],[-16.706,-13.882]],"c":true}]}],"ix":2},"nm":"Path 3","mn":"ADBE Vector Shape - Group","hd":false},{"ind":1,"ty":"sh","ix":2,"ks":{"a":1,"k":[{"i":{"x":0.833,"y":0.833},"o":{"x":0.167,"y":0.167},"t":26,"s":[{"i":[[0,0],[0,0],[0,0],[0,0]],"o":[[0,0],[0,0],[0,0],[0,0]],"v":[[1.515,-3.079],[-2.362,-3.079],[-2.362,-3.355],[1.515,-3.355]],"c":true}]},{"i":{"x":0.667,"y":1},"o":{"x":0.167,"y":0.167},"t":31,"s":[{"i":[[0,0],[0,0],[0,0],[0,0]],"o":[[0,0],[0,0],[0,0],[0,0]],"v":[[-11.563,-0.429],[-12.613,-0.429],[-12.613,-1.501],[-11.563,-1.501]],"c":true}]},{"t":38,"s":[{"i":[[0,0],[0,0],[0,0],[0,0]],"o":[[0,0],[0,0],[0,0],[0,0]],"v":[[-20.706,0.706],[19.853,0.706],[19.853,-0.618],[-20.706,-0.618]],"c":true}]}],"ix":2},"nm":"Path 1","mn":"ADBE Vector Shape - Group","hd":false},{"ind":2,"ty":"sh","ix":3,"ks":{"a":1,"k":[{"i":{"x":0.667,"y":1},"o":{"x":0.167,"y":0.167},"t":26,"s":[{"i":[[0.431,0],[0,0],[0,0.84],[0,0],[-0.431,0],[0,0],[0,-0.84],[0,0]],"o":[[0,0],[-0.431,0],[0,0],[0,-0.84],[0,0],[0.431,0],[0,0],[0,0.84]],"v":[[1.823,-0.868],[-2.764,-0.868],[-3.544,-2.388],[-3.544,-5.612],[-2.764,-7.132],[1.823,-7.132],[2.603,-5.612],[2.603,-2.388]],"c":true}]},{"t":36,"s":[{"i":[[4.288,0],[0,0],[0,4.288],[0,0],[-4.288,0],[0,0],[0,-4.288],[0,0]],"o":[[0,0],[-4.288,0],[0,0],[0,-4.288],[0,0],[4.288,0],[0,0],[0,4.288]],"v":[[22.353,12],[-23.294,12],[-31.059,4.235],[-31.059,-12.235],[-23.294,-20],[22.353,-20],[30.118,-12.235],[30.118,4.235]],"c":true}]}],"ix":2},"nm":"Path 2","mn":"ADBE Vector Shape - Group","hd":false},{"ty":"st","c":{"a":0,"k":[0.043137256056,0.337254911661,0.658823549747,1],"ix":3},"o":{"a":0,"k":100,"ix":4},"w":{"a":0,"k":4,"ix":5},"lc":2,"lj":2,"bm":0,"nm":"Stroke 1","mn":"ADBE Vector Graphic - Stroke","hd":false},{"ty":"tr","p":{"a":0,"k":[989.647,410.118],"ix":2},"a":{"a":0,"k":[0,0],"ix":1},"s":{"a":0,"k":[100,100],"ix":3},"r":{"a":0,"k":0,"ix":6},"o":{"a":0,"k":100,"ix":7},"sk":{"a":0,"k":0,"ix":4},"sa":{"a":0,"k":0,"ix":5},"nm":"Transform"}],"nm":"Group 2","np":4,"cix":2,"bm":0,"ix":1,"mn":"ADBE Vector Group","hd":false},{"ty":"gr","it":[{"ty":"gr","it":[{"ind":0,"ty":"sh","ix":1,"ks":{"a":0,"k":{"i":[[0,0],[0,-0.258],[0,0],[13.529,0],[0,0],[0,1.119],[0,0],[-0.859,0.006],[0,2.171],[0,0],[-0.258,0]],"o":[[0.258,0],[0,0],[0,8.192],[0,0],[-1.119,0],[0,0],[0,-0.859],[11.938,-0.083],[0,0],[0,-0.258],[0,0]],"v":[[14.473,-12.265],[14.941,-11.797],[14.941,-6.962],[0.941,12.265],[-12.914,12.265],[-14.941,10.238],[-14.941,10.238],[-13.371,8.667],[-2.235,-1.479],[-2.235,-11.797],[-1.767,-12.265]],"c":true},"ix":2},"nm":"Path 1","mn":"ADBE Vector Shape - Group","hd":false},{"ty":"fl","c":{"a":0,"k":[0.811764717102,0.89411765337,0.984313726425,1],"ix":4},"o":{"a":0,"k":100,"ix":5},"r":1,"bm":0,"nm":"Fill 1","mn":"ADBE Vector Graphic - Fill","hd":false},{"ty":"tr","p":{"a":0,"k":[956.588,448.735],"ix":2},"a":{"a":0,"k":[0,0],"ix":1},"s":{"a":0,"k":[100,100],"ix":3},"r":{"a":0,"k":0,"ix":6},"o":{"a":0,"k":100,"ix":7},"sk":{"a":0,"k":0,"ix":4},"sa":{"a":0,"k":0,"ix":5},"nm":"Transform"}],"nm":"Group 1","np":2,"cix":2,"bm":0,"ix":1,"mn":"ADBE Vector Group","hd":false},{"ty":"gr","it":[{"ind":0,"ty":"sh","ix":1,"ks":{"a":0,"k":{"i":[[-8.382,0],[0,0],[0,8.382],[0,0],[8.382,0],[0,0],[0,-8.382],[0,0]],"o":[[0,0],[8.382,0],[0,0],[0,-8.382],[0,0],[-8.382,0],[0,0],[0,8.382]],"v":[[-33.176,34.235],[33.176,34.235],[48.353,19.059],[48.353,-19.059],[33.176,-34.235],[-33.176,-34.235],[-48.353,-19.059],[-48.353,19.059]],"c":true},"ix":2},"nm":"Path 1","mn":"ADBE Vector Shape - Group","hd":false},{"ty":"fl","c":{"a":0,"k":[0.811764717102,0.89411765337,0.984313726425,1],"ix":4},"o":{"a":0,"k":100,"ix":5},"r":1,"bm":0,"nm":"Fill 1","mn":"ADBE Vector Graphic - Fill","hd":false},{"ty":"tr","p":{"a":0,"k":[986,406],"ix":2},"a":{"a":0,"k":[0,0],"ix":1},"s":{"a":0,"k":[100,100],"ix":3},"r":{"a":0,"k":0,"ix":6},"o":{"a":0,"k":100,"ix":7},"sk":{"a":0,"k":0,"ix":4},"sa":{"a":0,"k":0,"ix":5},"nm":"Transform"}],"nm":"Group 2","np":2,"cix":2,"bm":0,"ix":2,"mn":"ADBE Vector Group","hd":false},{"ty":"tr","p":{"a":0,"k":[986,406],"ix":2},"a":{"a":0,"k":[986,406],"ix":1},"s":{"a":0,"k":[100,100],"ix":3},"r":{"a":0,"k":0,"ix":6},"o":{"a":0,"k":100,"ix":7},"sk":{"a":0,"k":0,"ix":4},"sa":{"a":0,"k":0,"ix":5},"nm":"Transform"}],"nm":"bubble 3","np":2,"cix":2,"bm":0,"ix":2,"mn":"ADBE Vector Group","hd":false},{"ty":"tr","p":{"a":1,"k":[{"i":{"x":0.833,"y":0.833},"o":{"x":0.167,"y":0.167},"t":22,"s":[832,551.382],"to":[25.667,-22.5],"ti":[-25.667,22.5]},{"t":27,"s":[986,416.382]}],"ix":2},"a":{"a":0,"k":[986,416.382],"ix":1},"s":{"a":1,"k":[{"i":{"x":[0.833,0.833],"y":[0.833,0.833]},"o":{"x":[0.167,0.167],"y":[0.167,0.167]},"t":22,"s":[0,0]},{"i":{"x":[0.667,0.667],"y":[1,1]},"o":{"x":[0.167,0.167],"y":[0.167,0.167]},"t":25,"s":[105,105]},{"i":{"x":[0.667,0.667],"y":[1,1]},"o":{"x":[0.167,0.167],"y":[0,0]},"t":29,"s":[100,100]},{"i":{"x":[0.314,0.314],"y":[0.646,0.646]},"o":{"x":[0.333,0.333],"y":[0,0]},"t":46,"s":[100,100]},{"i":{"x":[0.681,0.681],"y":[-0.143,-0.143]},"o":{"x":[0.447,0.447],"y":[-1.142,-1.142]},"t":50.355,"s":[90,90]},{"i":{"x":[0.747,0.747],"y":[0.552,0.552]},"o":{"x":[0.583,0.583],"y":[0.119,0.119]},"t":55.355,"s":[90,90]},{"t":60.35546875,"s":[110,110]}],"ix":3},"r":{"a":0,"k":0,"ix":6},"o":{"a":1,"k":[{"i":{"x":[0.667],"y":[1]},"o":{"x":[0.167],"y":[0.167]},"t":55.355,"s":[100]},{"t":60.35546875,"s":[0]}],"ix":7},"sk":{"a":0,"k":0,"ix":4},"sa":{"a":0,"k":0,"ix":5},"nm":"Transform"}],"nm":"Bubble 3","np":2,"cix":2,"bm":0,"ix":1,"mn":"ADBE Vector Group","hd":false},{"ty":"gr","it":[{"ty":"gr","it":[{"ty":"gr","it":[{"ind":0,"ty":"sh","ix":1,"ks":{"a":0,"k":{"i":[[1.819,0],[0,0],[0,1.819],[0,0],[-1.819,0],[0,0],[0,-1.819],[0,0]],"o":[[0,0],[-1.819,0],[0,0],[0,-1.819],[0,0],[1.819,0],[0,0],[0,1.819]],"v":[[26.706,12.353],[-26.706,12.353],[-30,9.059],[-30,-9.059],[-26.706,-12.353],[26.706,-12.353],[30,-9.059],[30,9.059]],"c":true},"ix":2},"nm":"Path 1","mn":"ADBE Vector Shape - Group","hd":false},{"ty":"fl","c":{"a":0,"k":[0.811737060547,0.894104003906,0.984283447266,1],"ix":4},"o":{"a":0,"k":100,"ix":5},"r":1,"bm":0,"nm":"Fill 1","mn":"ADBE Vector Graphic - Fill","hd":false},{"ty":"st","c":{"a":0,"k":[0.043137256056,0.337254911661,0.658823549747,1],"ix":3},"o":{"a":0,"k":100,"ix":4},"w":{"a":0,"k":4,"ix":5},"lc":2,"lj":2,"bm":0,"nm":"Stroke 1","mn":"ADBE Vector Graphic - Stroke","hd":false},{"ty":"tr","p":{"a":1,"k":[{"i":{"x":0.833,"y":0.833},"o":{"x":0.167,"y":0.167},"t":15,"s":[811.632,268.471],"to":[0,-0.534],"ti":[0,1.445]},{"i":{"x":0.497,"y":1},"o":{"x":0.167,"y":0.167},"t":26,"s":[811.632,268.797],"to":[0,-2.615],"ti":[0,0.054]},{"t":33,"s":[811.632,268.471]}],"ix":2},"a":{"a":0,"k":[-30.25,12],"ix":1},"s":{"a":0,"k":[100,100],"ix":3},"r":{"a":1,"k":[{"i":{"x":[0.667],"y":[1]},"o":{"x":[0.167],"y":[0.167]},"t":15,"s":[23]},{"t":33,"s":[0]}],"ix":6},"o":{"a":0,"k":100,"ix":7},"sk":{"a":0,"k":0,"ix":4},"sa":{"a":0,"k":0,"ix":5},"nm":"Transform"}],"nm":"Group 8","np":3,"cix":2,"bm":0,"ix":1,"mn":"ADBE Vector Group","hd":false},{"ty":"gr","it":[{"ind":0,"ty":"sh","ix":1,"ks":{"a":0,"k":{"i":[[1.819,0],[0,0],[0,1.819],[0,0],[-1.819,0],[0,0],[0,-1.819],[0,0]],"o":[[0,0],[-1.819,0],[0,0],[0,-1.819],[0,0],[1.819,0],[0,0],[0,1.819]],"v":[[26.706,12.353],[-26.706,12.353],[-30,9.059],[-30,-9.059],[-26.706,-12.353],[26.706,-12.353],[30,-9.059],[30,9.059]],"c":true},"ix":2},"nm":"Path 1","mn":"ADBE Vector Shape - Group","hd":false},{"ty":"fl","c":{"a":0,"k":[0.811737060547,0.894104003906,0.984283447266,1],"ix":4},"o":{"a":0,"k":100,"ix":5},"r":1,"bm":0,"nm":"Fill 1","mn":"ADBE Vector Graphic - Fill","hd":false},{"ty":"st","c":{"a":0,"k":[0.043137256056,0.337254911661,0.658823549747,1],"ix":3},"o":{"a":0,"k":100,"ix":4},"w":{"a":0,"k":4,"ix":5},"lc":2,"lj":2,"bm":0,"nm":"Stroke 1","mn":"ADBE Vector Graphic - Stroke","hd":false},{"ty":"tr","p":{"a":1,"k":[{"i":{"x":0.833,"y":0.833},"o":{"x":0.167,"y":0.167},"t":15,"s":[811.882,268.971],"to":[0,-0.534],"ti":[0,1.445]},{"i":{"x":0.497,"y":1},"o":{"x":0.167,"y":0.167},"t":26,"s":[811.882,269.297],"to":[0,-2.615],"ti":[0,0.054]},{"t":33,"s":[811.882,268.971]}],"ix":2},"a":{"a":0,"k":[-30,12.5],"ix":1},"s":{"a":0,"k":[92,100],"ix":3},"r":{"a":1,"k":[{"i":{"x":[0.667],"y":[1]},"o":{"x":[0.167],"y":[0.167]},"t":15,"s":[22]},{"t":33,"s":[13]}],"ix":6},"o":{"a":0,"k":100,"ix":7},"sk":{"a":0,"k":0,"ix":4},"sa":{"a":0,"k":0,"ix":5},"nm":"Transform"}],"nm":"Group 7","np":3,"cix":2,"bm":0,"ix":2,"mn":"ADBE Vector Group","hd":false},{"ty":"gr","it":[{"ind":0,"ty":"sh","ix":1,"ks":{"a":0,"k":{"i":[[1.819,0],[0,0],[0,1.819],[0,0],[-1.819,0],[0,0],[0,-1.819],[0,0]],"o":[[0,0],[-1.819,0],[0,0],[0,-1.819],[0,0],[1.819,0],[0,0],[0,1.819]],"v":[[26.706,12.353],[-26.706,12.353],[-30,9.059],[-30,-9.059],[-26.706,-12.353],[26.706,-12.353],[30,-9.059],[30,9.059]],"c":true},"ix":2},"nm":"Path 1","mn":"ADBE Vector Shape - Group","hd":false},{"ty":"fl","c":{"a":0,"k":[0.811737060547,0.894104003906,0.984283447266,1],"ix":4},"o":{"a":0,"k":100,"ix":5},"r":1,"bm":0,"nm":"Fill 1","mn":"ADBE Vector Graphic - Fill","hd":false},{"ty":"st","c":{"a":0,"k":[0.043137256056,0.337254911661,0.658823549747,1],"ix":3},"o":{"a":0,"k":100,"ix":4},"w":{"a":0,"k":4,"ix":5},"lc":2,"lj":2,"bm":0,"nm":"Stroke 1","mn":"ADBE Vector Graphic - Stroke","hd":false},{"ty":"tr","p":{"a":1,"k":[{"i":{"x":0.833,"y":0.833},"o":{"x":0.167,"y":0.167},"t":15,"s":[812.132,268.721],"to":[0,-0.534],"ti":[0,1.445]},{"i":{"x":0.497,"y":1},"o":{"x":0.167,"y":0.167},"t":26,"s":[812.132,269.047],"to":[0,-2.615],"ti":[0,0.054]},{"t":33,"s":[812.132,268.721]}],"ix":2},"a":{"a":0,"k":[-29.75,12.25],"ix":1},"s":{"a":0,"k":[81,100],"ix":3},"r":{"a":1,"k":[{"i":{"x":[0.667],"y":[1]},"o":{"x":[0.167],"y":[0.167]},"t":15,"s":[22]},{"t":33,"s":[24]}],"ix":6},"o":{"a":0,"k":100,"ix":7},"sk":{"a":0,"k":0,"ix":4},"sa":{"a":0,"k":0,"ix":5},"nm":"Transform"}],"nm":"Group 6","np":3,"cix":2,"bm":0,"ix":3,"mn":"ADBE Vector Group","hd":false},{"ty":"st","c":{"a":0,"k":[0.043121337891,0.337249755859,0.658813476563,1],"ix":3},"o":{"a":0,"k":100,"ix":4},"w":{"a":0,"k":8,"ix":5},"lc":1,"lj":1,"ml":4,"bm":0,"nm":"Stroke 1","mn":"ADBE Vector Graphic - Stroke","hd":false},{"ty":"tr","p":{"a":0,"k":[841.882,265.861],"ix":2},"a":{"a":0,"k":[841.882,265.861],"ix":1},"s":{"a":0,"k":[100,100],"ix":3},"r":{"a":0,"k":0,"ix":6},"o":{"a":0,"k":100,"ix":7},"sk":{"a":0,"k":0,"ix":4},"sa":{"a":0,"k":0,"ix":5},"nm":"Transform"}],"nm":"Group 1","np":4,"cix":2,"bm":0,"ix":1,"mn":"ADBE Vector Group","hd":false},{"ty":"gr","it":[{"ty":"gr","it":[{"ind":0,"ty":"sh","ix":1,"ks":{"a":0,"k":{"i":[[0,0],[0,-0.258],[0,0],[13.529,0],[0,0],[0,1.119],[0,0],[-0.859,0.006],[0,2.171],[0,0],[-0.258,0]],"o":[[0.258,0],[0,0],[0,8.192],[0,0],[-1.119,0],[0,0],[0,-0.859],[11.938,-0.083],[0,0],[0,-0.258],[0,0]],"v":[[14.473,-12.265],[14.941,-11.797],[14.941,-6.962],[0.941,12.265],[-12.914,12.265],[-14.941,10.238],[-14.941,10.238],[-13.371,8.667],[-2.235,-1.479],[-2.235,-11.797],[-1.767,-12.265]],"c":true},"ix":2},"nm":"Path 1","mn":"ADBE Vector Shape - Group","hd":false},{"ty":"fl","c":{"a":0,"k":[0.811764717102,0.89411765337,0.984313726425,1],"ix":4},"o":{"a":0,"k":100,"ix":5},"r":1,"bm":0,"nm":"Fill 1","mn":"ADBE Vector Graphic - Fill","hd":false},{"ty":"tr","p":{"a":0,"k":[812.588,304.735],"ix":2},"a":{"a":0,"k":[0,0],"ix":1},"s":{"a":0,"k":[100,100],"ix":3},"r":{"a":0,"k":0,"ix":6},"o":{"a":0,"k":100,"ix":7},"sk":{"a":0,"k":0,"ix":4},"sa":{"a":0,"k":0,"ix":5},"nm":"Transform"}],"nm":"Group 1","np":2,"cix":2,"bm":0,"ix":1,"mn":"ADBE Vector Group","hd":false},{"ty":"gr","it":[{"ind":0,"ty":"sh","ix":1,"ks":{"a":0,"k":{"i":[[-8.382,0],[0,0],[0,8.382],[0,0],[8.382,0],[0,0],[0,-8.382],[0,0]],"o":[[0,0],[8.382,0],[0,0],[0,-8.382],[0,0],[-8.382,0],[0,0],[0,8.382]],"v":[[-33.176,34.235],[33.176,34.235],[48.353,19.059],[48.353,-19.059],[33.176,-34.235],[-33.176,-34.235],[-48.353,-19.059],[-48.353,19.059]],"c":true},"ix":2},"nm":"Path 1","mn":"ADBE Vector Shape - Group","hd":false},{"ty":"fl","c":{"a":0,"k":[0.811764717102,0.89411765337,0.984313726425,1],"ix":4},"o":{"a":0,"k":100,"ix":5},"r":1,"bm":0,"nm":"Fill 1","mn":"ADBE Vector Graphic - Fill","hd":false},{"ty":"tr","p":{"a":0,"k":[842,262],"ix":2},"a":{"a":0,"k":[0,0],"ix":1},"s":{"a":0,"k":[100,100],"ix":3},"r":{"a":0,"k":0,"ix":6},"o":{"a":0,"k":100,"ix":7},"sk":{"a":0,"k":0,"ix":4},"sa":{"a":0,"k":0,"ix":5},"nm":"Transform"}],"nm":"Group 2","np":2,"cix":2,"bm":0,"ix":2,"mn":"ADBE Vector Group","hd":false},{"ty":"tr","p":{"a":0,"k":[842,266.9],"ix":2},"a":{"a":0,"k":[842,262],"ix":1},"s":{"a":0,"k":[100,100],"ix":3},"r":{"a":0,"k":0,"ix":6},"o":{"a":0,"k":100,"ix":7},"sk":{"a":0,"k":0,"ix":4},"sa":{"a":0,"k":0,"ix":5},"nm":"Transform"}],"nm":"Bubble 2","np":2,"cix":2,"bm":0,"ix":2,"mn":"ADBE Vector Group","hd":false},{"ty":"tr","p":{"a":1,"k":[{"i":{"x":0.667,"y":1},"o":{"x":0.167,"y":0.167},"t":10,"s":[790,546.382],"to":[8.667,-45.667],"ti":[-8.667,45.667]},{"t":15,"s":[842,272.382]}],"ix":2},"a":{"a":0,"k":[842,272.382],"ix":1},"s":{"a":1,"k":[{"i":{"x":[0.833,0.833],"y":[0.833,0.833]},"o":{"x":[0.167,0.167],"y":[0.167,0.167]},"t":10,"s":[0,0]},{"i":{"x":[0.667,0.667],"y":[1,1]},"o":{"x":[0.167,0.167],"y":[0.167,0.167]},"t":13,"s":[105,105]},{"i":{"x":[0.667,0.667],"y":[1,1]},"o":{"x":[0.167,0.167],"y":[0,0]},"t":17,"s":[100,100]},{"i":{"x":[0.314,0.314],"y":[0.646,0.646]},"o":{"x":[0.333,0.333],"y":[0,0]},"t":43,"s":[100,100]},{"i":{"x":[0.681,0.681],"y":[-0.143,-0.143]},"o":{"x":[0.447,0.447],"y":[-1.142,-1.142]},"t":47.355,"s":[90,90]},{"i":{"x":[0.747,0.747],"y":[0.552,0.552]},"o":{"x":[0.583,0.583],"y":[0.119,0.119]},"t":52.355,"s":[90,90]},{"t":57.35546875,"s":[110,110]}],"ix":3},"r":{"a":0,"k":0,"ix":6},"o":{"a":1,"k":[{"i":{"x":[0.667],"y":[1]},"o":{"x":[0.167],"y":[0.167]},"t":52.355,"s":[100]},{"t":57.35546875,"s":[0]}],"ix":7},"sk":{"a":0,"k":0,"ix":4},"sa":{"a":0,"k":0,"ix":5},"nm":"Transform"}],"nm":"bubble 2","np":2,"cix":2,"bm":0,"ix":2,"mn":"ADBE Vector Group","hd":false},{"ty":"gr","it":[{"ty":"gr","it":[{"ind":0,"ty":"sh","ix":1,"ks":{"a":0,"k":{"i":[[0,0],[-10.353,-10.824],[-2.441,-4.273],[7.324,1.853],[0.718,2.79],[-1.851,2.658],[0,0],[-0.8,-2.772],[0,0],[-0.994,2.347],[0,0],[-0.337,-2.015],[0,0],[-3.316,2.012],[0,0],[3.475,2.744],[0,0],[-0.918,0.315],[0,0]],"o":[[0,0],[5.633,5.889],[0.807,1.413],[-3,-0.441],[-0.638,-4.626],[0,0],[1.648,-2.368],[0,0],[0.706,2.449],[0,0],[0.797,-1.881],[0,0],[0.64,3.825],[0,0],[3.786,-2.297],[0,0],[-0.761,-0.601],[0,0],[0,0]],"v":[[-46.915,-1.231],[-40.65,-20.26],[-28.474,-4.231],[-30.856,4.946],[-37.672,1.429],[-32.113,-10.423],[-29.703,-13.885],[-23.597,-12.876],[-20.647,-2.65],[-15.556,-2.345],[-9.681,-16.209],[-5.786,-15.749],[-4.017,-5.183],[4.238,-1.399],[4.238,-1.399],[4.878,-11.809],[4.878,-11.809],[5.24,-13.93],[19.585,-18.848]],"c":false},"ix":2},"nm":"Path 2","mn":"ADBE Vector Shape - Group","hd":false},{"ty":"tm","s":{"a":1,"k":[{"i":{"x":[0.667],"y":[1]},"o":{"x":[0.167],"y":[0.167]},"t":5,"s":[0]},{"t":15,"s":[100]}],"ix":1},"e":{"a":0,"k":0,"ix":2},"o":{"a":0,"k":0,"ix":3},"m":2,"ix":2,"nm":"Trim Paths 1","mn":"ADBE Vector Filter - Trim","hd":false},{"ty":"st","c":{"a":0,"k":[0.043137256056,0.337254911661,0.658823549747,1],"ix":3},"o":{"a":0,"k":100,"ix":4},"w":{"a":0,"k":5,"ix":5},"lc":2,"lj":2,"bm":0,"nm":"Stroke 1","mn":"ADBE Vector Graphic - Stroke","hd":false},{"ty":"tr","p":{"a":0,"k":[609.827,328.378],"ix":2},"a":{"a":0,"k":[0,0],"ix":1},"s":{"a":0,"k":[100,100],"ix":3},"r":{"a":0,"k":0,"ix":6},"o":{"a":0,"k":100,"ix":7},"sk":{"a":0,"k":0,"ix":4},"sa":{"a":0,"k":0,"ix":5},"nm":"Transform"}],"nm":"Signature 2","np":3,"cix":2,"bm":0,"ix":1,"mn":"ADBE Vector Group","hd":false},{"ty":"gr","it":[{"ind":0,"ty":"sh","ix":1,"ks":{"a":0,"k":{"i":[[0,0],[0,0],[-1.549,-0.501],[0,0],[0.571,-1.066],[34.649,-7.309]],"o":[[0,0],[-0.692,-1.474],[0,0],[1.151,0.372],[-2.365,4.412],[-45.176,9.529]],"v":[[19.585,-9.789],[19.585,-9.789],[21.843,-12.352],[21.843,-12.352],[22.947,-9.595],[-23.18,12.446]],"c":false},"ix":2},"nm":"Path 1","mn":"ADBE Vector Shape - Group","hd":false},{"ty":"tm","s":{"a":1,"k":[{"i":{"x":[0.667],"y":[1]},"o":{"x":[0.167],"y":[0.167]},"t":15,"s":[100]},{"t":20,"s":[0]}],"ix":1},"e":{"a":0,"k":100,"ix":2},"o":{"a":0,"k":0,"ix":3},"m":2,"ix":2,"nm":"Trim Paths 1","mn":"ADBE Vector Filter - Trim","hd":false},{"ty":"st","c":{"a":0,"k":[0.043137256056,0.337254911661,0.658823549747,1],"ix":3},"o":{"a":0,"k":100,"ix":4},"w":{"a":0,"k":5,"ix":5},"lc":2,"lj":2,"bm":0,"nm":"Stroke 1","mn":"ADBE Vector Graphic - Stroke","hd":false},{"ty":"tr","p":{"a":0,"k":[609.827,328.378],"ix":2},"a":{"a":0,"k":[0,0],"ix":1},"s":{"a":0,"k":[100,100],"ix":3},"r":{"a":0,"k":0,"ix":6},"o":{"a":0,"k":100,"ix":7},"sk":{"a":0,"k":0,"ix":4},"sa":{"a":0,"k":0,"ix":5},"nm":"Transform"}],"nm":"Signature","np":3,"cix":2,"bm":0,"ix":2,"mn":"ADBE Vector Group","hd":false},{"ty":"gr","it":[{"ty":"gr","it":[{"ind":0,"ty":"sh","ix":1,"ks":{"a":0,"k":{"i":[[0,0],[0,-0.258],[0,0],[-13.529,0],[0,0],[0,1.119],[0,0],[0.859,0.006],[0,2.171],[0,0],[0.258,0]],"o":[[-0.258,0],[0,0],[0,8.192],[0,0],[1.119,0],[0,0],[0,-0.859],[-11.938,-0.083],[0,0],[0,-0.258],[0,0]],"v":[[-14.473,-12.265],[-14.941,-11.797],[-14.941,-6.962],[-0.941,12.265],[12.914,12.265],[14.941,10.238],[14.941,10.238],[13.371,8.667],[2.235,-1.479],[2.235,-11.797],[1.767,-12.265]],"c":true},"ix":2},"nm":"Path 1","mn":"ADBE Vector Shape - Group","hd":false},{"ty":"fl","c":{"a":0,"k":[0.811764717102,0.89411765337,0.984313726425,1],"ix":4},"o":{"a":0,"k":100,"ix":5},"r":1,"bm":0,"nm":"Fill 1","mn":"ADBE Vector Graphic - Fill","hd":false},{"ty":"tr","p":{"a":0,"k":[627.412,364.735],"ix":2},"a":{"a":0,"k":[0,0],"ix":1},"s":{"a":0,"k":[100,100],"ix":3},"r":{"a":0,"k":0,"ix":6},"o":{"a":0,"k":100,"ix":7},"sk":{"a":0,"k":0,"ix":4},"sa":{"a":0,"k":0,"ix":5},"nm":"Transform"}],"nm":"Group 1","np":2,"cix":2,"bm":0,"ix":1,"mn":"ADBE Vector Group","hd":false},{"ty":"gr","it":[{"ind":0,"ty":"sh","ix":1,"ks":{"a":0,"k":{"i":[[8.382,0],[0,0],[0,8.382],[0,0],[-8.382,0],[0,0],[0,-8.382],[0,0]],"o":[[0,0],[-8.382,0],[0,0],[0,-8.382],[0,0],[8.382,0],[0,0],[0,8.382]],"v":[[33.176,34.235],[-33.176,34.235],[-48.353,19.059],[-48.353,-19.059],[-33.176,-34.235],[33.176,-34.235],[48.353,-19.059],[48.353,19.059]],"c":true},"ix":2},"nm":"Path 1","mn":"ADBE Vector Shape - Group","hd":false},{"ty":"fl","c":{"a":0,"k":[0.811764717102,0.89411765337,0.984313726425,1],"ix":4},"o":{"a":0,"k":100,"ix":5},"r":1,"bm":0,"nm":"Fill 1","mn":"ADBE Vector Graphic - Fill","hd":false},{"ty":"tr","p":{"a":0,"k":[598,322],"ix":2},"a":{"a":0,"k":[0,0],"ix":1},"s":{"a":0,"k":[100,100],"ix":3},"r":{"a":0,"k":0,"ix":6},"o":{"a":0,"k":100,"ix":7},"sk":{"a":0,"k":0,"ix":4},"sa":{"a":0,"k":0,"ix":5},"nm":"Transform"}],"nm":"Group 2","np":2,"cix":2,"bm":0,"ix":2,"mn":"ADBE Vector Group","hd":false},{"ty":"tr","p":{"a":0,"k":[598,322],"ix":2},"a":{"a":0,"k":[598,322],"ix":1},"s":{"a":0,"k":[100,100],"ix":3},"r":{"a":0,"k":0,"ix":6},"o":{"a":0,"k":100,"ix":7},"sk":{"a":0,"k":0,"ix":4},"sa":{"a":0,"k":0,"ix":5},"nm":"Transform"}],"nm":"Bubble 1","np":2,"cix":2,"bm":0,"ix":3,"mn":"ADBE Vector Group","hd":false},{"ty":"tr","p":{"a":1,"k":[{"i":{"x":0.667,"y":1},"o":{"x":0.167,"y":0.167},"t":0,"s":[694,555.382],"to":[-16,-37.167],"ti":[16,37.167]},{"t":5,"s":[598,332.382]}],"ix":2},"a":{"a":0,"k":[598,332.382],"ix":1},"s":{"a":1,"k":[{"i":{"x":[0.833,0.833],"y":[0.833,0.833]},"o":{"x":[0.167,0.167],"y":[0.167,0.167]},"t":0,"s":[0,0]},{"i":{"x":[0.667,0.667],"y":[1,1]},"o":{"x":[0.167,0.167],"y":[0.167,0.167]},"t":3,"s":[105,105]},{"i":{"x":[0.667,0.667],"y":[1,1]},"o":{"x":[0.333,0.333],"y":[0,0]},"t":7,"s":[100,100]},{"i":{"x":[0.314,0.314],"y":[0.646,0.646]},"o":{"x":[0.333,0.333],"y":[0,0]},"t":40.645,"s":[100,100]},{"i":{"x":[0.681,0.681],"y":[-0.143,-0.143]},"o":{"x":[0.447,0.447],"y":[-1.142,-1.142]},"t":45,"s":[90,90]},{"i":{"x":[0.747,0.747],"y":[0.552,0.552]},"o":{"x":[0.583,0.583],"y":[0.119,0.119]},"t":50,"s":[90,90]},{"t":55,"s":[110,110]}],"ix":3},"r":{"a":0,"k":0,"ix":6},"o":{"a":1,"k":[{"i":{"x":[0.667],"y":[1]},"o":{"x":[0.167],"y":[0.167]},"t":50,"s":[100]},{"t":55,"s":[0]}],"ix":7},"sk":{"a":0,"k":0,"ix":4},"sa":{"a":0,"k":0,"ix":5},"nm":"Transform"}],"nm":"Bubble 1","np":3,"cix":2,"bm":0,"ix":3,"mn":"ADBE Vector Group","hd":false}],"ip":0,"op":67,"st":0,"bm":0},{"ddd":0,"ind":2,"ty":4,"nm":"Wire","sr":1,"ks":{"o":{"a":0,"k":100,"ix":11},"r":{"a":0,"k":0,"ix":10},"p":{"a":0,"k":[799.728,819.545,0],"ix":2},"a":{"a":0,"k":[799.728,819.545,0],"ix":1},"s":{"a":0,"k":[100,100,100],"ix":6}},"ao":0,"shapes":[{"ty":"gr","it":[{"ind":0,"ty":"sh","ix":1,"ks":{"a":1,"k":[{"i":{"x":0.833,"y":0.833},"o":{"x":0.167,"y":0.167},"t":0,"s":[{"i":[[0,0],[0,0],[0,-10.916],[0,0],[-13.343,-13.343],[0,0],[-28.29,23.132],[0,0],[0,21.347],[0,0],[-6.887,0],[0,0],[0,8.837],[0,0]],"o":[[0,0],[10.916,0],[0,0],[0,18.869],[0,0],[25.84,25.84],[0,0],[16.526,-13.513],[0,0],[0,-6.887],[0,0],[8.837,0],[0,0],[0,0]],"v":[[-176,-54.074],[-142.353,-54.074],[-122.588,-34.309],[-122.588,31.338],[-101.75,81.647],[-101.75,81.647],[-6.405,86.418],[-2.347,83.1],[23.765,28.02],[23.765,-36.368],[36.235,-48.839],[160,-48.839],[176,-64.839],[176,-102.486]],"c":false}]},{"i":{"x":0.833,"y":0.833},"o":{"x":0.167,"y":0.167},"t":5,"s":[{"i":[[0,0],[0,0],[0,-10.916],[0,0],[-13.343,-13.343],[0,0],[-28.29,23.132],[0,0],[0,21.347],[0,0],[-6.887,0],[0,0],[0,8.837],[0,0]],"o":[[0,0],[10.916,0],[0,0],[0,18.869],[0,0],[25.84,25.84],[0,0],[16.526,-13.513],[0,0],[0,-6.887],[0,0],[8.837,0],[0,0],[0,0]],"v":[[-158.5,-54.074],[-140.353,-54.074],[-120.588,-34.309],[-120.588,31.338],[-99.75,81.647],[-99.75,81.647],[-4.405,86.418],[-0.347,83.1],[25.765,28.02],[25.765,-36.368],[38.235,-48.839],[160,-48.839],[176,-64.839],[176,-102.486]],"c":false}]},{"i":{"x":0.833,"y":0.833},"o":{"x":0.167,"y":0.167},"t":10,"s":[{"i":[[0,0],[0,0],[0,-10.916],[0,0],[-13.343,-13.343],[0,0],[-28.29,23.132],[0,0],[0,21.347],[0,0],[-6.887,0],[0,0],[0,8.837],[0,0]],"o":[[0,0],[10.916,0],[0,0],[0,18.869],[0,0],[25.84,25.84],[0,0],[16.526,-13.513],[0,0],[0,-6.887],[0,0],[8.837,0],[0,0],[0,0]],"v":[[-141,-54.074],[-127.353,-54.074],[-107.588,-34.309],[-107.588,31.338],[-86.75,81.647],[-86.75,81.647],[8.595,86.418],[12.653,83.1],[38.765,28.02],[38.765,-36.368],[51.235,-48.839],[160,-48.839],[176,-64.839],[176,-102.486]],"c":false}]},{"i":{"x":0.833,"y":0.833},"o":{"x":0.167,"y":0.167},"t":20,"s":[{"i":[[0,0],[0,0],[0,-10.916],[0,0],[-13.343,-13.343],[0,0],[-28.29,23.132],[0,0],[0,21.347],[0,0],[-6.887,0],[0,0],[0,8.837],[0,0]],"o":[[0,0],[10.916,0],[0,0],[0,18.87],[0,0],[25.84,25.84],[0,0],[16.526,-13.513],[0,0],[0,-6.887],[0,0],[8.837,0],[0,0],[0,0]],"v":[[-141,-54.074],[-127.353,-54.074],[-107.588,-34.309],[-107.588,31.338],[-86.75,81.647],[-86.75,81.647],[8.595,86.418],[12.653,83.1],[38.765,28.02],[38.765,-36.368],[51.235,-48.839],[160,-48.839],[176,-64.839],[176,-102.486]],"c":false}]},{"i":{"x":0.833,"y":0.833},"o":{"x":0.167,"y":0.167},"t":25,"s":[{"i":[[0,0],[0,0],[0,-10.916],[0,0],[-13.343,-13.343],[0,0],[-28.29,23.132],[0,0],[0,21.347],[0,0],[-6.887,0],[0,0],[0,8.837],[0,0]],"o":[[0,0],[10.916,0],[0,0],[0,18.87],[0,0],[25.84,25.84],[0,0],[16.526,-13.513],[0,0],[0,-6.887],[0,0],[8.837,0],[0,0],[0,0]],"v":[[-148.5,-54.074],[-134.853,-54.074],[-115.088,-34.309],[-115.088,31.338],[-94.25,81.647],[-94.25,81.647],[1.095,86.418],[5.153,83.1],[31.265,28.02],[31.265,-36.368],[43.735,-48.839],[160,-48.839],[176,-64.839],[176,-102.486]],"c":false}]},{"i":{"x":0.833,"y":0.833},"o":{"x":0.167,"y":0.167},"t":35,"s":[{"i":[[0,0],[0,0],[0,-10.916],[0,0],[-13.343,-13.343],[0,0],[-28.29,23.132],[0,0],[0,21.347],[0,0],[-6.887,0],[0,0],[0,8.837],[0,0]],"o":[[0,0],[10.916,0],[0,0],[0,18.87],[0,0],[25.84,25.84],[0,0],[16.526,-13.513],[0,0],[0,-6.887],[0,0],[8.837,0],[0,0],[0,0]],"v":[[-148.5,-54.074],[-134.853,-54.074],[-115.088,-34.309],[-115.088,31.338],[-94.25,81.647],[-94.25,81.647],[1.095,86.418],[5.153,83.1],[31.265,28.02],[31.265,-36.368],[43.735,-48.839],[160,-48.839],[176,-64.839],[176,-102.486]],"c":false}]},{"i":{"x":0.833,"y":0.833},"o":{"x":0.167,"y":0.167},"t":40,"s":[{"i":[[0,0],[0,0],[0,-10.916],[0,0],[-13.343,-13.343],[0,0],[-28.29,23.132],[0,0],[0,21.347],[0,0],[-6.887,0],[0,0],[0,8.837],[0,0]],"o":[[0,0],[10.916,0],[0,0],[0,18.87],[0,0],[25.84,25.84],[0,0],[16.526,-13.513],[0,0],[0,-6.887],[0,0],[8.837,0],[0,0],[0,0]],"v":[[-141,-54.074],[-127.353,-54.074],[-107.588,-34.309],[-107.588,31.338],[-86.75,81.647],[-86.75,81.647],[8.595,86.418],[12.653,83.1],[38.765,28.02],[38.765,-36.368],[51.235,-48.839],[160,-48.839],[176,-64.839],[176,-102.486]],"c":false}]},{"i":{"x":0.833,"y":0.833},"o":{"x":0.167,"y":0.167},"t":50,"s":[{"i":[[0,0],[0,0],[0,-10.916],[0,0],[-13.343,-13.343],[0,0],[-28.29,23.132],[0,0],[0,21.347],[0,0],[-6.887,0],[0,0],[0,8.837],[0,0]],"o":[[0,0],[10.916,0],[0,0],[0,18.87],[0,0],[25.84,25.84],[0,0],[16.526,-13.513],[0,0],[0,-6.887],[0,0],[8.837,0],[0,0],[0,0]],"v":[[-141,-54.074],[-127.353,-54.074],[-107.588,-34.309],[-107.588,31.338],[-86.75,81.647],[-86.75,81.647],[8.595,86.418],[12.653,83.1],[38.765,28.02],[38.765,-36.368],[51.235,-48.839],[160,-48.839],[176,-64.839],[176,-102.486]],"c":false}]},{"t":60,"s":[{"i":[[0,0],[0,0],[0,-10.916],[0,0],[-13.343,-13.343],[0,0],[-28.29,23.132],[0,0],[0,21.347],[0,0],[-6.887,0],[0,0],[0,8.837],[0,0]],"o":[[0,0],[10.916,0],[0,0],[0,18.87],[0,0],[25.84,25.84],[0,0],[16.526,-13.513],[0,0],[0,-6.887],[0,0],[8.837,0],[0,0],[0,0]],"v":[[-176,-54.074],[-142.353,-54.074],[-122.588,-34.309],[-122.588,31.338],[-101.75,81.647],[-101.75,81.647],[-6.405,86.418],[-2.347,83.1],[23.765,28.02],[23.765,-36.368],[36.235,-48.839],[160,-48.839],[176,-64.839],[176,-102.486]],"c":false}]}],"ix":2},"nm":"Path 1","mn":"ADBE Vector Shape - Group","hd":false},{"ty":"st","c":{"a":0,"k":[0.529411792755,0.737254917622,0.964705884457,1],"ix":3},"o":{"a":0,"k":100,"ix":4},"w":{"a":0,"k":7,"ix":5},"lc":2,"lj":2,"bm":0,"nm":"Stroke 1","mn":"ADBE Vector Graphic - Stroke","hd":false},{"ty":"tr","p":{"a":0,"k":[794.824,825.309],"ix":2},"a":{"a":0,"k":[0,0],"ix":1},"s":{"a":0,"k":[100,100],"ix":3},"r":{"a":0,"k":0,"ix":6},"o":{"a":0,"k":100,"ix":7},"sk":{"a":0,"k":0,"ix":4},"sa":{"a":0,"k":0,"ix":5},"nm":"Transform"}],"nm":"Group 1","np":2,"cix":2,"bm":0,"ix":1,"mn":"ADBE Vector Group","hd":false},{"ty":"gr","it":[{"ind":0,"ty":"sh","ix":1,"ks":{"a":0,"k":{"i":[[0,-5.559],[5.559,0],[0,5.559],[-5.559,0]],"o":[[0,5.559],[-5.559,0],[0,-5.559],[5.559,0]],"v":[[10.066,0],[0,10.066],[-10.066,0],[0,-10.066]],"c":true},"ix":2},"nm":"Path 1","mn":"ADBE Vector Shape - Group","hd":false},{"ty":"fl","c":{"a":0,"k":[0.341176480055,0.635294139385,0.949019610882,1],"ix":4},"o":{"a":0,"k":100,"ix":5},"r":1,"bm":0,"nm":"Fill 1","mn":"ADBE Vector Graphic - Fill","hd":false},{"ty":"tr","p":{"a":0,"k":[970.566,721.36],"ix":2},"a":{"a":0,"k":[0,0],"ix":1},"s":{"a":0,"k":[100,100],"ix":3},"r":{"a":0,"k":0,"ix":6},"o":{"a":0,"k":100,"ix":7},"sk":{"a":0,"k":0,"ix":4},"sa":{"a":0,"k":0,"ix":5},"nm":"Transform"}],"nm":"Group 2","np":2,"cix":2,"bm":0,"ix":2,"mn":"ADBE Vector Group","hd":false}],"ip":0,"op":67,"st":0,"bm":0},{"ddd":0,"ind":3,"ty":4,"nm":"Desk","sr":1,"ks":{"o":{"a":0,"k":100,"ix":11},"r":{"a":0,"k":0,"ix":10},"p":{"a":0,"k":[616.5,777.548,0],"ix":2},"a":{"a":0,"k":[616.5,777.548,0],"ix":1},"s":{"a":0,"k":[100,100,100],"ix":6}},"ao":0,"shapes":[{"ty":"gr","it":[{"ind":0,"ty":"sh","ix":1,"ks":{"a":1,"k":[{"i":{"x":0.833,"y":0.833},"o":{"x":0.167,"y":0.167},"t":0,"s":[{"i":[[0,0],[0,0],[0,0],[0,0]],"o":[[0,0],[0,0],[0,0],[0,0]],"v":[[1.118,-66.235],[-28.529,10.471],[28.529,31.176],[10.859,66.235]],"c":false}]},{"i":{"x":0.833,"y":0.833},"o":{"x":0.167,"y":0.167},"t":10,"s":[{"i":[[0,0],[0,0],[0,0],[0,0]],"o":[[0,0],[0,0],[0,0],[0,0]],"v":[[4.491,-71.015],[5.561,17.423],[65.834,24.612],[56.598,62.771]],"c":false}]},{"i":{"x":0.833,"y":0.833},"o":{"x":0.167,"y":0.167},"t":20,"s":[{"i":[[0,0],[0,0],[0,0],[0,0]],"o":[[0,0],[0,0],[0,0],[0,0]],"v":[[4.491,-71.015],[5.561,17.423],[65.834,24.612],[56.598,62.771]],"c":false}]},{"i":{"x":0.833,"y":0.833},"o":{"x":0.167,"y":0.167},"t":25,"s":[{"i":[[0,0],[0,0],[0,0],[0,0]],"o":[[0,0],[0,0],[0,0],[0,0]],"v":[[3.602,-69.502],[-1.144,18.815],[58.525,29.952],[46.8,67.42]],"c":false}]},{"i":{"x":0.833,"y":0.833},"o":{"x":0.167,"y":0.167},"t":35,"s":[{"i":[[0,0],[0,0],[0,0],[0,0]],"o":[[0,0],[0,0],[0,0],[0,0]],"v":[[3.602,-69.502],[-1.144,18.815],[58.525,29.952],[46.8,67.42]],"c":false}]},{"i":{"x":0.833,"y":0.833},"o":{"x":0.167,"y":0.167},"t":40,"s":[{"i":[[0,0],[0,0],[0,0],[0,0]],"o":[[0,0],[0,0],[0,0],[0,0]],"v":[[4.491,-71.015],[5.561,17.423],[65.834,24.612],[56.598,62.771]],"c":false}]},{"i":{"x":0.833,"y":0.833},"o":{"x":0.167,"y":0.167},"t":50,"s":[{"i":[[0,0],[0,0],[0,0],[0,0]],"o":[[0,0],[0,0],[0,0],[0,0]],"v":[[4.491,-71.015],[5.561,17.423],[65.834,24.612],[56.598,62.771]],"c":false}]},{"t":60,"s":[{"i":[[0,0],[0,0],[0,0],[0,0]],"o":[[0,0],[0,0],[0,0],[0,0]],"v":[[1.118,-66.235],[-28.529,10.471],[28.529,31.176],[10.859,66.235]],"c":false}]}],"ix":2},"nm":"Path 1","mn":"ADBE Vector Shape - Group","hd":false},{"ty":"st","c":{"a":0,"k":[0.137254908681,0.521568655968,0,1],"ix":3},"o":{"a":0,"k":100,"ix":4},"w":{"a":0,"k":5,"ix":5},"lc":2,"lj":2,"bm":0,"nm":"Stroke 1","mn":"ADBE Vector Graphic - Stroke","hd":false},{"ty":"tr","p":{"a":0,"k":[493.941,697.765],"ix":2},"a":{"a":0,"k":[0,0],"ix":1},"s":{"a":0,"k":[100,100],"ix":3},"r":{"a":0,"k":0,"ix":6},"o":{"a":0,"k":100,"ix":7},"sk":{"a":0,"k":0,"ix":4},"sa":{"a":0,"k":0,"ix":5},"nm":"Transform"}],"nm":"Arm Line","np":2,"cix":2,"bm":0,"ix":1,"mn":"ADBE Vector Group","hd":false},{"ty":"gr","it":[{"ind":0,"ty":"sh","ix":1,"ks":{"a":1,"k":[{"i":{"x":0.833,"y":0.833},"o":{"x":0.167,"y":0.167},"t":0,"s":[{"i":[[2.263,-8.704],[0,0],[-11.31,-4.092],[0,0],[0,0],[0,0],[-2.278,6.312],[0,0],[9.455,2.075],[0,0]],"o":[[0,0],[-3.612,11.473],[0,0],[0,0],[0,0],[-6.407,-1.995],[0,0],[2.699,-9.296],[0,0],[-8.784,-1.928]],"v":[[-16.115,-72.03],[-48.66,31.342],[-34.888,59.188],[35.231,84.558],[49.701,44.499],[2.518,29.807],[-5.06,14.563],[22.479,-61.765],[9.995,-82.777],[3.669,-84.166]],"c":true}]},{"i":{"x":0.833,"y":0.833},"o":{"x":0.167,"y":0.167},"t":10,"s":[{"i":[[0.224,-8.991],[0,0],[-11.944,-1.413],[0,0],[0,0],[0,0],[-0.783,6.665],[0,0],[9.679,-0.129],[0,0]],"o":[[0,0],[-0.909,11.993],[0,0],[0,0],[0,0],[-6.693,-0.486],[0,0],[0.515,-9.666],[0,0],[-8.993,0.12]],"v":[[-16.083,-67.576],[-11.771,47.488],[7.972,71.473],[82.023,80.235],[87.006,37.935],[37.717,34.356],[26.871,21.234],[23.834,-66.356],[6.9,-83.979],[0.423,-83.893]],"c":true}]},{"i":{"x":0.833,"y":0.833},"o":{"x":0.167,"y":0.167},"t":20,"s":[{"i":[[0.224,-8.991],[0,0],[-11.944,-1.413],[0,0],[0,0],[0,0],[-0.783,6.665],[0,0],[9.679,-0.129],[0,0]],"o":[[0,0],[-0.909,11.993],[0,0],[0,0],[0,0],[-6.693,-0.486],[0,0],[0.515,-9.666],[0,0],[-8.993,0.12]],"v":[[-16.083,-67.576],[-11.771,47.488],[7.972,71.473],[82.023,80.235],[87.006,37.935],[37.717,34.356],[26.871,21.234],[23.834,-66.356],[6.9,-83.979],[0.423,-83.893]],"c":true}]},{"i":{"x":0.833,"y":0.833},"o":{"x":0.167,"y":0.167},"t":25,"s":[{"i":[[0.815,-8.956],[0,0],[-11.826,-2.196],[0,0],[0,0],[0,0],[-1.219,6.599],[0,0],[9.667,0.508],[0,0]],"o":[[0,0],[-1.695,11.908],[0,0],[0,0],[0,0],[-6.647,-0.925],[0,0],[1.149,-9.612],[0,0],[-8.981,-0.472]],"v":[[-16.232,-68.787],[-19.494,46.313],[-1.371,71.543],[71.943,85.155],[79.697,43.274],[30.75,36.463],[20.791,22.656],[23.518,-64.944],[7.78,-83.643],[1.312,-83.982]],"c":true}]},{"i":{"x":0.833,"y":0.833},"o":{"x":0.167,"y":0.167},"t":35,"s":[{"i":[[0.815,-8.956],[0,0],[-11.826,-2.196],[0,0],[0,0],[0,0],[-1.219,6.599],[0,0],[9.667,0.508],[0,0]],"o":[[0,0],[-1.695,11.908],[0,0],[0,0],[0,0],[-6.647,-0.925],[0,0],[1.149,-9.612],[0,0],[-8.981,-0.472]],"v":[[-16.232,-68.787],[-19.494,46.313],[-1.371,71.543],[71.943,85.155],[79.697,43.274],[30.75,36.463],[20.791,22.656],[23.518,-64.944],[7.78,-83.643],[1.312,-83.982]],"c":true}]},{"i":{"x":0.833,"y":0.833},"o":{"x":0.167,"y":0.167},"t":40,"s":[{"i":[[0.224,-8.991],[0,0],[-11.944,-1.413],[0,0],[0,0],[0,0],[-0.783,6.665],[0,0],[9.679,-0.129],[0,0]],"o":[[0,0],[-0.909,11.993],[0,0],[0,0],[0,0],[-6.693,-0.486],[0,0],[0.515,-9.666],[0,0],[-8.993,0.12]],"v":[[-16.083,-67.576],[-11.771,47.488],[7.972,71.473],[82.023,80.235],[87.006,37.935],[37.717,34.356],[26.871,21.234],[23.834,-66.356],[6.9,-83.979],[0.423,-83.893]],"c":true}]},{"i":{"x":0.833,"y":0.833},"o":{"x":0.167,"y":0.167},"t":50,"s":[{"i":[[0.224,-8.991],[0,0],[-11.944,-1.413],[0,0],[0,0],[0,0],[-0.783,6.665],[0,0],[9.679,-0.129],[0,0]],"o":[[0,0],[-0.909,11.993],[0,0],[0,0],[0,0],[-6.693,-0.486],[0,0],[0.515,-9.666],[0,0],[-8.993,0.12]],"v":[[-16.083,-67.576],[-11.771,47.488],[7.972,71.473],[82.023,80.235],[87.006,37.935],[37.717,34.356],[26.871,21.234],[23.834,-66.356],[6.9,-83.979],[0.423,-83.893]],"c":true}]},{"t":60,"s":[{"i":[[2.263,-8.704],[0,0],[-11.31,-4.092],[0,0],[0,0],[0,0],[-2.278,6.312],[0,0],[9.455,2.075],[0,0]],"o":[[0,0],[-3.612,11.473],[0,0],[0,0],[0,0],[-6.407,-1.995],[0,0],[2.699,-9.296],[0,0],[-8.784,-1.928]],"v":[[-16.115,-72.03],[-48.66,31.342],[-34.888,59.188],[35.231,84.558],[49.701,44.499],[2.518,29.807],[-5.06,14.563],[22.479,-61.765],[9.995,-82.777],[3.669,-84.166]],"c":true}]}],"ix":2},"nm":"Path 1","mn":"ADBE Vector Shape - Group","hd":false},{"ty":"fl","c":{"a":0,"k":[0.454901963472,0.874509811401,0.298039227724,1],"ix":4},"o":{"a":0,"k":100,"ix":5},"r":1,"bm":0,"nm":"Fill 1","mn":"ADBE Vector Graphic - Fill","hd":false},{"ty":"tr","p":{"a":0,"k":[472.769,684.442],"ix":2},"a":{"a":0,"k":[0,0],"ix":1},"s":{"a":0,"k":[100,100],"ix":3},"r":{"a":0,"k":0,"ix":6},"o":{"a":0,"k":100,"ix":7},"sk":{"a":0,"k":0,"ix":4},"sa":{"a":0,"k":0,"ix":5},"nm":"Transform"}],"nm":"Arm","np":2,"cix":2,"bm":0,"ix":2,"mn":"ADBE Vector Group","hd":false},{"ty":"gr","it":[{"ty":"gr","it":[{"ind":0,"ty":"sh","ix":1,"ks":{"a":1,"k":[{"i":{"x":0.6,"y":1},"o":{"x":0.167,"y":0.167},"t":10,"s":[{"i":[[-10.228,-14.73],[13.336,-9.26],[-14.731,10.228]],"o":[[-19.714,13.688],[-10.228,-14.73],[14.73,-10.228]],"v":[[29.573,-11.542],[-23.771,25.496],[-15.618,-19.695]],"c":true}]},{"i":{"x":0.833,"y":0.833},"o":{"x":0.4,"y":0},"t":20,"s":[{"i":[[-3.214,-17.643],[15.972,-2.91],[-17.643,3.215]],"o":[[-23.611,4.302],[-3.215,-17.643],[17.643,-3.215]],"v":[[43.73,6.875],[-20.16,18.516],[5.965,-19.249]],"c":true}]},{"i":{"x":0.6,"y":1},"o":{"x":0.167,"y":0.167},"t":40,"s":[{"i":[[-3.214,-17.643],[15.972,-2.91],[-17.643,3.215]],"o":[[-23.611,4.302],[-3.215,-17.643],[17.643,-3.215]],"v":[[43.73,6.875],[-20.16,18.516],[5.965,-19.249]],"c":true}]},{"t":50,"s":[{"i":[[-10.228,-14.73],[13.336,-9.26],[-14.731,10.228]],"o":[[-19.714,13.688],[-10.228,-14.73],[14.73,-10.228]],"v":[[29.573,-11.542],[-23.771,25.496],[-15.618,-19.695]],"c":true}]}],"ix":2},"nm":"Path 1","mn":"ADBE Vector Shape - Group","hd":false},{"ty":"fl","c":{"a":0,"k":[0.878431379795,0.745098054409,0.372549027205,1],"ix":4},"o":{"a":0,"k":100,"ix":5},"r":1,"bm":0,"nm":"Fill 1","mn":"ADBE Vector Graphic - Fill","hd":false},{"ty":"tr","p":{"a":0,"k":[573.573,529.142],"ix":2},"a":{"a":0,"k":[0,0],"ix":1},"s":{"a":0,"k":[100,100],"ix":3},"r":{"a":0,"k":0,"ix":6},"o":{"a":0,"k":100,"ix":7},"sk":{"a":0,"k":0,"ix":4},"sa":{"a":0,"k":0,"ix":5},"nm":"Transform"}],"nm":"Group 4","np":2,"cix":2,"bm":0,"ix":1,"mn":"ADBE Vector Group","hd":false},{"ty":"gr","it":[{"ind":0,"ty":"sh","ix":1,"ks":{"a":1,"k":[{"i":{"x":0.6,"y":1},"o":{"x":0.167,"y":0.167},"t":10,"s":[{"i":[[0,-17.933],[17.933,0],[0,17.933],[-17.933,0]],"o":[[0,17.933],[-17.933,0],[0,-17.933],[17.933,0]],"v":[[32.471,0],[0,32.471],[-32.471,0],[0,-32.471]],"c":true}]},{"i":{"x":0.833,"y":0.833},"o":{"x":0.4,"y":0},"t":20,"s":[{"i":[[7.422,-16.325],[16.325,7.422],[-7.422,16.325],[-16.325,-7.422]],"o":[[-7.422,16.325],[-16.325,-7.422],[7.422,-16.325],[16.325,7.422]],"v":[[38.445,19.156],[-4.552,35.277],[-20.674,-7.721],[22.324,-23.842]],"c":true}]},{"i":{"x":0.6,"y":1},"o":{"x":0.167,"y":0.167},"t":40,"s":[{"i":[[7.422,-16.325],[16.325,7.422],[-7.422,16.325],[-16.325,-7.422]],"o":[[-7.422,16.325],[-16.325,-7.422],[7.422,-16.325],[16.325,7.422]],"v":[[38.445,19.156],[-4.552,35.277],[-20.674,-7.721],[22.324,-23.842]],"c":true}]},{"t":50,"s":[{"i":[[0,-17.933],[17.933,0],[0,17.933],[-17.933,0]],"o":[[0,17.933],[-17.933,0],[0,-17.933],[17.933,0]],"v":[[32.471,0],[0,32.471],[-32.471,0],[0,-32.471]],"c":true}]}],"ix":2},"nm":"Path 1","mn":"ADBE Vector Shape - Group","hd":false},{"ty":"fl","c":{"a":0,"k":[0.698039233685,0.54509806633,0.403921574354,1],"ix":4},"o":{"a":0,"k":100,"ix":5},"r":1,"bm":0,"nm":"Fill 1","mn":"ADBE Vector Graphic - Fill","hd":false},{"ty":"tr","p":{"a":0,"k":[576.471,536.116],"ix":2},"a":{"a":0,"k":[0,0],"ix":1},"s":{"a":0,"k":[100,100],"ix":3},"r":{"a":0,"k":0,"ix":6},"o":{"a":0,"k":100,"ix":7},"sk":{"a":0,"k":0,"ix":4},"sa":{"a":0,"k":0,"ix":5},"nm":"Transform"}],"nm":"Group 5","np":2,"cix":2,"bm":0,"ix":2,"mn":"ADBE Vector Group","hd":false},{"ty":"tr","p":{"a":0,"k":[576.471,536.116],"ix":2},"a":{"a":0,"k":[576.471,536.116],"ix":1},"s":{"a":0,"k":[100,100],"ix":3},"r":{"a":0,"k":0,"ix":6},"o":{"a":0,"k":100,"ix":7},"sk":{"a":0,"k":0,"ix":4},"sa":{"a":0,"k":0,"ix":5},"nm":"Transform"}],"nm":"Head","np":2,"cix":2,"bm":0,"ix":3,"mn":"ADBE Vector Group","hd":false},{"ty":"gr","it":[{"ty":"gr","it":[{"ind":0,"ty":"sh","ix":1,"ks":{"a":0,"k":{"i":[[0,0],[0,0],[-3.311,-2.897],[0,0],[4.121,-1.831],[0,0],[1.806,1.806],[0,0],[3.613,-0.57],[0,0],[14.118,0],[9.882,0],[1.861,4.182],[2.558,0.371],[0,0]],"o":[[0,0],[4.38,-0.407],[0,0],[3.394,2.969],[0,0],[-2.334,1.038],[0,0],[-2.586,-2.586],[0,0],[0,0],[-14.118,0],[-6.546,0],[-1.051,-2.361],[0,0],[0,0]],"v":[[-48.713,-20.285],[29.604,-21.529],[41.649,-17.63],[55.544,-5.472],[53.986,4.817],[53.986,4.817],[47.113,3.541],[41.522,-2.05],[31.655,-5.259],[28.464,-4.755],[16.229,21.598],[-4.83,21.598],[-17.099,11.221],[-22.896,6.839],[-57.654,3.245]],"c":true},"ix":2},"nm":"Path 1","mn":"ADBE Vector Shape - Group","hd":false},{"ty":"fl","c":{"a":0,"k":[0.949019610882,0.792156875134,0.686274528503,1],"ix":4},"o":{"a":0,"k":100,"ix":5},"r":1,"bm":0,"nm":"Fill 1","mn":"ADBE Vector Graphic - Fill","hd":false},{"ty":"tr","p":{"a":0,"k":[568.242,754.873],"ix":2},"a":{"a":0,"k":[0,0],"ix":1},"s":{"a":0,"k":[100,100],"ix":3},"r":{"a":0,"k":0,"ix":6},"o":{"a":0,"k":100,"ix":7},"sk":{"a":0,"k":0,"ix":4},"sa":{"a":0,"k":0,"ix":5},"nm":"Transform"}],"nm":"Hand","np":2,"cix":2,"bm":0,"ix":1,"mn":"ADBE Vector Group","hd":false},{"ty":"gr","it":[{"ind":0,"ty":"sh","ix":1,"ks":{"a":0,"k":{"i":[[-18.327,0],[0,0],[0,-18.326],[0,0],[0,0],[0,0]],"o":[[0,0],[18.327,0],[0,0],[0,0],[0,0],[0,-18.326]],"v":[[-2.588,-18.353],[2.588,-18.353],[35.771,14.83],[35.771,18.353],[-35.771,18.353],[-35.771,14.83]],"c":true},"ix":2},"nm":"Path 1","mn":"ADBE Vector Shape - Group","hd":false},{"ty":"fl","c":{"a":0,"k":[0.137254908681,0.521568655968,0,1],"ix":4},"o":{"a":0,"k":100,"ix":5},"r":1,"bm":0,"nm":"Fill 1","mn":"ADBE Vector Graphic - Fill","hd":false},{"ty":"tr","p":{"a":0,"k":[590.124,758.118],"ix":2},"a":{"a":0,"k":[0,0],"ix":1},"s":{"a":0,"k":[100,100],"ix":3},"r":{"a":0,"k":0,"ix":6},"o":{"a":0,"k":100,"ix":7},"sk":{"a":0,"k":0,"ix":4},"sa":{"a":0,"k":0,"ix":5},"nm":"Transform"}],"nm":"Mouse","np":2,"cix":2,"bm":0,"ix":2,"mn":"ADBE Vector Group","hd":false},{"ty":"tr","p":{"a":1,"k":[{"i":{"x":0.833,"y":0.833},"o":{"x":0.167,"y":0.167},"t":0,"s":[589.948,759.558],"to":[5.833,0],"ti":[-5.833,0]},{"i":{"x":0.833,"y":0.833},"o":{"x":0.167,"y":0.167},"t":10,"s":[624.948,759.558],"to":[0,0],"ti":[0,0]},{"i":{"x":0.833,"y":0.833},"o":{"x":0.167,"y":0.167},"t":20,"s":[624.948,759.558],"to":[-1.333,0],"ti":[1.333,0]},{"i":{"x":0.833,"y":0.833},"o":{"x":0.167,"y":0.167},"t":25,"s":[616.948,759.558],"to":[0,0],"ti":[0,0]},{"i":{"x":0.833,"y":0.833},"o":{"x":0.167,"y":0.167},"t":35,"s":[616.948,759.558],"to":[1.333,0],"ti":[-1.333,0]},{"i":{"x":0.833,"y":0.833},"o":{"x":0.167,"y":0.167},"t":40,"s":[624.948,759.558],"to":[0,0],"ti":[0,0]},{"i":{"x":0.833,"y":0.833},"o":{"x":0.167,"y":0.167},"t":50,"s":[624.948,759.558],"to":[-5.833,0],"ti":[5.833,0]},{"t":60,"s":[589.948,759.558]}],"ix":2},"a":{"a":0,"k":[589.948,759.558],"ix":1},"s":{"a":0,"k":[100,100],"ix":3},"r":{"a":0,"k":0,"ix":6},"o":{"a":0,"k":100,"ix":7},"sk":{"a":0,"k":0,"ix":4},"sa":{"a":0,"k":0,"ix":5},"nm":"Transform"}],"nm":"Mouse hand","np":2,"cix":2,"bm":0,"ix":4,"mn":"ADBE Vector Group","hd":false},{"ty":"gr","it":[{"ind":0,"ty":"sh","ix":1,"ks":{"a":0,"k":{"i":[[20.856,-14.481],[0,0],[-14.481,-20.856],[0,0],[0,0],[0,0]],"o":[[0,0],[-20.856,14.481],[0,0],[0,0],[0,0],[-14.481,-20.856]],"v":[[-32.138,-42.323],[-32.138,-42.323],[-43.681,21.66],[-23.631,50.538],[51.896,-1.902],[31.845,-30.78]],"c":true},"ix":2},"nm":"Path 1","mn":"ADBE Vector Shape - Group","hd":false},{"ty":"st","c":{"a":0,"k":[0.043137256056,0.337254911661,0.658823549747,1],"ix":3},"o":{"a":0,"k":100,"ix":4},"w":{"a":0,"k":5,"ix":5},"lc":1,"lj":1,"ml":10,"bm":0,"nm":"Stroke 1","mn":"ADBE Vector Graphic - Stroke","hd":false},{"ty":"tr","p":{"a":0,"k":[400.938,531.776],"ix":2},"a":{"a":0,"k":[0,0],"ix":1},"s":{"a":0,"k":[100,100],"ix":3},"r":{"a":0,"k":0,"ix":6},"o":{"a":0,"k":100,"ix":7},"sk":{"a":0,"k":0,"ix":4},"sa":{"a":0,"k":0,"ix":5},"nm":"Transform"}],"nm":"Group 7","np":2,"cix":2,"bm":0,"ix":5,"mn":"ADBE Vector Group","hd":false},{"ty":"gr","it":[{"ind":0,"ty":"sh","ix":1,"ks":{"a":0,"k":{"i":[[9.118,-17.712],[0,0],[-5.801,4.388],[0,0],[-4.388,-5.801],[0,0]],"o":[[0,0],[-4.388,-5.801],[0,0],[5.801,-4.388],[0,0],[-13.249,0.283]],"v":[[-15.765,22.132],[-23.523,12.925],[-20.963,-5.523],[-2.529,-19.465],[15.919,-16.906],[26.19,-3.981]],"c":true},"ix":2},"nm":"Path 1","mn":"ADBE Vector Shape - Group","hd":false},{"ty":"st","c":{"a":0,"k":[0.043137256056,0.337254911661,0.658823549747,1],"ix":3},"o":{"a":0,"k":100,"ix":4},"w":{"a":0,"k":5,"ix":5},"lc":1,"lj":1,"ml":10,"bm":0,"nm":"Stroke 1","mn":"ADBE Vector Graphic - Stroke","hd":false},{"ty":"tr","p":{"a":0,"k":[368,485.227],"ix":2},"a":{"a":0,"k":[0,0],"ix":1},"s":{"a":0,"k":[100,100],"ix":3},"r":{"a":0,"k":0,"ix":6},"o":{"a":0,"k":100,"ix":7},"sk":{"a":0,"k":0,"ix":4},"sa":{"a":0,"k":0,"ix":5},"nm":"Transform"}],"nm":"Group 8","np":2,"cix":2,"bm":0,"ix":6,"mn":"ADBE Vector Group","hd":false},{"ty":"gr","it":[{"ind":0,"ty":"sh","ix":1,"ks":{"a":0,"k":{"i":[[0,0],[0,0]],"o":[[0,0],[0,0]],"v":[[11.834,-38.486],[-11.834,38.486]],"c":false},"ix":2},"nm":"Path 1","mn":"ADBE Vector Shape - Group","hd":false},{"ty":"st","c":{"a":0,"k":[0.043137256056,0.337254911661,0.658823549747,1],"ix":3},"o":{"a":0,"k":100,"ix":4},"w":{"a":0,"k":5,"ix":5},"lc":1,"lj":1,"ml":4,"bm":0,"nm":"Stroke 1","mn":"ADBE Vector Graphic - Stroke","hd":false},{"ty":"tr","p":{"a":0,"k":[274.746,619.361],"ix":2},"a":{"a":0,"k":[0,0],"ix":1},"s":{"a":0,"k":[100,100],"ix":3},"r":{"a":0,"k":0,"ix":6},"o":{"a":0,"k":100,"ix":7},"sk":{"a":0,"k":0,"ix":4},"sa":{"a":0,"k":0,"ix":5},"nm":"Transform"}],"nm":"Group 9","np":2,"cix":2,"bm":0,"ix":7,"mn":"ADBE Vector Group","hd":false},{"ty":"gr","it":[{"ind":0,"ty":"sh","ix":1,"ks":{"a":0,"k":{"i":[[0,0],[0,0]],"o":[[0,0],[0,0]],"v":[[-25.558,-53.948],[25.558,53.948]],"c":false},"ix":2},"nm":"Path 1","mn":"ADBE Vector Shape - Group","hd":false},{"ty":"st","c":{"a":0,"k":[0.043137256056,0.337254911661,0.658823549747,1],"ix":3},"o":{"a":0,"k":100,"ix":4},"w":{"a":0,"k":5,"ix":5},"lc":1,"lj":1,"ml":4,"bm":0,"nm":"Stroke 1","mn":"ADBE Vector Graphic - Stroke","hd":false},{"ty":"tr","p":{"a":0,"k":[275.276,682.361],"ix":2},"a":{"a":0,"k":[0,0],"ix":1},"s":{"a":0,"k":[100,100],"ix":3},"r":{"a":0,"k":0,"ix":6},"o":{"a":0,"k":100,"ix":7},"sk":{"a":0,"k":0,"ix":4},"sa":{"a":0,"k":0,"ix":5},"nm":"Transform"}],"nm":"Group 10","np":2,"cix":2,"bm":0,"ix":8,"mn":"ADBE Vector Group","hd":false},{"ty":"gr","it":[{"ind":0,"ty":"sh","ix":1,"ks":{"a":0,"k":{"i":[[0,0],[0,0]],"o":[[0,0],[0,0]],"v":[[-24.412,-51.529],[24.412,51.529]],"c":false},"ix":2},"nm":"Path 1","mn":"ADBE Vector Shape - Group","hd":false},{"ty":"st","c":{"a":0,"k":[0.043137256056,0.337254911661,0.658823549747,1],"ix":3},"o":{"a":0,"k":100,"ix":4},"w":{"a":0,"k":5,"ix":5},"lc":1,"lj":1,"ml":4,"bm":0,"nm":"Stroke 1","mn":"ADBE Vector Graphic - Stroke","hd":false},{"ty":"tr","p":{"a":0,"k":[266.529,685.176],"ix":2},"a":{"a":0,"k":[0,0],"ix":1},"s":{"a":0,"k":[100,100],"ix":3},"r":{"a":0,"k":0,"ix":6},"o":{"a":0,"k":100,"ix":7},"sk":{"a":0,"k":0,"ix":4},"sa":{"a":0,"k":0,"ix":5},"nm":"Transform"}],"nm":"Group 11","np":2,"cix":2,"bm":0,"ix":9,"mn":"ADBE Vector Group","hd":false},{"ty":"gr","it":[{"ind":0,"ty":"sh","ix":1,"ks":{"a":0,"k":{"i":[[0,0],[0,0]],"o":[[0,0],[0,0]],"v":[[-47.785,44.29],[47.785,-44.29]],"c":false},"ix":2},"nm":"Path 1","mn":"ADBE Vector Shape - Group","hd":false},{"ty":"st","c":{"a":0,"k":[0.043137256056,0.337254911661,0.658823549747,1],"ix":3},"o":{"a":0,"k":100,"ix":4},"w":{"a":0,"k":5,"ix":5},"lc":1,"lj":1,"ml":4,"bm":0,"nm":"Stroke 1","mn":"ADBE Vector Graphic - Stroke","hd":false},{"ty":"tr","p":{"a":0,"k":[301.482,567.063],"ix":2},"a":{"a":0,"k":[0,0],"ix":1},"s":{"a":0,"k":[100,100],"ix":3},"r":{"a":0,"k":0,"ix":6},"o":{"a":0,"k":100,"ix":7},"sk":{"a":0,"k":0,"ix":4},"sa":{"a":0,"k":0,"ix":5},"nm":"Transform"}],"nm":"Group 12","np":2,"cix":2,"bm":0,"ix":10,"mn":"ADBE Vector Group","hd":false},{"ty":"gr","it":[{"ind":0,"ty":"sh","ix":1,"ks":{"a":0,"k":{"i":[[0,0],[0,0]],"o":[[0,0],[0,0]],"v":[[-51.401,48.232],[51.401,-48.232]],"c":false},"ix":2},"nm":"Path 1","mn":"ADBE Vector Shape - Group","hd":false},{"ty":"st","c":{"a":0,"k":[0.043137256056,0.337254911661,0.658823549747,1],"ix":3},"o":{"a":0,"k":100,"ix":4},"w":{"a":0,"k":5,"ix":5},"lc":1,"lj":1,"ml":4,"bm":0,"nm":"Stroke 1","mn":"ADBE Vector Graphic - Stroke","hd":false},{"ty":"tr","p":{"a":0,"k":[300.834,556.703],"ix":2},"a":{"a":0,"k":[0,0],"ix":1},"s":{"a":0,"k":[100,100],"ix":3},"r":{"a":0,"k":0,"ix":6},"o":{"a":0,"k":100,"ix":7},"sk":{"a":0,"k":0,"ix":4},"sa":{"a":0,"k":0,"ix":5},"nm":"Transform"}],"nm":"Group 13","np":2,"cix":2,"bm":0,"ix":11,"mn":"ADBE Vector Group","hd":false},{"ty":"gr","it":[{"ind":0,"ty":"sh","ix":1,"ks":{"a":0,"k":{"i":[[0,-5.075],[5.075,0],[0,5.075],[-5.075,0]],"o":[[0,5.075],[-5.075,0],[0,-5.075],[5.075,0]],"v":[[9.189,0],[0,9.189],[-9.189,0],[0,-9.189]],"c":true},"ix":2},"nm":"Path 1","mn":"ADBE Vector Shape - Group","hd":false},{"ty":"st","c":{"a":0,"k":[0.043137256056,0.337254911661,0.658823549747,1],"ix":3},"o":{"a":0,"k":100,"ix":4},"w":{"a":0,"k":5,"ix":5},"lc":1,"lj":1,"ml":10,"bm":0,"nm":"Stroke 1","mn":"ADBE Vector Graphic - Stroke","hd":false},{"ty":"tr","p":{"a":0,"k":[237.529,616.824],"ix":2},"a":{"a":0,"k":[0,0],"ix":1},"s":{"a":0,"k":[100,100],"ix":3},"r":{"a":0,"k":0,"ix":6},"o":{"a":0,"k":100,"ix":7},"sk":{"a":0,"k":0,"ix":4},"sa":{"a":0,"k":0,"ix":5},"nm":"Transform"}],"nm":"Group 14","np":2,"cix":2,"bm":0,"ix":12,"mn":"ADBE Vector Group","hd":false},{"ty":"gr","it":[{"ind":0,"ty":"sh","ix":1,"ks":{"a":0,"k":{"i":[[0,-9.291],[9.291,0],[0,9.291],[-9.291,0]],"o":[[0,9.291],[-9.291,0],[0,-9.291],[9.291,0]],"v":[[16.824,0],[0,16.824],[-16.824,0],[0,-16.824]],"c":true},"ix":2},"nm":"Path 1","mn":"ADBE Vector Shape - Group","hd":false},{"ty":"st","c":{"a":0,"k":[0.043137256056,0.337254911661,0.658823549747,1],"ix":3},"o":{"a":0,"k":100,"ix":4},"w":{"a":0,"k":5,"ix":5},"lc":1,"lj":1,"ml":10,"bm":0,"nm":"Stroke 1","mn":"ADBE Vector Graphic - Stroke","hd":false},{"ty":"tr","p":{"a":0,"k":[237.529,616.824],"ix":2},"a":{"a":0,"k":[0,0],"ix":1},"s":{"a":0,"k":[100,100],"ix":3},"r":{"a":0,"k":0,"ix":6},"o":{"a":0,"k":100,"ix":7},"sk":{"a":0,"k":0,"ix":4},"sa":{"a":0,"k":0,"ix":5},"nm":"Transform"}],"nm":"Group 15","np":2,"cix":2,"bm":0,"ix":13,"mn":"ADBE Vector Group","hd":false},{"ty":"gr","it":[{"ind":0,"ty":"sh","ix":1,"ks":{"a":0,"k":{"i":[[12.313,0],[0,0],[0,-12.313],[0,0],[0,0],[0,0]],"o":[[0,0],[-12.313,0],[0,0],[0,0],[0,0],[0,-12.313]],"v":[[11.941,-11.147],[-11.941,-11.147],[-34.235,11.147],[-34.235,11.147],[34.235,11.147],[34.235,11.147]],"c":true},"ix":2},"nm":"Path 1","mn":"ADBE Vector Shape - Group","hd":false},{"ty":"st","c":{"a":0,"k":[0.043137256056,0.337254911661,0.658823549747,1],"ix":3},"o":{"a":0,"k":100,"ix":4},"w":{"a":0,"k":5,"ix":5},"lc":1,"lj":1,"ml":10,"bm":0,"nm":"Stroke 1","mn":"ADBE Vector Graphic - Stroke","hd":false},{"ty":"tr","p":{"a":0,"k":[294.471,747.853],"ix":2},"a":{"a":0,"k":[0,0],"ix":1},"s":{"a":0,"k":[100,100],"ix":3},"r":{"a":0,"k":0,"ix":6},"o":{"a":0,"k":100,"ix":7},"sk":{"a":0,"k":0,"ix":4},"sa":{"a":0,"k":0,"ix":5},"nm":"Transform"}],"nm":"Group 16","np":2,"cix":2,"bm":0,"ix":14,"mn":"ADBE Vector Group","hd":false},{"ty":"gr","it":[{"ind":0,"ty":"sh","ix":1,"ks":{"a":0,"k":{"i":[[0,0],[0,0],[0,0],[0,0]],"o":[[0,0],[0,0],[0,0],[0,0]],"v":[[43.5,6.382],[-43.5,6.382],[-43.5,-6.382],[43.5,-6.382]],"c":true},"ix":2},"nm":"Path 1","mn":"ADBE Vector Shape - Group","hd":false},{"ty":"st","c":{"a":0,"k":[0.043137256056,0.337254911661,0.658823549747,1],"ix":3},"o":{"a":0,"k":100,"ix":4},"w":{"a":0,"k":5,"ix":5},"lc":1,"lj":1,"ml":10,"bm":0,"nm":"Stroke 1","mn":"ADBE Vector Graphic - Stroke","hd":false},{"ty":"tr","p":{"a":0,"k":[294.5,765.382],"ix":2},"a":{"a":0,"k":[0,0],"ix":1},"s":{"a":0,"k":[100,100],"ix":3},"r":{"a":0,"k":0,"ix":6},"o":{"a":0,"k":100,"ix":7},"sk":{"a":0,"k":0,"ix":4},"sa":{"a":0,"k":0,"ix":5},"nm":"Transform"}],"nm":"Group 17","np":2,"cix":2,"bm":0,"ix":15,"mn":"ADBE Vector Group","hd":false},{"ty":"gr","it":[{"ind":0,"ty":"sh","ix":1,"ks":{"a":0,"k":{"i":[[0,0],[0,0],[0,0],[-10.77,0],[0,0],[0,-10.77]],"o":[[0,0],[0,0],[0,-10.77],[0,0],[10.77,0],[0,0]],"v":[[30,35.118],[-30,35.118],[-30,-15.618],[-10.5,-35.118],[10.5,-35.118],[30,-15.618]],"c":true},"ix":2},"nm":"Path 1","mn":"ADBE Vector Shape - Group","hd":false},{"ty":"st","c":{"a":0,"k":[0.043137256056,0.337254911661,0.658823549747,1],"ix":3},"o":{"a":0,"k":100,"ix":4},"w":{"a":0,"k":5,"ix":5},"lc":1,"lj":1,"ml":10,"bm":0,"nm":"Stroke 1","mn":"ADBE Vector Graphic - Stroke","hd":false},{"ty":"tr","p":{"a":0,"k":[800,678.118],"ix":2},"a":{"a":0,"k":[0,0],"ix":1},"s":{"a":0,"k":[100,100],"ix":3},"r":{"a":0,"k":0,"ix":6},"o":{"a":0,"k":100,"ix":7},"sk":{"a":0,"k":0,"ix":4},"sa":{"a":0,"k":0,"ix":5},"nm":"Transform"}],"nm":"Group 18","np":2,"cix":2,"bm":0,"ix":16,"mn":"ADBE Vector Group","hd":false},{"ty":"gr","it":[{"ind":0,"ty":"sh","ix":1,"ks":{"a":0,"k":{"i":[[0,0],[0,0],[0,0],[-10.77,0],[0,0],[0,-10.77]],"o":[[0,0],[0,0],[0,-10.77],[0,0],[10.77,0],[0,0]],"v":[[32.471,60.5],[-32.471,60.5],[-32.471,-41],[-12.971,-60.5],[12.971,-60.5],[32.471,-41]],"c":true},"ix":2},"nm":"Path 1","mn":"ADBE Vector Shape - Group","hd":false},{"ty":"fl","c":{"a":0,"k":[0.015686275437,0.450980395079,0.917647063732,1],"ix":4},"o":{"a":0,"k":100,"ix":5},"r":1,"bm":0,"nm":"Fill 1","mn":"ADBE Vector Graphic - Fill","hd":false},{"ty":"tr","p":{"a":0,"k":[800,703.5],"ix":2},"a":{"a":0,"k":[0,0],"ix":1},"s":{"a":0,"k":[100,100],"ix":3},"r":{"a":0,"k":0,"ix":6},"o":{"a":0,"k":100,"ix":7},"sk":{"a":0,"k":0,"ix":4},"sa":{"a":0,"k":0,"ix":5},"nm":"Transform"}],"nm":"Group 19","np":2,"cix":2,"bm":0,"ix":17,"mn":"ADBE Vector Group","hd":false},{"ty":"gr","it":[{"ind":0,"ty":"sh","ix":1,"ks":{"a":0,"k":{"i":[[16.292,0],[0,0],[0,16.292],[0,0],[-16.292,0],[0,0],[0,-16.292],[0,0]],"o":[[0,0],[-16.292,0],[0,0],[0,-16.292],[0,0],[16.292,0],[0,0],[0,16.292]],"v":[[89.412,90.5],[-89.412,90.5],[-118.912,61],[-118.912,-61],[-89.412,-90.5],[89.412,-90.5],[118.912,-61],[118.912,61]],"c":true},"ix":2},"nm":"Path 1","mn":"ADBE Vector Shape - Group","hd":false},{"ty":"fl","c":{"a":0,"k":[0.015686275437,0.450980395079,0.917647063732,1],"ix":4},"o":{"a":0,"k":100,"ix":5},"r":1,"bm":0,"nm":"Fill 1","mn":"ADBE Vector Graphic - Fill","hd":false},{"ty":"tr","p":{"a":0,"k":[786.412,625.5],"ix":2},"a":{"a":0,"k":[0,0],"ix":1},"s":{"a":0,"k":[100,100],"ix":3},"r":{"a":0,"k":0,"ix":6},"o":{"a":0,"k":100,"ix":7},"sk":{"a":0,"k":0,"ix":4},"sa":{"a":0,"k":0,"ix":5},"nm":"Transform"}],"nm":"Group 20","np":2,"cix":2,"bm":0,"ix":18,"mn":"ADBE Vector Group","hd":false},{"ty":"gr","it":[{"ind":0,"ty":"sh","ix":1,"ks":{"a":0,"k":{"i":[[16.292,0],[0,0],[0,16.292],[0,0],[-16.292,0],[0,0],[0,-16.292],[0,0]],"o":[[0,0],[-16.292,0],[0,0],[0,-16.292],[0,0],[16.292,0],[0,0],[0,16.292]],"v":[[92,90.5],[-92,90.5],[-121.5,61],[-121.5,-61],[-92,-90.5],[92,-90.5],[121.5,-61],[121.5,61]],"c":true},"ix":2},"nm":"Path 1","mn":"ADBE Vector Shape - Group","hd":false},{"ty":"fl","c":{"a":0,"k":[0.341176480055,0.635294139385,0.949019610882,1],"ix":4},"o":{"a":0,"k":100,"ix":5},"r":1,"bm":0,"nm":"Fill 1","mn":"ADBE Vector Graphic - Fill","hd":false},{"ty":"tr","p":{"a":0,"k":[776.5,625.5],"ix":2},"a":{"a":0,"k":[0,0],"ix":1},"s":{"a":0,"k":[100,100],"ix":3},"r":{"a":0,"k":0,"ix":6},"o":{"a":0,"k":100,"ix":7},"sk":{"a":0,"k":0,"ix":4},"sa":{"a":0,"k":0,"ix":5},"nm":"Transform"}],"nm":"Group 21","np":2,"cix":2,"bm":0,"ix":19,"mn":"ADBE Vector Group","hd":false},{"ty":"gr","it":[{"ind":0,"ty":"sh","ix":1,"ks":{"a":0,"k":{"i":[[0,0],[0,0],[0,0],[0,0]],"o":[[0,0],[0,0],[0,0],[0,0]],"v":[[8.5,122],[-8.5,122],[-8.5,-122],[8.5,-122]],"c":true},"ix":2},"nm":"Path 1","mn":"ADBE Vector Shape - Group","hd":false},{"ty":"fl","c":{"a":0,"k":[0.043137256056,0.337254911661,0.658823549747,1],"ix":4},"o":{"a":0,"k":100,"ix":5},"r":1,"bm":0,"nm":"Fill 1","mn":"ADBE Vector Graphic - Fill","hd":false},{"ty":"tr","p":{"a":0,"k":[961.5,970],"ix":2},"a":{"a":0,"k":[0,0],"ix":1},"s":{"a":0,"k":[100,100],"ix":3},"r":{"a":0,"k":0,"ix":6},"o":{"a":0,"k":100,"ix":7},"sk":{"a":0,"k":0,"ix":4},"sa":{"a":0,"k":0,"ix":5},"nm":"Transform"}],"nm":"Group 22","np":2,"cix":2,"bm":0,"ix":20,"mn":"ADBE Vector Group","hd":false},{"ty":"gr","it":[{"ind":0,"ty":"sh","ix":1,"ks":{"a":0,"k":{"i":[[0,0],[0,0],[0,0],[0,0]],"o":[[0,0],[0,0],[0,0],[0,0]],"v":[[8.5,122],[-8.5,122],[-8.5,-122],[8.5,-122]],"c":true},"ix":2},"nm":"Path 1","mn":"ADBE Vector Shape - Group","hd":false},{"ty":"fl","c":{"a":0,"k":[0.043137256056,0.337254911661,0.658823549747,1],"ix":4},"o":{"a":0,"k":100,"ix":5},"r":1,"bm":0,"nm":"Fill 1","mn":"ADBE Vector Graphic - Fill","hd":false},{"ty":"tr","p":{"a":0,"k":[273.5,970],"ix":2},"a":{"a":0,"k":[0,0],"ix":1},"s":{"a":0,"k":[100,100],"ix":3},"r":{"a":0,"k":0,"ix":6},"o":{"a":0,"k":100,"ix":7},"sk":{"a":0,"k":0,"ix":4},"sa":{"a":0,"k":0,"ix":5},"nm":"Transform"}],"nm":"Group 23","np":2,"cix":2,"bm":0,"ix":21,"mn":"ADBE Vector Group","hd":false},{"ty":"gr","it":[{"ind":0,"ty":"sh","ix":1,"ks":{"a":0,"k":{"i":[[9.389,0],[0,0],[0,9.389],[0,0],[8.611,0],[0,0],[0,-9.389],[0,0]],"o":[[0,0],[-9.389,0],[0,0],[0,-9.389],[0,0],[27.389,0],[0,0],[0,9.389]],"v":[[412.5,17],[-411.5,17],[-428.5,0],[-428.5,0],[-429.5,-17],[394.5,-17],[429.5,0],[429.5,0]],"c":true},"ix":2},"nm":"Path 1","mn":"ADBE Vector Shape - Group","hd":false},{"ty":"fl","c":{"a":0,"k":[0.015686275437,0.450980395079,0.917647063732,1],"ix":4},"o":{"a":0,"k":100,"ix":5},"r":1,"bm":0,"nm":"Fill 1","mn":"ADBE Vector Graphic - Fill","hd":false},{"ty":"tr","p":{"a":0,"k":[616.5,791],"ix":2},"a":{"a":0,"k":[0,0],"ix":1},"s":{"a":0,"k":[100,100],"ix":3},"r":{"a":0,"k":0,"ix":6},"o":{"a":0,"k":100,"ix":7},"sk":{"a":0,"k":0,"ix":4},"sa":{"a":0,"k":0,"ix":5},"nm":"Transform"}],"nm":"Group 24","np":2,"cix":2,"bm":0,"ix":22,"mn":"ADBE Vector Group","hd":false},{"ty":"gr","it":[{"ind":0,"ty":"sh","ix":1,"ks":{"a":0,"k":{"i":[[-23.929,0],[0,0],[0,0],[0,0],[0,0],[0,0]],"o":[[0,0],[0,0],[0,0],[0,0],[0,0],[0,-23.929]],"v":[[-12.438,-100.151],[-9.412,-100.151],[55.765,-36.202],[55.765,100.151],[-55.765,100.151],[-55.765,-56.824]],"c":true},"ix":2},"nm":"Path 1","mn":"ADBE Vector Shape - Group","hd":false},{"ty":"fl","c":{"a":0,"k":[0.454901963472,0.874509811401,0.298039227724,1],"ix":4},"o":{"a":0,"k":100,"ix":5},"r":1,"bm":0,"nm":"Fill 1","mn":"ADBE Vector Graphic - Fill","hd":false},{"ty":"tr","p":{"a":0,"k":[504.471,681.026],"ix":2},"a":{"a":0,"k":[0,0],"ix":1},"s":{"a":0,"k":[100,100],"ix":3},"r":{"a":0,"k":0,"ix":6},"o":{"a":0,"k":100,"ix":7},"sk":{"a":0,"k":0,"ix":4},"sa":{"a":0,"k":0,"ix":5},"nm":"Transform"}],"nm":"Group 25","np":2,"cix":2,"bm":0,"ix":23,"mn":"ADBE Vector Group","hd":false},{"ty":"gr","it":[{"ind":0,"ty":"sh","ix":1,"ks":{"a":0,"k":{"i":[[0,0],[0,0],[0,-23.929],[0,0]],"o":[[0,0],[23.929,0],[0,0],[0,0]],"v":[[-32.588,-31.974],[-10.739,-31.974],[32.588,11.353],[32.588,31.974]],"c":true},"ix":2},"nm":"Path 1","mn":"ADBE Vector Shape - Group","hd":false},{"ty":"fl","c":{"a":0,"k":[0.219607844949,0.823529422283,0,1],"ix":4},"o":{"a":0,"k":100,"ix":5},"r":1,"bm":0,"nm":"Fill 1","mn":"ADBE Vector Graphic - Fill","hd":false},{"ty":"tr","p":{"a":0,"k":[527.647,612.849],"ix":2},"a":{"a":0,"k":[0,0],"ix":1},"s":{"a":0,"k":[100,100],"ix":3},"r":{"a":0,"k":0,"ix":6},"o":{"a":0,"k":100,"ix":7},"sk":{"a":0,"k":0,"ix":4},"sa":{"a":0,"k":0,"ix":5},"nm":"Transform"}],"nm":"Group 26","np":2,"cix":2,"bm":0,"ix":24,"mn":"ADBE Vector Group","hd":false},{"ty":"gr","it":[{"ind":0,"ty":"sh","ix":1,"ks":{"a":0,"k":{"i":[[0,0],[0,0],[0,0]],"o":[[0,0],[0,0],[0,0]],"v":[[-11.049,-10.482],[11.049,-0.783],[11.049,10.482]],"c":true},"ix":2},"nm":"Path 1","mn":"ADBE Vector Shape - Group","hd":false},{"ty":"fl","c":{"a":0,"k":[0.137254908681,0.521568655968,0,1],"ix":4},"o":{"a":0,"k":100,"ix":5},"r":1,"bm":0,"nm":"Fill 1","mn":"ADBE Vector Graphic - Fill","hd":false},{"ty":"tr","p":{"a":0,"k":[664.245,748.636],"ix":2},"a":{"a":0,"k":[0,0],"ix":1},"s":{"a":0,"k":[100,100],"ix":3},"r":{"a":0,"k":0,"ix":6},"o":{"a":0,"k":100,"ix":7},"sk":{"a":0,"k":0,"ix":4},"sa":{"a":0,"k":0,"ix":5},"nm":"Transform"}],"nm":"Group 27","np":2,"cix":2,"bm":0,"ix":25,"mn":"ADBE Vector Group","hd":false},{"ty":"gr","it":[{"ind":0,"ty":"sh","ix":1,"ks":{"a":0,"k":{"i":[[0,0],[0,0],[0,0]],"o":[[0,0],[0,0],[0,0]],"v":[[-6.416,2.855],[-6.416,-15.961],[6.416,15.961]],"c":true},"ix":2},"nm":"Path 1","mn":"ADBE Vector Shape - Group","hd":false},{"ty":"fl","c":{"a":0,"k":[0.137254908681,0.521568655968,0,1],"ix":4},"o":{"a":0,"k":100,"ix":5},"r":1,"bm":0,"nm":"Fill 1","mn":"ADBE Vector Graphic - Fill","hd":false},{"ty":"tr","p":{"a":0,"k":[566.651,641.968],"ix":2},"a":{"a":0,"k":[0,0],"ix":1},"s":{"a":0,"k":[100,100],"ix":3},"r":{"a":0,"k":0,"ix":6},"o":{"a":0,"k":100,"ix":7},"sk":{"a":0,"k":0,"ix":4},"sa":{"a":0,"k":0,"ix":5},"nm":"Transform"}],"nm":"Group 28","np":2,"cix":2,"bm":0,"ix":26,"mn":"ADBE Vector Group","hd":false},{"ty":"gr","it":[{"ind":0,"ty":"sh","ix":1,"ks":{"a":0,"k":{"i":[[0,0],[0,0],[-7.392,-3.399],[0,0],[0,0],[0,0],[0,0],[0,0],[5.137,9.875],[0,0]],"o":[[0,0],[3.035,7.549],[0,0],[0,0],[0,0],[0,0],[0,0],[-10.775,-2.791],[0,0],[0,0]],"v":[[-47.118,-89.282],[-9.373,4.615],[6.865,21.663],[54.314,43.936],[76.412,53.635],[76.412,64.9],[76.412,89.282],[-11.249,59.167],[-36.247,39.27],[-76.412,-67.159]],"c":true},"ix":2},"nm":"Path 1","mn":"ADBE Vector Shape - Group","hd":false},{"ty":"fl","c":{"a":0,"k":[0.219607844949,0.823529422283,0,1],"ix":4},"o":{"a":0,"k":100,"ix":5},"r":1,"bm":0,"nm":"Fill 1","mn":"ADBE Vector Graphic - Fill","hd":false},{"ty":"tr","p":{"a":0,"k":[598.882,694.218],"ix":2},"a":{"a":0,"k":[0,0],"ix":1},"s":{"a":0,"k":[100,100],"ix":3},"r":{"a":0,"k":0,"ix":6},"o":{"a":0,"k":100,"ix":7},"sk":{"a":0,"k":0,"ix":4},"sa":{"a":0,"k":0,"ix":5},"nm":"Transform"}],"nm":"Group 29","np":2,"cix":2,"bm":0,"ix":27,"mn":"ADBE Vector Group","hd":false},{"ty":"gr","it":[{"ind":0,"ty":"sh","ix":1,"ks":{"a":0,"k":{"i":[[0,0],[0,0],[0,0]],"o":[[0,0],[0,0],[0,0]],"v":[[12.5,11.428],[-12.5,11.428],[-10.557,-11.428]],"c":true},"ix":2},"nm":"Path 1","mn":"ADBE Vector Shape - Group","hd":false},{"ty":"fl","c":{"a":0,"k":[0.949019610882,0.792156875134,0.686274528503,1],"ix":4},"o":{"a":0,"k":100,"ix":5},"r":1,"bm":0,"nm":"Fill 1","mn":"ADBE Vector Graphic - Fill","hd":false},{"ty":"tr","p":{"a":0,"k":[678.5,763.572],"ix":2},"a":{"a":0,"k":[0,0],"ix":1},"s":{"a":0,"k":[100,100],"ix":3},"r":{"a":0,"k":0,"ix":6},"o":{"a":0,"k":100,"ix":7},"sk":{"a":0,"k":0,"ix":4},"sa":{"a":0,"k":0,"ix":5},"nm":"Transform"}],"nm":"Group 30","np":2,"cix":2,"bm":0,"ix":28,"mn":"ADBE Vector Group","hd":false},{"ty":"gr","it":[{"ind":0,"ty":"sh","ix":1,"ks":{"a":0,"k":{"i":[[0,0],[0,0],[-3.543,-9.898],[0,0],[0,0],[0,0]],"o":[[0,0],[10.513,0],[0,0],[0,0],[0,0],[0,0]],"v":[[-33.736,-13.147],[7.089,-13.147],[30.524,3.355],[34.028,13.147],[-10.972,13.147],[-34.028,-9.709]],"c":true},"ix":2},"nm":"Path 1","mn":"ADBE Vector Shape - Group","hd":false},{"ty":"fl","c":{"a":0,"k":[0.698039233685,0.54509806633,0.403921574354,1],"ix":4},"o":{"a":0,"k":100,"ix":5},"r":1,"bm":0,"nm":"Fill 1","mn":"ADBE Vector Graphic - Fill","hd":false},{"ty":"tr","p":{"a":0,"k":[701.971,761.853],"ix":2},"a":{"a":0,"k":[0,0],"ix":1},"s":{"a":0,"k":[100,100],"ix":3},"r":{"a":0,"k":0,"ix":6},"o":{"a":0,"k":100,"ix":7},"sk":{"a":0,"k":0,"ix":4},"sa":{"a":0,"k":0,"ix":5},"nm":"Transform"}],"nm":"Group 31","np":2,"cix":2,"bm":0,"ix":29,"mn":"ADBE Vector Group","hd":false},{"ty":"gr","it":[{"ind":0,"ty":"sh","ix":1,"ks":{"a":0,"k":{"i":[[0,0],[0,0],[0,0],[0,0]],"o":[[0,0],[0,0],[0,0],[0,0]],"v":[[62,5.5],[-62,5.5],[-62,-5.5],[62,-5.5]],"c":true},"ix":2},"nm":"Path 1","mn":"ADBE Vector Shape - Group","hd":false},{"ty":"fl","c":{"a":0,"k":[0.043137256056,0.337254911661,0.658823549747,1],"ix":4},"o":{"a":0,"k":100,"ix":5},"r":1,"bm":0,"nm":"Fill 1","mn":"ADBE Vector Graphic - Fill","hd":false},{"ty":"tr","p":{"a":0,"k":[784,769.5],"ix":2},"a":{"a":0,"k":[0,0],"ix":1},"s":{"a":0,"k":[100,100],"ix":3},"r":{"a":0,"k":0,"ix":6},"o":{"a":0,"k":100,"ix":7},"sk":{"a":0,"k":0,"ix":4},"sa":{"a":0,"k":0,"ix":5},"nm":"Transform"}],"nm":"Group 32","np":2,"cix":2,"bm":0,"ix":30,"mn":"ADBE Vector Group","hd":false},{"ty":"gr","it":[{"ind":0,"ty":"sh","ix":1,"ks":{"a":0,"k":{"i":[[0,0],[0,0],[0,-18.778],[0,0],[0,0]],"o":[[0,0],[18.778,0],[0,0],[0,0],[0,0]],"v":[[-55.5,-87],[21.5,-87],[55.5,-53],[55.5,87],[-55.5,87]],"c":true},"ix":2},"nm":"Path 1","mn":"ADBE Vector Shape - Group","hd":false},{"ty":"fl","c":{"a":0,"k":[0.341176480055,0.635294139385,0.949019610882,1],"ix":4},"o":{"a":0,"k":100,"ix":5},"r":1,"bm":0,"nm":"Fill 1","mn":"ADBE Vector Graphic - Fill","hd":false},{"ty":"tr","p":{"a":0,"k":[897.5,688],"ix":2},"a":{"a":0,"k":[0,0],"ix":1},"s":{"a":0,"k":[100,100],"ix":3},"r":{"a":0,"k":0,"ix":6},"o":{"a":0,"k":100,"ix":7},"sk":{"a":0,"k":0,"ix":4},"sa":{"a":0,"k":0,"ix":5},"nm":"Transform"}],"nm":"Group 33","np":2,"cix":2,"bm":0,"ix":31,"mn":"ADBE Vector Group","hd":false},{"ty":"gr","it":[{"ind":0,"ty":"sh","ix":1,"ks":{"a":0,"k":{"i":[[0,0],[0,0],[0,-18.778],[0,0],[0,0]],"o":[[0,0],[18.778,0],[0,0],[0,0],[0,0]],"v":[[-80,-87],[46,-87],[80,-53],[80,87],[-80,87]],"c":true},"ix":2},"nm":"Path 1","mn":"ADBE Vector Shape - Group","hd":false},{"ty":"fl","c":{"a":0,"k":[0.015686275437,0.450980395079,0.917647063732,1],"ix":4},"o":{"a":0,"k":100,"ix":5},"r":1,"bm":0,"nm":"Fill 1","mn":"ADBE Vector Graphic - Fill","hd":false},{"ty":"tr","p":{"a":0,"k":[922,687],"ix":2},"a":{"a":0,"k":[0,0],"ix":1},"s":{"a":0,"k":[100,100],"ix":3},"r":{"a":0,"k":0,"ix":6},"o":{"a":0,"k":100,"ix":7},"sk":{"a":0,"k":0,"ix":4},"sa":{"a":0,"k":0,"ix":5},"nm":"Transform"}],"nm":"Group 34","np":2,"cix":2,"bm":0,"ix":32,"mn":"ADBE Vector Group","hd":false},{"ty":"gr","it":[{"ind":0,"ty":"sh","ix":1,"ks":{"a":0,"k":{"i":[[0,0],[0,0],[0,0],[0,0]],"o":[[0,0],[0,0],[0,0],[0,0]],"v":[[-101.794,120.5],[154.206,120.5],[-87.853,-120.5],[-154.206,-74.625]],"c":true},"ix":2},"nm":"Path 1","mn":"ADBE Vector Shape - Group","hd":false},{"ty":"fl","c":{"a":0,"k":[0.341176480055,0.635294139385,0.949019610882,1],"ix":4},"o":{"a":0,"k":100,"ix":5},"r":1,"bm":0,"nm":"Fill 1","mn":"ADBE Vector Graphic - Fill","hd":false},{"ty":"tr","p":{"a":0,"k":[535.206,653.265],"ix":2},"a":{"a":0,"k":[0,0],"ix":1},"s":{"a":0,"k":[100,100],"ix":3},"r":{"a":0,"k":0,"ix":6},"o":{"a":0,"k":100,"ix":7},"sk":{"a":0,"k":0,"ix":4},"sa":{"a":0,"k":0,"ix":5},"nm":"Transform"}],"nm":"Group 35","np":2,"cix":2,"bm":0,"ix":33,"mn":"ADBE Vector Group","hd":false},{"ty":"gr","it":[{"ind":0,"ty":"sh","ix":1,"ks":{"a":0,"k":{"i":[[0,0],[0,0],[0,0],[0,0]],"o":[[0,0],[0,0],[0,0],[0,0]],"v":[[404.5,16.25],[-404.5,16.25],[-404.5,-16.25],[404.5,-16.25]],"c":true},"ix":2},"nm":"Path 1","mn":"ADBE Vector Shape - Group","hd":false},{"ty":"fl","c":{"a":0,"k":[0.043137256056,0.337254911661,0.658823549747,1],"ix":4},"o":{"a":0,"k":100,"ix":5},"r":1,"bm":0,"nm":"Fill 1","mn":"ADBE Vector Graphic - Fill","hd":false},{"ty":"tr","p":{"a":0,"k":[617.5,809.25],"ix":2},"a":{"a":0,"k":[0,0],"ix":1},"s":{"a":0,"k":[100,100],"ix":3},"r":{"a":0,"k":0,"ix":6},"o":{"a":0,"k":100,"ix":7},"sk":{"a":0,"k":0,"ix":4},"sa":{"a":0,"k":0,"ix":5},"nm":"Transform"}],"nm":"Group 36","np":2,"cix":2,"bm":0,"ix":34,"mn":"ADBE Vector Group","hd":false},{"ty":"gr","it":[{"ind":0,"ty":"sh","ix":1,"ks":{"a":0,"k":{"i":[[0,0],[0,0],[0,0],[0,0]],"o":[[0,0],[0,0],[0,0],[0,0]],"v":[[404.5,22.5],[-404.5,22.5],[-404.5,-22.5],[404.5,-22.5]],"c":true},"ix":2},"nm":"Path 1","mn":"ADBE Vector Shape - Group","hd":false},{"ty":"fl","c":{"a":0,"k":[0.015686275437,0.450980395079,0.917647063732,1],"ix":4},"o":{"a":0,"k":100,"ix":5},"r":1,"bm":0,"nm":"Fill 1","mn":"ADBE Vector Graphic - Fill","hd":false},{"ty":"tr","p":{"a":0,"k":[617.5,825.5],"ix":2},"a":{"a":0,"k":[0,0],"ix":1},"s":{"a":0,"k":[100,100],"ix":3},"r":{"a":0,"k":0,"ix":6},"o":{"a":0,"k":100,"ix":7},"sk":{"a":0,"k":0,"ix":4},"sa":{"a":0,"k":0,"ix":5},"nm":"Transform"}],"nm":"Group 37","np":2,"cix":2,"bm":0,"ix":35,"mn":"ADBE Vector Group","hd":false},{"ty":"gr","it":[{"ind":0,"ty":"sh","ix":1,"ks":{"a":0,"k":{"i":[[-12.085,0],[0,0],[0,-10.331],[0,0],[0,0],[0,0],[16.828,0],[0,0],[0,0]],"o":[[0,0],[10.331,0],[0,0],[0,0],[0,0],[0,-16.828],[0,0],[0,0],[0,12.085]],"v":[[-49.882,-62.824],[5.529,-62.824],[24.235,-44.118],[24.235,110.824],[71.765,110.824],[71.765,-80.353],[41.294,-110.824],[-71.765,-110.824],[-71.765,-84.706]],"c":true},"ix":2},"nm":"Path 1","mn":"ADBE Vector Shape - Group","hd":false},{"ty":"fl","c":{"a":0,"k":[0.584313750267,0.592156887054,0.603921592236,1],"ix":4},"o":{"a":0,"k":100,"ix":5},"r":1,"bm":0,"nm":"Fill 1","mn":"ADBE Vector Graphic - Fill","hd":false},{"ty":"tr","p":{"a":0,"k":[528.235,943.529],"ix":2},"a":{"a":0,"k":[0,0],"ix":1},"s":{"a":0,"k":[100,100],"ix":3},"r":{"a":0,"k":0,"ix":6},"o":{"a":0,"k":100,"ix":7},"sk":{"a":0,"k":0,"ix":4},"sa":{"a":0,"k":0,"ix":5},"nm":"Transform"}],"nm":"Group 38","np":2,"cix":2,"bm":0,"ix":36,"mn":"ADBE Vector Group","hd":false},{"ty":"gr","it":[{"ind":0,"ty":"sh","ix":1,"ks":{"a":0,"k":{"i":[[-12.085,0],[0,0],[0,-10.331],[0,0],[0,0],[0,0],[16.828,0],[0,0],[0,0]],"o":[[0,0],[10.331,0],[0,0],[0,0],[0,0],[0,-16.828],[0,0],[0,0],[0,12.085]],"v":[[-49.882,-62.824],[5.529,-62.824],[24.235,-44.118],[24.235,110.824],[71.765,110.824],[71.765,-80.353],[41.294,-110.824],[-71.765,-110.824],[-71.765,-84.706]],"c":true},"ix":2},"nm":"Path 1","mn":"ADBE Vector Shape - Group","hd":false},{"ty":"fl","c":{"a":0,"k":[0.427450984716,0.43137255311,0.443137258291,1],"ix":4},"o":{"a":0,"k":100,"ix":5},"r":1,"bm":0,"nm":"Fill 1","mn":"ADBE Vector Graphic - Fill","hd":false},{"ty":"tr","p":{"a":0,"k":[594.235,943.529],"ix":2},"a":{"a":0,"k":[0,0],"ix":1},"s":{"a":0,"k":[100,100],"ix":3},"r":{"a":0,"k":0,"ix":6},"o":{"a":0,"k":100,"ix":7},"sk":{"a":0,"k":0,"ix":4},"sa":{"a":0,"k":0,"ix":5},"nm":"Transform"}],"nm":"Group 39","np":2,"cix":2,"bm":0,"ix":37,"mn":"ADBE Vector Group","hd":false},{"ty":"gr","it":[{"ind":0,"ty":"sh","ix":1,"ks":{"a":0,"k":{"i":[[0,0],[0,0],[0,0],[0,0],[-8.463,0],[0,0],[0,-8.219],[0,0]],"o":[[0,0],[0,0],[0,0],[0,8.463],[0,0],[8.219,0],[0,0],[0,0]],"v":[[-40.088,21.471],[-40.088,-21.471],[-1.5,-21.471],[-1.5,-15.324],[13.824,0],[25.206,0],[40.088,14.882],[40.088,21.471]],"c":true},"ix":2},"nm":"Path 1","mn":"ADBE Vector Shape - Group","hd":false},{"ty":"fl","c":{"a":0,"k":[0.043137256056,0.337254911661,0.658823549747,1],"ix":4},"o":{"a":0,"k":100,"ix":5},"r":1,"bm":0,"nm":"Fill 1","mn":"ADBE Vector Graphic - Fill","hd":false},{"ty":"tr","p":{"a":0,"k":[663,1070.529],"ix":2},"a":{"a":0,"k":[0,0],"ix":1},"s":{"a":0,"k":[100,100],"ix":3},"r":{"a":0,"k":0,"ix":6},"o":{"a":0,"k":100,"ix":7},"sk":{"a":0,"k":0,"ix":4},"sa":{"a":0,"k":0,"ix":5},"nm":"Transform"}],"nm":"Group 40","np":2,"cix":2,"bm":0,"ix":38,"mn":"ADBE Vector Group","hd":false},{"ty":"gr","it":[{"ind":0,"ty":"sh","ix":1,"ks":{"a":0,"k":{"i":[[0,0],[0,0],[0,0],[0,0],[-8.463,0],[0,0],[0,-8.219],[0,0]],"o":[[0,0],[0,0],[0,0],[0,8.463],[0,0],[8.219,0],[0,0],[0,0]],"v":[[-40.088,21.471],[-40.088,-21.471],[-1.5,-21.471],[-1.5,-15.324],[13.824,0],[25.206,0],[40.088,14.882],[40.088,21.471]],"c":true},"ix":2},"nm":"Path 1","mn":"ADBE Vector Shape - Group","hd":false},{"ty":"fl","c":{"a":0,"k":[0.043137256056,0.337254911661,0.658823549747,1],"ix":4},"o":{"a":0,"k":100,"ix":5},"r":1,"bm":0,"nm":"Fill 1","mn":"ADBE Vector Graphic - Fill","hd":false},{"ty":"tr","p":{"a":0,"k":[595.735,1070.529],"ix":2},"a":{"a":0,"k":[0,0],"ix":1},"s":{"a":0,"k":[100,100],"ix":3},"r":{"a":0,"k":0,"ix":6},"o":{"a":0,"k":100,"ix":7},"sk":{"a":0,"k":0,"ix":4},"sa":{"a":0,"k":0,"ix":5},"nm":"Transform"}],"nm":"Group 41","np":2,"cix":2,"bm":0,"ix":39,"mn":"ADBE Vector Group","hd":false},{"ty":"gr","it":[{"ind":0,"ty":"sh","ix":1,"ks":{"a":0,"k":{"i":[[11.89,0],[0,0],[0,11.89],[0,0],[-11.89,0],[0,0],[0,-11.89],[0,0]],"o":[[0,0],[-11.89,0],[0,0],[0,-11.89],[0,0],[11.89,0],[0,0],[0,11.89]],"v":[[87.118,22.235],[-87.118,22.235],[-108.647,0.706],[-108.647,-0.706],[-87.118,-22.235],[87.118,-22.235],[108.647,-0.706],[108.647,0.706]],"c":true},"ix":2},"nm":"Path 1","mn":"ADBE Vector Shape - Group","hd":false},{"ty":"fl","c":{"a":0,"k":[0.043137256056,0.337254911661,0.658823549747,1],"ix":4},"o":{"a":0,"k":100,"ix":5},"r":1,"bm":0,"nm":"Fill 1","mn":"ADBE Vector Graphic - Fill","hd":false},{"ty":"tr","p":{"a":0,"k":[557.353,898.706],"ix":2},"a":{"a":0,"k":[0,0],"ix":1},"s":{"a":0,"k":[100,100],"ix":3},"r":{"a":0,"k":0,"ix":6},"o":{"a":0,"k":100,"ix":7},"sk":{"a":0,"k":0,"ix":4},"sa":{"a":0,"k":0,"ix":5},"nm":"Transform"}],"nm":"Group 42","np":2,"cix":2,"bm":0,"ix":40,"mn":"ADBE Vector Group","hd":false},{"ty":"gr","it":[{"ind":0,"ty":"sh","ix":1,"ks":{"a":0,"k":{"i":[[0,0],[0,0],[0,0],[0,0]],"o":[[0,0],[0,0],[0,0],[0,0]],"v":[[87.176,16.456],[-87.176,16.456],[-87.176,-16.456],[87.176,-16.456]],"c":true},"ix":2},"nm":"Path 1","mn":"ADBE Vector Shape - Group","hd":false},{"ty":"fl","c":{"a":0,"k":[0.015686275437,0.450980395079,0.917647063732,1],"ix":4},"o":{"a":0,"k":100,"ix":5},"r":1,"bm":0,"nm":"Fill 1","mn":"ADBE Vector Graphic - Fill","hd":false},{"ty":"tr","p":{"a":0,"k":[555.647,931.044],"ix":2},"a":{"a":0,"k":[0,0],"ix":1},"s":{"a":0,"k":[100,100],"ix":3},"r":{"a":0,"k":0,"ix":6},"o":{"a":0,"k":100,"ix":7},"sk":{"a":0,"k":0,"ix":4},"sa":{"a":0,"k":0,"ix":5},"nm":"Transform"}],"nm":"Group 43","np":2,"cix":2,"bm":0,"ix":41,"mn":"ADBE Vector Group","hd":false},{"ty":"gr","it":[{"ind":0,"ty":"sh","ix":1,"ks":{"a":0,"k":{"i":[[0,0],[0,0],[0,0],[0,0]],"o":[[0,0],[0,0],[0,0],[0,0]],"v":[[26,144.5],[-26,144.5],[-26,-144.5],[26,-144.5]],"c":true},"ix":2},"nm":"Path 1","mn":"ADBE Vector Shape - Group","hd":false},{"ty":"fl","c":{"a":0,"k":[0.015686275437,0.450980395079,0.917647063732,1],"ix":4},"o":{"a":0,"k":100,"ix":5},"r":1,"bm":0,"nm":"Fill 1","mn":"ADBE Vector Graphic - Fill","hd":false},{"ty":"tr","p":{"a":0,"k":[996,947.5],"ix":2},"a":{"a":0,"k":[0,0],"ix":1},"s":{"a":0,"k":[100,100],"ix":3},"r":{"a":0,"k":0,"ix":6},"o":{"a":0,"k":100,"ix":7},"sk":{"a":0,"k":0,"ix":4},"sa":{"a":0,"k":0,"ix":5},"nm":"Transform"}],"nm":"Group 44","np":2,"cix":2,"bm":0,"ix":42,"mn":"ADBE Vector Group","hd":false},{"ty":"gr","it":[{"ind":0,"ty":"sh","ix":1,"ks":{"a":0,"k":{"i":[[0,0],[0,0],[0,0],[0,0]],"o":[[0,0],[0,0],[0,0],[0,0]],"v":[[26,144.5],[-26,144.5],[-26,-144.5],[26,-144.5]],"c":true},"ix":2},"nm":"Path 1","mn":"ADBE Vector Shape - Group","hd":false},{"ty":"fl","c":{"a":0,"k":[0.015686275437,0.450980395079,0.917647063732,1],"ix":4},"o":{"a":0,"k":100,"ix":5},"r":1,"bm":0,"nm":"Fill 1","mn":"ADBE Vector Graphic - Fill","hd":false},{"ty":"tr","p":{"a":0,"k":[239,947.5],"ix":2},"a":{"a":0,"k":[0,0],"ix":1},"s":{"a":0,"k":[100,100],"ix":3},"r":{"a":0,"k":0,"ix":6},"o":{"a":0,"k":100,"ix":7},"sk":{"a":0,"k":0,"ix":4},"sa":{"a":0,"k":0,"ix":5},"nm":"Transform"}],"nm":"Group 45","np":2,"cix":2,"bm":0,"ix":43,"mn":"ADBE Vector Group","hd":false},{"ty":"gr","it":[{"ind":0,"ty":"sh","ix":1,"ks":{"a":0,"k":{"i":[[0,0],[0,0],[0,0],[0,0]],"o":[[0,0],[0,0],[0,0],[0,0]],"v":[[14.118,8.118],[-14.118,8.118],[-14.118,-8.118],[14.118,-8.118]],"c":true},"ix":2},"nm":"Path 1","mn":"ADBE Vector Shape - Group","hd":false},{"ty":"fl","c":{"a":0,"k":[0.043137256056,0.337254911661,0.658823549747,1],"ix":4},"o":{"a":0,"k":100,"ix":5},"r":1,"bm":0,"nm":"Fill 1","mn":"ADBE Vector Graphic - Fill","hd":false},{"ty":"tr","p":{"a":0,"k":[614.5,950.941],"ix":2},"a":{"a":0,"k":[0,0],"ix":1},"s":{"a":0,"k":[100,100],"ix":3},"r":{"a":0,"k":0,"ix":6},"o":{"a":0,"k":100,"ix":7},"sk":{"a":0,"k":0,"ix":4},"sa":{"a":0,"k":0,"ix":5},"nm":"Transform"}],"nm":"Group 46","np":2,"cix":2,"bm":0,"ix":44,"mn":"ADBE Vector Group","hd":false},{"ty":"gr","it":[{"ind":0,"ty":"sh","ix":1,"ks":{"a":0,"k":{"i":[[0,0],[0,0],[0,0],[0,0]],"o":[[0,0],[0,0],[0,0],[0,0]],"v":[[14.118,8.118],[-14.118,8.118],[-14.118,-8.118],[14.118,-8.118]],"c":true},"ix":2},"nm":"Path 1","mn":"ADBE Vector Shape - Group","hd":false},{"ty":"fl","c":{"a":0,"k":[0.043137256056,0.337254911661,0.658823549747,1],"ix":4},"o":{"a":0,"k":100,"ix":5},"r":1,"bm":0,"nm":"Fill 1","mn":"ADBE Vector Graphic - Fill","hd":false},{"ty":"tr","p":{"a":0,"k":[491.059,950.941],"ix":2},"a":{"a":0,"k":[0,0],"ix":1},"s":{"a":0,"k":[100,100],"ix":3},"r":{"a":0,"k":0,"ix":6},"o":{"a":0,"k":100,"ix":7},"sk":{"a":0,"k":0,"ix":4},"sa":{"a":0,"k":0,"ix":5},"nm":"Transform"}],"nm":"Group 47","np":2,"cix":2,"bm":0,"ix":45,"mn":"ADBE Vector Group","hd":false},{"ty":"gr","it":[{"ind":0,"ty":"sh","ix":1,"ks":{"a":0,"k":{"i":[[0,0],[0,0],[0,0],[0,0]],"o":[[0,0],[0,0],[0,0],[0,0]],"v":[[14.118,74.588],[-14.118,74.588],[-14.118,-74.588],[14.118,-74.588]],"c":true},"ix":2},"nm":"Path 1","mn":"ADBE Vector Shape - Group","hd":false},{"ty":"fl","c":{"a":0,"k":[0.015686275437,0.450980395079,0.917647063732,1],"ix":4},"o":{"a":0,"k":100,"ix":5},"r":1,"bm":0,"nm":"Fill 1","mn":"ADBE Vector Graphic - Fill","hd":false},{"ty":"tr","p":{"a":0,"k":[614.5,1017.412],"ix":2},"a":{"a":0,"k":[0,0],"ix":1},"s":{"a":0,"k":[100,100],"ix":3},"r":{"a":0,"k":0,"ix":6},"o":{"a":0,"k":100,"ix":7},"sk":{"a":0,"k":0,"ix":4},"sa":{"a":0,"k":0,"ix":5},"nm":"Transform"}],"nm":"Group 48","np":2,"cix":2,"bm":0,"ix":46,"mn":"ADBE Vector Group","hd":false},{"ty":"gr","it":[{"ind":0,"ty":"sh","ix":1,"ks":{"a":0,"k":{"i":[[0,0],[0,0],[0,0],[0,0]],"o":[[0,0],[0,0],[0,0],[0,0]],"v":[[14.118,74.588],[-14.118,74.588],[-14.118,-74.588],[14.118,-74.588]],"c":true},"ix":2},"nm":"Path 1","mn":"ADBE Vector Shape - Group","hd":false},{"ty":"fl","c":{"a":0,"k":[0.015686275437,0.450980395079,0.917647063732,1],"ix":4},"o":{"a":0,"k":100,"ix":5},"r":1,"bm":0,"nm":"Fill 1","mn":"ADBE Vector Graphic - Fill","hd":false},{"ty":"tr","p":{"a":0,"k":[491.059,1017.412],"ix":2},"a":{"a":0,"k":[0,0],"ix":1},"s":{"a":0,"k":[100,100],"ix":3},"r":{"a":0,"k":0,"ix":6},"o":{"a":0,"k":100,"ix":7},"sk":{"a":0,"k":0,"ix":4},"sa":{"a":0,"k":0,"ix":5},"nm":"Transform"}],"nm":"Group 49","np":2,"cix":2,"bm":0,"ix":47,"mn":"ADBE Vector Group","hd":false},{"ty":"gr","it":[{"ind":0,"ty":"sh","ix":1,"ks":{"a":0,"k":{"i":[[0,0],[0,0],[0,0],[0,0]],"o":[[0,0],[0,0],[0,0],[0,0]],"v":[[14.118,74.588],[-14.118,74.588],[-14.118,-74.588],[14.118,-74.588]],"c":true},"ix":2},"nm":"Path 1","mn":"ADBE Vector Shape - Group","hd":false},{"ty":"fl","c":{"a":0,"k":[0.043137256056,0.337254911661,0.658823549747,1],"ix":4},"o":{"a":0,"k":100,"ix":5},"r":1,"bm":0,"nm":"Fill 1","mn":"ADBE Vector Graphic - Fill","hd":false},{"ty":"tr","p":{"a":0,"k":[621.706,1017.412],"ix":2},"a":{"a":0,"k":[0,0],"ix":1},"s":{"a":0,"k":[100,100],"ix":3},"r":{"a":0,"k":0,"ix":6},"o":{"a":0,"k":100,"ix":7},"sk":{"a":0,"k":0,"ix":4},"sa":{"a":0,"k":0,"ix":5},"nm":"Transform"}],"nm":"Group 50","np":2,"cix":2,"bm":0,"ix":48,"mn":"ADBE Vector Group","hd":false},{"ty":"gr","it":[{"ind":0,"ty":"sh","ix":1,"ks":{"a":0,"k":{"i":[[0,0],[0,0],[0,0],[0,0]],"o":[[0,0],[0,0],[0,0],[0,0]],"v":[[14.118,74.588],[-14.118,74.588],[-14.118,-74.588],[14.118,-74.588]],"c":true},"ix":2},"nm":"Path 1","mn":"ADBE Vector Shape - Group","hd":false},{"ty":"fl","c":{"a":0,"k":[0.043137256056,0.337254911661,0.658823549747,1],"ix":4},"o":{"a":0,"k":100,"ix":5},"r":1,"bm":0,"nm":"Fill 1","mn":"ADBE Vector Graphic - Fill","hd":false},{"ty":"tr","p":{"a":0,"k":[498.265,1017.412],"ix":2},"a":{"a":0,"k":[0,0],"ix":1},"s":{"a":0,"k":[100,100],"ix":3},"r":{"a":0,"k":0,"ix":6},"o":{"a":0,"k":100,"ix":7},"sk":{"a":0,"k":0,"ix":4},"sa":{"a":0,"k":0,"ix":5},"nm":"Transform"}],"nm":"Group 51","np":2,"cix":2,"bm":0,"ix":49,"mn":"ADBE Vector Group","hd":false}],"ip":0,"op":67,"st":0,"bm":0},{"ddd":0,"ind":4,"ty":4,"nm":"BG","sr":1,"ks":{"o":{"a":0,"k":100,"ix":11},"r":{"a":0,"k":0,"ix":10},"p":{"a":0,"k":[618.118,1101.059,0],"ix":2},"a":{"a":0,"k":[0,0,0],"ix":1},"s":{"a":0,"k":[100,100,100],"ix":6}},"ao":0,"shapes":[{"ty":"gr","it":[{"ind":0,"ty":"sh","ix":1,"ks":{"a":0,"k":{"i":[[5.003,0],[0,0],[0,5.003],[0,0],[-5.003,0],[0,0],[0,-5.003],[0,0]],"o":[[0,0],[-5.003,0],[0,0],[0,-5.003],[0,0],[5.003,0],[0,0],[0,5.003]],"v":[[439.176,9.059],[-439.176,9.059],[-448.235,0],[-448.235,0],[-439.176,-9.059],[439.176,-9.059],[448.235,0],[448.235,0]],"c":true},"ix":2},"nm":"Path 1","mn":"ADBE Vector Shape - Group","hd":false},{"ty":"fl","c":{"a":0,"k":[0.043137256056,0.337254911661,0.658823549747,1],"ix":4},"o":{"a":0,"k":100,"ix":5},"r":1,"bm":0,"nm":"Fill 1","mn":"ADBE Vector Graphic - Fill","hd":false},{"ty":"tr","p":{"a":0,"k":[0,0],"ix":2},"a":{"a":0,"k":[0,0],"ix":1},"s":{"a":0,"k":[100,100],"ix":3},"r":{"a":0,"k":0,"ix":6},"o":{"a":0,"k":100,"ix":7},"sk":{"a":0,"k":0,"ix":4},"sa":{"a":0,"k":0,"ix":5},"nm":"Transform"}],"nm":"Group 1","np":2,"cix":2,"bm":0,"ix":1,"mn":"ADBE Vector Group","hd":false}],"ip":67,"op":67,"st":0,"bm":0,"hidden":0}],"markers":[]}