{"v":"5.5.7","meta":{"g":"LottieFiles AE 0.1.21","a":"","k":"","d":"","tc":""},"fr":25,"ip":0,"op":70,"w":1200,"h":1200,"nm":"Bill Payment","ddd":0,"assets":[],"layers":[{"ddd":0,"ind":1,"ty":4,"nm":"Character","sr":1,"ks":{"o":{"a":0,"k":100,"ix":11},"r":{"a":0,"k":0,"ix":10},"p":{"a":0,"k":[300.922,759.824,0],"ix":2},"a":{"a":0,"k":[300.922,759.824,0],"ix":1},"s":{"a":0,"k":[100,100,100],"ix":6}},"ao":0,"shapes":[{"ty":"gr","it":[{"ty":"gr","it":[{"ty":"gr","it":[{"ty":"gr","it":[{"ind":0,"ty":"sh","ix":1,"ks":{"a":0,"k":{"i":[[-0.214,-4.68],[5.949,0.272],[0.214,4.68],[-5.949,-0.272]],"o":[[0.272,5.949],[-4.68,-0.214],[-0.272,-5.949],[4.68,0.214]],"v":[[9.676,-1.106],[-1.106,9.676],[-9.676,1.106],[1.106,-9.676]],"c":true},"ix":2},"nm":"Path 1","mn":"ADBE Vector Shape - Group","hd":false},{"ty":"fl","c":{"a":0,"k":[0.607843160629,0.909803926945,0.501960813999,1],"ix":4},"o":{"a":0,"k":100,"ix":5},"r":1,"bm":0,"nm":"Fill 1","mn":"ADBE Vector Graphic - Fill","hd":false},{"ty":"tr","p":{"a":0,"k":[189.647,495.699],"ix":2},"a":{"a":0,"k":[0,0],"ix":1},"s":{"a":0,"k":[100,100],"ix":3},"r":{"a":0,"k":0,"ix":6},"o":{"a":0,"k":100,"ix":7},"sk":{"a":0,"k":0,"ix":4},"sa":{"a":0,"k":0,"ix":5},"nm":"Transform"}],"nm":"Group 1","np":2,"cix":2,"bm":0,"ix":1,"mn":"ADBE Vector Group","hd":false},{"ty":"gr","it":[{"ind":0,"ty":"sh","ix":1,"ks":{"a":0,"k":{"i":[[2.886,-3.172],[0,0],[3.172,2.886],[0,0],[-2.886,3.172],[0,0],[-3.172,-2.886],[0,0]],"o":[[0,0],[-2.886,3.172],[0,0],[-3.172,-2.886],[0,0],[2.886,-3.172],[0,0],[3.172,2.886]],"v":[[19.758,-10.176],[-8.272,20.627],[-19.241,21.145],[-19.241,21.144],[-19.758,10.176],[8.272,-20.627],[19.241,-21.145],[19.241,-21.144]],"c":true},"ix":2},"nm":"Path 1","mn":"ADBE Vector Shape - Group","hd":false},{"ty":"fl","c":{"a":0,"k":[0.137254908681,0.521568655968,0,1],"ix":4},"o":{"a":0,"k":100,"ix":5},"r":1,"bm":0,"nm":"Fill 1","mn":"ADBE Vector Graphic - Fill","hd":false},{"ty":"tr","p":{"a":0,"k":[220.537,515.704],"ix":2},"a":{"a":0,"k":[0,0],"ix":1},"s":{"a":0,"k":[100,100],"ix":3},"r":{"a":0,"k":0,"ix":6},"o":{"a":0,"k":100,"ix":7},"sk":{"a":0,"k":0,"ix":4},"sa":{"a":0,"k":0,"ix":5},"nm":"Transform"}],"nm":"Group 2","np":2,"cix":2,"bm":0,"ix":2,"mn":"ADBE Vector Group","hd":false},{"ty":"gr","it":[{"ind":0,"ty":"sh","ix":1,"ks":{"a":0,"k":{"i":[[-0.47,-10.254],[9.628,-10.07],[0.47,10.254],[-13.035,-0.597]],"o":[[-6.766,7.693],[-10.254,-0.469],[-0.597,-13.035],[10.254,0.469]],"v":[[21.211,-2.411],[-2.411,21.211],[-21.188,2.434],[2.434,-21.188]],"c":true},"ix":2},"nm":"Path 1","mn":"ADBE Vector Shape - Group","hd":false},{"ty":"fl","c":{"a":0,"k":[0.219607844949,0.823529422283,0,1],"ix":4},"o":{"a":0,"k":100,"ix":5},"r":1,"bm":0,"nm":"Fill 1","mn":"ADBE Vector Graphic - Fill","hd":false},{"ty":"tr","p":{"a":0,"k":[213.32,510.422],"ix":2},"a":{"a":0,"k":[0,0],"ix":1},"s":{"a":0,"k":[100,100],"ix":3},"r":{"a":0,"k":0,"ix":6},"o":{"a":0,"k":100,"ix":7},"sk":{"a":0,"k":0,"ix":4},"sa":{"a":0,"k":0,"ix":5},"nm":"Transform"}],"nm":"Group 3","np":2,"cix":2,"bm":0,"ix":3,"mn":"ADBE Vector Group","hd":false},{"ty":"tr","p":{"a":0,"k":[213.32,510.422],"ix":2},"a":{"a":0,"k":[213.32,510.422],"ix":1},"s":{"a":0,"k":[100,100],"ix":3},"r":{"a":0,"k":0,"ix":6},"o":{"a":0,"k":100,"ix":7},"sk":{"a":0,"k":0,"ix":4},"sa":{"a":0,"k":0,"ix":5},"nm":"Transform"}],"nm":"Group 9","np":3,"cix":2,"bm":0,"ix":1,"mn":"ADBE Vector Group","hd":false},{"ty":"gr","it":[{"ind":0,"ty":"sh","ix":1,"ks":{"a":1,"k":[{"i":{"x":0.833,"y":0.833},"o":{"x":0.167,"y":0.167},"t":10,"s":[{"i":[[0,0],[-13.913,-2.397],[0,0],[0,0],[16.394,-10.564],[0,0]],"o":[[0,0],[13.913,2.397],[0,0],[0,0],[-16.394,10.564],[0,0]],"v":[[-16.019,-32.281],[9.513,-49.243],[23,-33.977],[42.896,12.981],[34.318,40.635],[5.425,37.127]],"c":true}]},{"i":{"x":0.667,"y":1},"o":{"x":0.167,"y":0.167},"t":15,"s":[{"i":[[0,0],[-13.913,-2.397],[0,0],[0,0],[19.668,-1.044],[0,0]],"o":[[0,0],[13.913,2.397],[0,0],[0,0],[-19.668,1.044],[0,0]],"v":[[-11.434,-39.91],[9.513,-49.243],[23,-33.977],[36.471,29.806],[15.094,49.385],[-8.484,32.193]],"c":true}]},{"i":{"x":0.833,"y":0.833},"o":{"x":0.333,"y":0},"t":20,"s":[{"i":[[0,0],[-13.913,-2.397],[0,0],[0,0],[17.518,8.442],[0,0]],"o":[[0,0],[13.913,2.397],[0,0],[0,0],[-17.518,-8.442],[0,0]],"v":[[3.774,-21.801],[9.513,-49.243],[23,-33.977],[2.133,36.939],[-25.912,44.13],[-37.908,17.642]],"c":true}]},{"i":{"x":0.667,"y":1},"o":{"x":0.167,"y":0.167},"t":24,"s":[{"i":[[0,0],[-13.913,-2.397],[0,0],[0,0],[19.753,0.673],[0,0]],"o":[[0,0],[13.913,2.397],[0,0],[0,0],[-19.753,-0.673],[0,0]],"v":[[-11.434,-39.91],[9.513,-49.243],[23,-33.977],[31.416,30.968],[8.216,48.541],[-13.734,29.43]],"c":true}]},{"i":{"x":0.833,"y":0.833},"o":{"x":0.333,"y":0},"t":28,"s":[{"i":[[0,0],[-13.913,-2.397],[0,0],[0,0],[19.478,3.356],[0,0]],"o":[[0,0],[13.913,2.397],[0,0],[0,0],[-19.478,-3.356],[0,0]],"v":[[-11.434,-39.91],[9.513,-49.243],[23,-33.977],[21.52,34.89],[-3.857,49.14],[-23.001,27.219]],"c":true}]},{"i":{"x":0.833,"y":0.833},"o":{"x":0.167,"y":0.167},"t":50,"s":[{"i":[[0,0],[-13.913,-2.397],[0,0],[0,0],[19.753,0.673],[0,0]],"o":[[0,0],[13.913,2.397],[0,0],[0,0],[-19.753,-0.673],[0,0]],"v":[[-11.434,-39.91],[9.513,-49.243],[23,-33.977],[31.416,30.968],[8.216,48.541],[-13.734,29.43]],"c":true}]},{"i":{"x":0.79,"y":1},"o":{"x":0.167,"y":0.167},"t":55,"s":[{"i":[[0,0],[-13.913,-2.397],[0,0],[0,0],[17.933,8.541],[0,0]],"o":[[0,0],[13.913,2.397],[0,0],[0,0],[-17.933,-8.541],[0,0]],"v":[[3.97,-20.787],[9.513,-49.243],[23,-33.977],[3.409,35.997],[-25.061,42.664],[-37.58,16.474]],"c":true}]},{"i":{"x":0.667,"y":1},"o":{"x":0.167,"y":0.167},"t":59,"s":[{"i":[[0,0],[-13.913,-2.397],[0,0],[0,0],[16.242,-10.714],[0,0]],"o":[[0,0],[13.913,2.397],[0,0],[0,0],[-16.242,10.714],[0,0]],"v":[[-16.334,-15.318],[9.513,-49.243],[23,-33.977],[61.875,7.322],[53.629,35.096],[24.751,31.812]],"c":true}]},{"t":65,"s":[{"i":[[0,0],[-13.913,-2.397],[0,0],[0,0],[16.394,-10.564],[0,0]],"o":[[0,0],[13.913,2.397],[0,0],[0,0],[-16.394,10.564],[0,0]],"v":[[-16.019,-32.281],[9.513,-49.243],[23,-33.977],[42.896,12.981],[34.318,40.635],[5.425,37.127]],"c":true}]}],"ix":2},"nm":"Path 1","mn":"ADBE Vector Shape - Group","hd":false},{"ty":"fl","c":{"a":0,"k":[0.68235296011,0.250980407,0.031372550875,1],"ix":4},"o":{"a":0,"k":100,"ix":5},"r":1,"bm":0,"nm":"Fill 1","mn":"ADBE Vector Graphic - Fill","hd":false},{"ty":"tr","p":{"a":0,"k":[217.084,545.265],"ix":2},"a":{"a":0,"k":[0,0],"ix":1},"s":{"a":0,"k":[100,100],"ix":3},"r":{"a":0,"k":0,"ix":6},"o":{"a":0,"k":100,"ix":7},"sk":{"a":0,"k":0,"ix":4},"sa":{"a":0,"k":0,"ix":5},"nm":"Transform"}],"nm":"Group 10","np":2,"cix":2,"bm":0,"ix":2,"mn":"ADBE Vector Group","hd":false},{"ty":"gr","it":[{"ind":0,"ty":"sh","ix":1,"ks":{"a":0,"k":{"i":[[-0.951,-12.061],[15.332,1.209],[0.951,12.061],[-15.332,-1.209]],"o":[[1.209,15.332],[-12.061,-0.951],[-1.209,-15.332],[12.061,0.951]],"v":[[24.803,-2.019],[-2.019,24.803],[-24.803,2.019],[2.019,-24.803]],"c":true},"ix":2},"nm":"Path 1","mn":"ADBE Vector Shape - Group","hd":false},{"ty":"fl","c":{"a":0,"k":[0.698039233685,0.54509806633,0.403921574354,1],"ix":4},"o":{"a":0,"k":100,"ix":5},"r":1,"bm":0,"nm":"Fill 1","mn":"ADBE Vector Graphic - Fill","hd":false},{"ty":"tr","p":{"a":0,"k":[233.235,526.529],"ix":2},"a":{"a":0,"k":[0,0],"ix":1},"s":{"a":0,"k":[100,100],"ix":3},"r":{"a":0,"k":0,"ix":6},"o":{"a":0,"k":100,"ix":7},"sk":{"a":0,"k":0,"ix":4},"sa":{"a":0,"k":0,"ix":5},"nm":"Transform"}],"nm":"Group 11","np":2,"cix":2,"bm":0,"ix":3,"mn":"ADBE Vector Group","hd":false},{"ty":"tr","p":{"a":1,"k":[{"i":{"x":0.833,"y":0.833},"o":{"x":0.167,"y":0},"t":10,"s":[239.382,532.432],"to":[2.167,0.233],"ti":[3.5,2.267]},{"i":{"x":0.833,"y":0.833},"o":{"x":0.167,"y":0.167},"t":15,"s":[252.382,533.832],"to":[-3.5,-2.267],"ti":[0,0]},{"i":{"x":0.833,"y":0.833},"o":{"x":0.167,"y":0.167},"t":24,"s":[218.382,518.832],"to":[0,0],"ti":[0,0]},{"i":{"x":0.833,"y":0.833},"o":{"x":0.167,"y":0.167},"t":50,"s":[218.382,518.832],"to":[-0.283,-0.567],"ti":[-5.667,-2.767]},{"i":{"x":0.71,"y":1},"o":{"x":0.167,"y":0.167},"t":51,"s":[216.682,515.432],"to":[5.667,2.767],"ti":[-3.783,-2.833]},{"i":{"x":0.879,"y":1},"o":{"x":0.414,"y":0},"t":58,"s":[252.382,535.432],"to":[3.783,2.833],"ti":[2.167,0.5]},{"t":65,"s":[239.382,532.432]}],"ix":2},"a":{"a":0,"k":[232.382,526.832],"ix":1},"s":{"a":0,"k":[100,100],"ix":3},"r":{"a":1,"k":[{"i":{"x":[0.833],"y":[0.833]},"o":{"x":[0.167],"y":[0]},"t":10,"s":[32]},{"i":{"x":[0.833],"y":[0.833]},"o":{"x":[0.167],"y":[0.167]},"t":15,"s":[30]},{"i":{"x":[0.833],"y":[0.833]},"o":{"x":[0.167],"y":[0.167]},"t":24,"s":[-5]},{"i":{"x":[0.833],"y":[0.833]},"o":{"x":[0.167],"y":[0.167]},"t":50,"s":[-5]},{"i":{"x":[0.71],"y":[1]},"o":{"x":[0.167],"y":[0.167]},"t":51,"s":[-6.4]},{"i":{"x":[0.42],"y":[1]},"o":{"x":[0.305],"y":[0]},"t":60,"s":[30]},{"t":67,"s":[32]}],"ix":6},"o":{"a":0,"k":100,"ix":7},"sk":{"a":0,"k":0,"ix":4},"sa":{"a":0,"k":0,"ix":5},"nm":"Transform"}],"nm":"Head","np":3,"cix":2,"bm":0,"ix":1,"mn":"ADBE Vector Group","hd":false},{"ty":"gr","it":[{"ty":"gr","it":[{"ind":0,"ty":"sh","ix":1,"ks":{"a":1,"k":[{"i":{"x":0.833,"y":0.833},"o":{"x":0.167,"y":0.167},"t":10,"s":[{"i":[[0,0],[0,4.294]],"o":[[0,0],[0,-25.059]],"v":[[1.5,55.765],[-1.5,-55.765]],"c":false}]},{"i":{"x":0.833,"y":0.833},"o":{"x":0.167,"y":0.167},"t":24,"s":[{"i":[[0,0],[0,4.294]],"o":[[0,0],[0,-25.059]],"v":[[1.5,55.765],[-1.5,-55.765]],"c":false}]},{"i":{"x":0.833,"y":0.833},"o":{"x":0.167,"y":0.167},"t":50,"s":[{"i":[[0,0],[0,4.294]],"o":[[0,0],[0,-25.059]],"v":[[1.5,55.765],[-1.5,-55.765]],"c":false}]},{"i":{"x":0.833,"y":0.833},"o":{"x":0.167,"y":0.167},"t":57,"s":[{"i":[[-7.161,55.463],[-3.02,-8.107]],"o":[[-8.548,-61.586],[2.282,15.76]],"v":[[14.878,52.193],[-1.5,-55.765]],"c":false}]},{"t":60,"s":[{"i":[[0,0],[0,4.294]],"o":[[0,0],[0,-25.059]],"v":[[1.5,55.765],[-1.5,-55.765]],"c":false}]}],"ix":2},"nm":"Path 1","mn":"ADBE Vector Shape - Group","hd":false},{"ty":"st","c":{"a":0,"k":[0.043137256056,0.337254911661,0.658823549747,1],"ix":3},"o":{"a":0,"k":100,"ix":4},"w":{"a":0,"k":8,"ix":5},"lc":2,"lj":1,"ml":10,"bm":0,"nm":"Stroke 1","mn":"ADBE Vector Graphic - Stroke","hd":false},{"ty":"tr","p":{"a":0,"k":[248.853,834.824],"ix":2},"a":{"a":0,"k":[0,0],"ix":1},"s":{"a":0,"k":[100,100],"ix":3},"r":{"a":0,"k":0,"ix":6},"o":{"a":0,"k":100,"ix":7},"sk":{"a":0,"k":0,"ix":4},"sa":{"a":0,"k":0,"ix":5},"nm":"Transform"}],"nm":"Line","np":2,"cix":2,"bm":0,"ix":1,"mn":"ADBE Vector Group","hd":false},{"ty":"gr","it":[{"ind":0,"ty":"sh","ix":1,"ks":{"a":1,"k":[{"i":{"x":0.833,"y":0.833},"o":{"x":0.167,"y":0.167},"t":10,"s":[{"i":[[-13.051,3.242],[0,0],[0,0],[0,0],[0.908,-55.294],[0,0],[0,0]],"o":[[0,0],[0,0],[0,0],[0,0],[-3.959,0],[0,0],[-0.367,-13.443]],"v":[[-20.783,-65.181],[33.338,-51.816],[23.437,-10.385],[-6.321,-23.542],[-4.745,77.983],[-39.448,75.502],[-42.504,-36.61]],"c":true}]},{"i":{"x":0.833,"y":0.833},"o":{"x":0.167,"y":0.167},"t":13,"s":[{"i":[[-13.051,3.242],[0,0],[0,0],[0,0],[0.908,-55.294],[0,0],[0,0]],"o":[[0,0],[0,0],[0,0],[0,0],[-3.959,0],[0,0],[-0.367,-13.443]],"v":[[-20.783,-67.681],[32.562,-59.666],[29.161,-18.382],[-6.321,-26.042],[-4.745,75.483],[-39.448,73.002],[-42.504,-39.11]],"c":true}]},{"i":{"x":0.833,"y":0.833},"o":{"x":0.167,"y":0.167},"t":20,"s":[{"i":[[-13.051,3.242],[0,0],[0,0],[0,0],[0.908,-55.294],[0,0],[0,0]],"o":[[0,0],[0,0],[0,0],[0,0],[-3.959,0],[0,0],[-0.367,-13.443]],"v":[[-20.783,-72.681],[30.75,-77.983],[42.515,-37.042],[-6.321,-31.042],[-4.745,70.483],[-39.448,68.002],[-42.504,-44.11]],"c":true}]},{"i":{"x":0.833,"y":0.833},"o":{"x":0.167,"y":0.167},"t":24,"s":[{"i":[[-13.051,3.242],[0,0],[0,0],[0,0],[0.908,-55.294],[0,0],[0,0]],"o":[[0,0],[0,0],[0,0],[0,0],[-3.959,0],[0,0],[-0.367,-13.443]],"v":[[-20.783,-75.181],[30.75,-77.983],[42.515,-37.042],[-6.321,-33.542],[-4.745,67.983],[-39.448,65.502],[-42.504,-46.61]],"c":true}]},{"i":{"x":0.833,"y":0.833},"o":{"x":0.167,"y":0.167},"t":50,"s":[{"i":[[-13.051,3.242],[0,0],[0,0],[0,0],[0.908,-55.294],[0,0],[0,0]],"o":[[0,0],[0,0],[0,0],[0,0],[-3.959,0],[0,0],[-0.367,-13.443]],"v":[[-20.783,-75.181],[30.75,-77.983],[42.515,-37.042],[-6.321,-33.542],[-4.745,67.983],[-39.448,65.502],[-42.504,-46.61]],"c":true}]},{"i":{"x":0.833,"y":0.833},"o":{"x":0.167,"y":0.167},"t":54,"s":[{"i":[[-13.051,3.242],[0,0],[0,0],[0,0],[4.605,-55.109],[0,0],[0,0]],"o":[[0,0],[0,0],[0,0],[0,0],[-3.95,-0.265],[0,0],[-0.367,-13.443]],"v":[[-20.783,-72.681],[35.62,-48.864],[22.969,-8.188],[-6.321,-31.042],[-4.438,70.409],[-39.448,68.002],[-42.504,-44.11]],"c":true}]},{"i":{"x":0.833,"y":0.833},"o":{"x":0.167,"y":0.167},"t":57,"s":[{"i":[[-13.051,3.242],[0,0],[0,0],[0,0],[2.756,-55.202],[0,0],[0,0]],"o":[[0,0],[0,0],[0,0],[0,0],[-3.954,-0.132],[0,0],[-0.367,-13.443]],"v":[[-20.783,-68.931],[34.479,-50.34],[23.203,-9.286],[-6.321,-27.292],[-4.592,74.196],[-39.448,71.752],[-42.504,-40.36]],"c":true}]},{"t":60,"s":[{"i":[[-13.051,3.242],[0,0],[0,0],[0,0],[0.908,-55.294],[0,0],[0,0]],"o":[[0,0],[0,0],[0,0],[0,0],[-3.959,0],[0,0],[-0.367,-13.443]],"v":[[-20.783,-65.181],[33.338,-51.816],[23.437,-10.385],[-6.321,-23.542],[-4.745,77.983],[-39.448,75.502],[-42.504,-36.61]],"c":true}]}],"ix":2},"nm":"Path 1","mn":"ADBE Vector Shape - Group","hd":false},{"ty":"fl","c":{"a":0,"k":[0.219607844949,0.823529422283,0,1],"ix":4},"o":{"a":0,"k":100,"ix":5},"r":1,"bm":0,"nm":"Fill 1","mn":"ADBE Vector Graphic - Fill","hd":false},{"ty":"tr","p":{"a":0,"k":[291.603,633.277],"ix":2},"a":{"a":0,"k":[0,0],"ix":1},"s":{"a":0,"k":[100,100],"ix":3},"r":{"a":0,"k":0,"ix":6},"o":{"a":0,"k":100,"ix":7},"sk":{"a":0,"k":0,"ix":4},"sa":{"a":0,"k":0,"ix":5},"nm":"Transform"}],"nm":"Green Sleeve","np":2,"cix":2,"bm":0,"ix":2,"mn":"ADBE Vector Group","hd":false},{"ty":"gr","it":[{"ind":0,"ty":"sh","ix":1,"ks":{"a":1,"k":[{"i":{"x":0.833,"y":0.833},"o":{"x":0.167,"y":0.167},"t":10,"s":[{"i":[[0,0],[0,0],[-27.321,13.266]],"o":[[0,0],[0,0],[8.467,-42.242]],"v":[[-30.711,77.896],[9.153,87.398],[94.55,69.558]],"c":false}]},{"i":{"x":0.833,"y":0.833},"o":{"x":0.167,"y":0.167},"t":13,"s":[{"i":[[0,0],[0,0],[-20.086,12.604]],"o":[[0,0],[0,0],[1.904,-41.852]],"v":[[-27.879,71.998],[16.249,74.202],[104.815,44.22]],"c":false}]},{"i":{"x":0.833,"y":0.833},"o":{"x":0.167,"y":0.167},"t":20,"s":[{"i":[[0,0],[0,0],[1.294,47.059]],"o":[[0,0],[0,0],[-13.412,-40.941]],"v":[[-21.271,58.235],[13.141,42.412],[46.435,-63.235]],"c":false}]},{"i":{"x":0.833,"y":0.833},"o":{"x":0.167,"y":0.167},"t":24,"s":[{"i":[[0,0],[0,0],[22.411,53.353]],"o":[[0,0],[0,0],[-23.678,-35.421]],"v":[[-21.271,58.235],[13.141,42.412],[0.491,-56.446]],"c":false}]},{"i":{"x":0.833,"y":0.833},"o":{"x":0.167,"y":0.167},"t":50,"s":[{"i":[[0,0],[0,0],[26.946,51.942]],"o":[[0,0],[0,0],[-26.758,-33.765]],"v":[[-21.271,58.235],[13.141,42.412],[-11.193,-56.209]],"c":false}]},{"i":{"x":0.833,"y":0.833},"o":{"x":0.167,"y":0.167},"t":54,"s":[{"i":[[0,0],[0,0],[-28.147,11.408]],"o":[[0,0],[0,0],[11.275,-41.58]],"v":[[-30.711,77.896],[9.438,91.723],[95.837,79.636]],"c":false}]},{"i":{"x":0.833,"y":0.833},"o":{"x":0.167,"y":0.167},"t":57,"s":[{"i":[[0,0],[0,0],[-28.147,11.408]],"o":[[0,0],[0,0],[11.275,-41.58]],"v":[[-30.711,77.896],[9.438,91.723],[95.837,79.636]],"c":false}]},{"t":60,"s":[{"i":[[0,0],[0,0],[-27.321,13.266]],"o":[[0,0],[0,0],[8.467,-42.242]],"v":[[-30.711,77.896],[9.153,87.398],[94.55,69.558]],"c":false}]}],"ix":2},"nm":"Path 1","mn":"ADBE Vector Shape - Group","hd":false},{"ty":"st","c":{"a":0,"k":[0.698039233685,0.54509806633,0.403921574354,1],"ix":3},"o":{"a":0,"k":100,"ix":4},"w":{"a":0,"k":26,"ix":5},"lc":2,"lj":2,"bm":0,"nm":"Stroke 1","mn":"ADBE Vector Graphic - Stroke","hd":false},{"ty":"tr","p":{"a":0,"k":[337.271,523.176],"ix":2},"a":{"a":0,"k":[0,0],"ix":1},"s":{"a":0,"k":[100,100],"ix":3},"r":{"a":0,"k":0,"ix":6},"o":{"a":0,"k":100,"ix":7},"sk":{"a":0,"k":0,"ix":4},"sa":{"a":0,"k":0,"ix":5},"nm":"Transform"}],"nm":"Arm ","np":2,"cix":2,"bm":0,"ix":3,"mn":"ADBE Vector Group","hd":false},{"ty":"gr","it":[{"ind":0,"ty":"sh","ix":1,"ks":{"a":1,"k":[{"i":{"x":0.833,"y":0.833},"o":{"x":0.167,"y":0.167},"t":10,"s":[{"i":[[-0.471,-24.471],[0,0],[0,0],[0,0],[0,0],[0,0],[0,0],[0,71.059],[11.474,30.949]],"o":[[-0.836,18.883],[0,0],[0,0],[0,0],[0,0],[0,0],[0,0],[0,-71.059],[-10.574,-34.103]],"v":[[-26.824,-202.361],[-23.529,-40.008],[-65.412,222.58],[-28.875,222.58],[2.248,98.77],[-1.412,222.58],[37.647,222.58],[65.412,-39.538],[47.279,-198.847]],"c":true}]},{"i":{"x":0.833,"y":0.833},"o":{"x":0.167,"y":0.167},"t":24,"s":[{"i":[[-2.922,-21.626],[0,0],[0,0],[0,0],[0,0],[0,0],[0,0],[0,71.059],[14.506,26.128]],"o":[[1.064,16.823],[0,0],[0,0],[0,0],[0,0],[0,0],[0,0],[0,-71.059],[-13.927,-29.023]],"v":[[-32.749,-212.752],[-23.529,-40.008],[-65.412,222.58],[-28.875,222.58],[2.248,98.77],[-1.412,222.58],[37.647,222.58],[65.412,-39.538],[41.236,-217.976]],"c":true}]},{"i":{"x":0.833,"y":0.833},"o":{"x":0.167,"y":0.167},"t":50,"s":[{"i":[[-2.922,-21.626],[0,0],[0,0],[0,0],[0,0],[0,0],[0,0],[0,71.059],[14.506,26.128]],"o":[[1.064,16.823],[0,0],[0,0],[0,0],[0,0],[0,0],[0,0],[0,-71.059],[-13.927,-29.023]],"v":[[-32.749,-212.752],[-23.529,-40.008],[-65.412,222.58],[-28.875,222.58],[2.248,98.77],[-1.412,222.58],[37.647,222.58],[65.412,-39.538],[41.236,-217.976]],"c":true}]},{"i":{"x":0.833,"y":0.833},"o":{"x":0.167,"y":0.167},"t":57,"s":[{"i":[[-1.541,-23.563],[-1.332,-35.235],[29.924,-111.599],[0,0],[1.455,-26.055],[0,0],[0,0],[5.216,139.294],[12.784,29.267]],"o":[[-0.005,18.242],[2.432,16.295],[-250.699,-0.885],[0,0],[0.433,2.517],[0,0],[0,0],[-1.284,-21.42],[-12.025,-32.351]],"v":[[-28.18,-205.266],[-22.622,-14.228],[-65.412,221.83],[-28.875,221.83],[15.503,90.878],[-1.412,221.83],[37.647,221.83],[65.412,-40.288],[45.776,-205.521]],"c":true}]},{"t":60,"s":[{"i":[[-0.471,-24.471],[0,0],[0,0],[0,0],[0,0],[0,0],[0,0],[0,71.059],[11.474,30.949]],"o":[[-0.836,18.883],[0,0],[0,0],[0,0],[0,0],[0,0],[0,0],[0,-71.059],[-10.574,-34.103]],"v":[[-26.824,-202.361],[-23.529,-40.008],[-65.412,222.58],[-28.875,222.58],[2.248,98.77],[-1.412,222.58],[37.647,222.58],[65.412,-39.538],[47.279,-198.847]],"c":true}]}],"ix":2},"nm":"Path 1","mn":"ADBE Vector Shape - Group","hd":false},{"ty":"fl","c":{"a":0,"k":[0.015686275437,0.450980395079,0.917647063732,1],"ix":4},"o":{"a":0,"k":100,"ix":5},"r":1,"bm":0,"nm":"Fill 1","mn":"ADBE Vector Graphic - Fill","hd":false},{"ty":"tr","p":{"a":0,"k":[249.412,795.302],"ix":2},"a":{"a":0,"k":[0,0],"ix":1},"s":{"a":0,"k":[100,100],"ix":3},"r":{"a":0,"k":0,"ix":6},"o":{"a":0,"k":100,"ix":7},"sk":{"a":0,"k":0,"ix":4},"sa":{"a":0,"k":0,"ix":5},"nm":"Transform"}],"nm":"Body","np":2,"cix":2,"bm":0,"ix":4,"mn":"ADBE Vector Group","hd":false},{"ty":"gr","it":[{"ind":0,"ty":"sh","ix":1,"ks":{"a":0,"k":{"i":[[0,0],[0,0],[0,0],[0,0],[6.578,0.201],[0,0],[-0.992,5.262],[0,0]],"o":[[0,0],[0,0],[0,0],[1.761,-6.341],[0,0],[-5.352,-0.163],[0,0],[0,0]],"v":[[-13.104,-20.647],[-21.575,20.647],[21.131,20.647],[21.199,20.402],[11.733,7.547],[11.733,7.547],[3.431,-2.784],[7.366,-20.647]],"c":true},"ix":2},"nm":"Path 1","mn":"ADBE Vector Shape - Group","hd":false},{"ind":1,"ty":"sh","ix":2,"ks":{"a":0,"k":{"i":[[0,0],[0,0],[0,0],[0,0],[6.578,0.201],[0,0],[-0.992,5.262],[0,0]],"o":[[0,0],[0,0],[0,0],[1.761,-6.341],[0,0],[-5.352,-0.163],[0,0],[0,0]],"v":[[-75.928,-20.647],[-84.398,20.647],[-41.692,20.647],[-41.624,20.402],[-51.09,7.547],[-51.09,7.547],[-59.393,-2.784],[-55.457,-20.647]],"c":true},"ix":2},"nm":"Path 2","mn":"ADBE Vector Shape - Group","hd":false},{"ty":"fl","c":{"a":0,"k":[0.427450984716,0.43137255311,0.443137258291,1],"ix":4},"o":{"a":0,"k":100,"ix":5},"r":1,"bm":0,"nm":"Fill 1","mn":"ADBE Vector Graphic - Fill","hd":false},{"ty":"tr","p":{"a":0,"k":[270.163,1034.059],"ix":2},"a":{"a":0,"k":[0,0],"ix":1},"s":{"a":0,"k":[100,100],"ix":3},"r":{"a":0,"k":0,"ix":6},"o":{"a":0,"k":100,"ix":7},"sk":{"a":0,"k":0,"ix":4},"sa":{"a":0,"k":0,"ix":5},"nm":"Transform"}],"nm":"Feet","np":3,"cix":2,"bm":0,"ix":5,"mn":"ADBE Vector Group","hd":false},{"ty":"gr","it":[{"ind":0,"ty":"sh","ix":1,"ks":{"a":1,"k":[{"i":{"x":0.833,"y":0.833},"o":{"x":0.167,"y":0.167},"t":10,"s":[{"i":[[0,0],[0,0],[0,0],[0,0]],"o":[[0,0],[0,0],[0,0],[0,0]],"v":[[-9.875,-20.866],[14.794,16.982],[-26.801,27.853],[-23.294,6.783]],"c":true}]},{"i":{"x":0.833,"y":0.833},"o":{"x":0.167,"y":0.167},"t":13,"s":[{"i":[[0,0],[0,0],[0,0],[0,0]],"o":[[0,0],[0,0],[0,0],[0,0]],"v":[[-9.875,-23.366],[17.901,12.143],[-18.995,27.749],[-23.294,4.283]],"c":true}]},{"i":{"x":0.833,"y":0.833},"o":{"x":0.167,"y":0.167},"t":20,"s":[{"i":[[0,0],[0,0],[0,0],[0,0]],"o":[[0,0],[0,0],[0,0],[0,0]],"v":[[-9.875,-29.275],[25.151,0.852],[-0.78,27.505],[-23.294,-1.627]],"c":true}]},{"i":{"x":0.833,"y":0.833},"o":{"x":0.167,"y":0.167},"t":24,"s":[{"i":[[0,0],[0,0],[0,0],[0,0]],"o":[[0,0],[0,0],[0,0],[0,0]],"v":[[-9.875,-30.866],[29.294,-5.6],[9.628,27.366],[-23.294,-3.217]],"c":true}]},{"i":{"x":0.833,"y":0.833},"o":{"x":0.167,"y":0.167},"t":50,"s":[{"i":[[0,0],[0,0],[0,0],[0,0]],"o":[[0,0],[0,0],[0,0],[0,0]],"v":[[-9.875,-30.866],[29.294,-5.6],[9.628,27.366],[-23.294,-3.217]],"c":true}]},{"i":{"x":0.833,"y":0.833},"o":{"x":0.167,"y":0.167},"t":54,"s":[{"i":[[0,0],[0,0],[0,0],[0,0]],"o":[[0,0],[0,0],[0,0],[0,0]],"v":[[-9.875,-28.366],[12.367,19.286],[-29.862,27.35],[-23.294,-0.717]],"c":true}]},{"i":{"x":0.833,"y":0.833},"o":{"x":0.167,"y":0.167},"t":57,"s":[{"i":[[0,0],[0,0],[0,0],[0,0]],"o":[[0,0],[0,0],[0,0],[0,0]],"v":[[-9.875,-20.866],[12.367,19.286],[-29.862,27.35],[-23.294,6.783]],"c":true}]},{"t":60,"s":[{"i":[[0,0],[0,0],[0,0],[0,0]],"o":[[0,0],[0,0],[0,0],[0,0]],"v":[[-9.875,-20.866],[14.794,16.982],[-26.801,27.853],[-23.294,6.783]],"c":true}]}],"ix":2},"nm":"Path 1","mn":"ADBE Vector Shape - Group","hd":false},{"ty":"fl","c":{"a":0,"k":[0.219607844949,0.823529422283,0,1],"ix":4},"o":{"a":0,"k":100,"ix":5},"r":1,"bm":0,"nm":"Fill 1","mn":"ADBE Vector Graphic - Fill","hd":false},{"ty":"tr","p":{"a":0,"k":[302.824,635.1],"ix":2},"a":{"a":0,"k":[0,0],"ix":1},"s":{"a":0,"k":[100,100],"ix":3},"r":{"a":0,"k":0,"ix":6},"o":{"a":0,"k":100,"ix":7},"sk":{"a":0,"k":0,"ix":4},"sa":{"a":0,"k":0,"ix":5},"nm":"Transform"}],"nm":"Far Sleeve","np":2,"cix":2,"bm":0,"ix":6,"mn":"ADBE Vector Group","hd":false},{"ty":"gr","it":[{"ind":0,"ty":"sh","ix":1,"ks":{"a":1,"k":[{"i":{"x":0.833,"y":0.833},"o":{"x":0.167,"y":0.167},"t":10,"s":[{"i":[[0,0],[0,0],[-56.9,-10.958]],"o":[[0,0],[0,0],[22.969,-36.448]],"v":[[-71.374,20.272],[-64.036,55.26],[28.047,104.828]],"c":false}]},{"i":{"x":0.833,"y":0.833},"o":{"x":0.167,"y":0.167},"t":20,"s":[{"i":[[0,0],[0,0],[-34.588,41.983]],"o":[[0,0],[0,0],[-13.412,-40.941]],"v":[[-59.529,15.664],[-27.905,32.336],[59.529,-32.336]],"c":false}]},{"i":{"x":0.833,"y":0.833},"o":{"x":0.167,"y":0.167},"t":24,"s":[{"i":[[0,0],[0,0],[-10.132,44.121]],"o":[[0,0],[0,0],[-23.678,-35.421]],"v":[[-59.529,15.664],[-17.405,28.336],[59.33,-55.751]],"c":false}]},{"i":{"x":0.833,"y":0.833},"o":{"x":0.167,"y":0.167},"t":50,"s":[{"i":[[0,0],[0,0],[-6.607,45.296]],"o":[[0,0],[0,0],[-26.758,-33.765]],"v":[[-59.529,15.664],[-17.405,28.336],[56.57,-61.575]],"c":false}]},{"i":{"x":0.833,"y":0.833},"o":{"x":0.167,"y":0.167},"t":54,"s":[{"i":[[0,0],[0,0],[-56.039,-14.74]],"o":[[0,0],[0,0],[25.357,-34.83]],"v":[[-71.374,20.272],[-68.213,56.213],[20.347,111.831]],"c":false}]},{"i":{"x":0.833,"y":0.833},"o":{"x":0.167,"y":0.167},"t":57,"s":[{"i":[[0,0],[0,0],[-56.039,-14.74]],"o":[[0,0],[0,0],[25.357,-34.83]],"v":[[-71.374,20.272],[-68.213,56.213],[20.347,111.831]],"c":false}]},{"t":60,"s":[{"i":[[0,0],[0,0],[-56.9,-10.958]],"o":[[0,0],[0,0],[22.969,-36.448]],"v":[[-71.374,20.272],[-64.036,55.26],[28.047,104.828]],"c":false}]}],"ix":2},"nm":"Path 1","mn":"ADBE Vector Shape - Group","hd":false},{"ty":"st","c":{"a":0,"k":[0.698039233685,0.54509806633,0.403921574354,1],"ix":3},"o":{"a":0,"k":100,"ix":4},"w":{"a":0,"k":26,"ix":5},"lc":2,"lj":2,"bm":0,"nm":"Stroke 1","mn":"ADBE Vector Graphic - Stroke","hd":false},{"ty":"tr","p":{"a":0,"k":[362.353,623.63],"ix":2},"a":{"a":0,"k":[0,0],"ix":1},"s":{"a":0,"k":[100,100],"ix":3},"r":{"a":0,"k":0,"ix":6},"o":{"a":0,"k":100,"ix":7},"sk":{"a":0,"k":0,"ix":4},"sa":{"a":0,"k":0,"ix":5},"nm":"Transform"}],"nm":"Far Arm ","np":2,"cix":2,"bm":0,"ix":7,"mn":"ADBE Vector Group","hd":false},{"ty":"tr","p":{"a":0,"k":[249.922,1053.824],"ix":2},"a":{"a":0,"k":[249.922,1053.824],"ix":1},"s":{"a":0,"k":[100,100],"ix":3},"r":{"a":0,"k":0,"ix":6},"o":{"a":0,"k":100,"ix":7},"sk":{"a":0,"k":0,"ix":4},"sa":{"a":0,"k":0,"ix":5},"nm":"Transform"}],"nm":"Body","np":7,"cix":2,"bm":0,"ix":2,"mn":"ADBE Vector Group","hd":false},{"ty":"gr","it":[{"ty":"gr","it":[{"ind":0,"ty":"sh","ix":1,"ks":{"a":1,"k":[{"i":{"x":0.833,"y":0.833},"o":{"x":0.167,"y":0.003},"t":10,"s":[{"i":[[4.65,0.512],[0,0],[-0.512,4.65],[0,0],[-4.65,-0.512],[0,0],[0.512,-4.65],[0,0]],"o":[[0,0],[-4.65,-0.512],[0,0],[0.512,-4.65],[0,0],[4.65,0.512],[0,0],[-0.512,4.65]],"v":[[176.17,234.119],[-162.724,196.817],[-170.217,187.47],[-168.248,169.579],[-158.901,162.086],[179.993,199.388],[187.486,208.734],[185.517,226.626]],"c":true}]},{"i":{"x":0.833,"y":0.833},"o":{"x":0.167,"y":0.167},"t":13,"s":[{"i":[[4.271,1.706],[0,0],[-1.706,4.271],[0,0],[-4.271,-1.706],[0,0],[1.706,-4.271],[0,0]],"o":[[0,0],[-4.271,-1.706],[0,0],[1.706,-4.271],[0,0],[4.271,1.706],[0,0],[-1.706,4.271]],"v":[[160.77,288.235],[-150.478,163.883],[-155.121,153.061],[-148.556,136.628],[-137.734,131.985],[173.514,256.337],[178.158,267.159],[171.592,283.591]],"c":true}]},{"i":{"x":0.833,"y":0.833},"o":{"x":0.167,"y":0.167},"t":20,"s":[{"i":[[4.479,-1.351],[0,0],[1.351,4.479],[0,0],[-4.479,1.351],[0,0],[-1.351,-4.479],[0,0]],"o":[[0,0],[-4.479,1.351],[0,0],[-1.351,-4.479],[0,0],[4.479,-1.351],[0,0],[1.351,4.479]],"v":[[168.255,-32.494],[-158.166,65.947],[-168.721,60.283],[-173.919,43.049],[-168.255,32.494],[158.166,-65.947],[168.721,-60.283],[173.919,-43.049]],"c":true}]},{"i":{"x":0.833,"y":0.833},"o":{"x":0.167,"y":0.167},"t":24,"s":[{"i":[[3.427,-3.108],[0,0],[3.108,3.427],[0,0],[-3.427,3.108],[0,0],[-3.108,-3.427],[0,0]],"o":[[0,0],[-3.427,3.108],[0,0],[-3.108,-3.427],[0,0],[3.427,-3.108],[0,0],[3.108,3.427]],"v":[[68.452,-170.842],[-181.3,55.678],[-193.133,55.101],[-205.092,41.916],[-204.515,30.083],[45.238,-196.438],[57.07,-195.861],[69.03,-182.675]],"c":true}]},{"i":{"x":0.667,"y":1},"o":{"x":0.167,"y":0.167},"t":50,"s":[{"i":[[3.2,-3.413],[0,0],[3.413,3.2],[0,0],[-3.2,3.413],[0,0],[-3.412,-3.2],[0,0]],"o":[[0,0],[-3.2,3.413],[0,0],[-3.413,-3.2],[0,0],[3.2,-3.413],[0,0],[3.413,3.2]],"v":[[45.334,-195.712],[-187.874,52.993],[-199.847,53.378],[-212.978,41.066],[-213.363,29.093],[19.846,-219.613],[31.819,-219.998],[44.949,-207.686]],"c":true}]},{"i":{"x":0.833,"y":0.833},"o":{"x":0.333,"y":0},"t":54,"s":[{"i":[[4.573,0.988],[0,0],[-0.988,4.573],[0,0],[-4.573,-0.988],[0,0],[0.988,-4.573],[0,0]],"o":[[0,0],[-4.573,-0.988],[0,0],[0.988,-4.573],[0,0],[4.573,0.988],[0,0],[-0.988,4.573]],"v":[[166.124,279.128],[-167.122,207.102],[-173.612,197.033],[-169.809,179.439],[-159.74,172.949],[173.506,244.975],[179.996,255.044],[176.193,272.638]],"c":true}]},{"i":{"x":0.511,"y":0.991},"o":{"x":0.167,"y":0.167},"t":57,"s":[{"i":[[4.471,1.354],[0,0],[-1.354,4.471],[0,0],[-4.471,-1.354],[0,0],[1.354,-4.471],[0,0]],"o":[[0,0],[-4.471,-1.354],[0,0],[1.354,-4.471],[0,0],[4.471,1.354],[0,0],[-1.354,4.471]],"v":[[156.601,306.829],[-169.267,208.128],[-174.911,197.58],[-169.7,180.376],[-159.151,174.732],[166.716,273.432],[172.36,283.981],[167.149,301.185]],"c":true}]},{"t":62,"s":[{"i":[[4.65,0.512],[0,0],[-0.512,4.65],[0,0],[-4.65,-0.512],[0,0],[0.512,-4.65],[0,0]],"o":[[0,0],[-4.65,-0.512],[0,0],[0.512,-4.65],[0,0],[4.65,0.512],[0,0],[-0.512,4.65]],"v":[[176.17,234.119],[-162.724,196.817],[-170.217,187.47],[-168.248,169.579],[-158.901,162.086],[179.993,199.388],[187.486,208.734],[185.517,226.626]],"c":true}]}],"ix":2},"nm":"Path 1","mn":"ADBE Vector Shape - Group","hd":false},{"ty":"fl","c":{"a":0,"k":[0.219604492188,0.823516845703,0,1],"ix":4},"o":{"a":0,"k":100,"ix":5},"r":1,"bm":0,"nm":"Fill 1","mn":"ADBE Vector Graphic - Fill","hd":false},{"ty":"tr","p":{"a":0,"k":[560.459,469.602],"ix":2},"a":{"a":0,"k":[0,0],"ix":1},"s":{"a":0,"k":[100,100],"ix":3},"r":{"a":0,"k":0,"ix":6},"o":{"a":0,"k":100,"ix":7},"sk":{"a":0,"k":0,"ix":4},"sa":{"a":0,"k":0,"ix":5},"nm":"Transform"}],"nm":"Group 1","np":2,"cix":2,"bm":0,"ix":1,"mn":"ADBE Vector Group","hd":false},{"ty":"gr","it":[{"ind":0,"ty":"sh","ix":1,"ks":{"a":1,"k":[{"i":{"x":0.833,"y":0.833},"o":{"x":0.167,"y":0.003},"t":10,"s":[{"i":[[10.172,1.12],[0,0],[-1.12,10.172],[0,0],[-10.172,-1.12],[0,0],[1.12,-10.172],[0,0]],"o":[[0,0],[-10.172,-1.12],[0,0],[1.12,-10.172],[0,0],[10.172,1.12],[0,0],[-1.12,10.172]],"v":[[60.724,180.242],[13.363,175.029],[-3.028,154.584],[1.142,116.695],[21.588,100.304],[68.949,105.517],[85.34,125.962],[81.169,163.851]],"c":true}]},{"i":{"x":0.833,"y":0.833},"o":{"x":0.167,"y":0.167},"t":13,"s":[{"i":[[9.342,3.733],[0,0],[-3.732,9.342],[0,0],[-9.342,-3.732],[0,0],[3.732,-9.342],[0,0]],"o":[[0,0],[-9.342,-3.732],[0,0],[3.732,-9.342],[0,0],[9.342,3.732],[0,0],[-3.732,9.342]],"v":[[87.215,168.052],[43.717,150.673],[33.56,127],[47.463,92.202],[71.137,82.044],[114.634,99.423],[124.791,123.097],[110.889,157.895]],"c":true}]},{"i":{"x":0.833,"y":0.833},"o":{"x":0.167,"y":0.167},"t":20,"s":[{"i":[[9.798,-2.955],[0,0],[2.955,9.798],[0,0],[-9.798,2.955],[0,0],[-2.955,-9.798],[0,0]],"o":[[0,0],[-9.798,2.955],[0,0],[-2.955,-9.798],[0,0],[9.798,-2.955],[0,0],[2.955,9.798]],"v":[[33.662,29.109],[-11.956,42.866],[-35.046,30.476],[-46.052,-6.018],[-33.662,-29.109],[11.956,-42.866],[35.046,-30.476],[46.052,6.018]],"c":true}]},{"i":{"x":0.833,"y":0.833},"o":{"x":0.167,"y":0.167},"t":24,"s":[{"i":[[7.496,-6.799],[0,0],[6.799,7.496],[0,0],[-7.496,6.799],[0,0],[-6.799,-7.496],[0,0]],"o":[[0,0],[-7.496,6.799],[0,0],[-6.799,-7.496],[0,0],[7.496,-6.799],[0,0],[6.799,7.496]],"v":[[-30.292,13.829],[-65.195,45.486],[-91.08,44.223],[-116.405,16.301],[-115.143,-9.584],[-80.239,-41.24],[-54.355,-39.978],[-29.03,-12.055]],"c":true}]},{"i":{"x":0.667,"y":1},"o":{"x":0.167,"y":0.167},"t":50,"s":[{"i":[[7,-7.465],[0,0],[7.465,7],[0,0],[-7,7.465],[0,0],[-7.465,-7],[0,0]],"o":[[0,0],[-7,7.465],[0,0],[-7.465,-7],[0,0],[7,-7.465],[0,0],[7.465,7]],"v":[[-44.489,10.986],[-77.081,45.743],[-103.272,46.585],[-131.077,20.512],[-131.92,-5.679],[-99.328,-40.436],[-73.137,-41.278],[-45.332,-15.205]],"c":true}]},{"i":{"x":0.833,"y":0.833},"o":{"x":0.333,"y":0},"t":54,"s":[{"i":[[10.003,2.162],[0,0],[-2.162,10.003],[0,0],[-10.003,-2.162],[0,0],[2.162,-10.003],[0,0]],"o":[[0,0],[-10.003,-2.162],[0,0],[2.162,-10.003],[0,0],[10.003,2.162],[0,0],[-2.162,10.002]],"v":[[62.919,197.632],[16.347,187.566],[2.151,165.54],[10.203,128.283],[32.229,114.086],[78.801,124.152],[92.997,146.178],[84.945,183.435]],"c":true}]},{"i":{"x":0.511,"y":0.991},"o":{"x":0.167,"y":0.167},"t":57,"s":[{"i":[[9.781,2.963],[0,0],[-2.962,9.781],[0,0],[-9.781,-2.963],[0,0],[2.963,-9.781],[0,0]],"o":[[0,0],[-9.781,-2.963],[0,0],[2.963,-9.781],[0,0],[9.781,2.963],[0,0],[-2.963,9.781]],"v":[[65.324,204.777],[19.784,190.984],[7.438,167.909],[18.473,131.477],[41.547,119.131],[87.087,132.925],[99.433,155.999],[88.399,192.431]],"c":true}]},{"t":62,"s":[{"i":[[10.172,1.12],[0,0],[-1.12,10.172],[0,0],[-10.172,-1.12],[0,0],[1.12,-10.172],[0,0]],"o":[[0,0],[-10.172,-1.12],[0,0],[1.12,-10.172],[0,0],[10.172,1.12],[0,0],[-1.12,10.172]],"v":[[60.724,180.242],[13.363,175.029],[-3.028,154.584],[1.142,116.695],[21.588,100.304],[68.949,105.517],[85.34,125.962],[81.169,163.851]],"c":true}]}],"ix":2},"nm":"Path 1","mn":"ADBE Vector Shape - Group","hd":false},{"ty":"fl","c":{"a":0,"k":[0.219604492188,0.823516845703,0,1],"ix":4},"o":{"a":0,"k":100,"ix":5},"r":1,"bm":0,"nm":"Fill 1","mn":"ADBE Vector Graphic - Fill","hd":false},{"ty":"tr","p":{"a":0,"k":[402.479,418.818],"ix":2},"a":{"a":0,"k":[0,0],"ix":1},"s":{"a":0,"k":[100,100],"ix":3},"r":{"a":0,"k":0,"ix":6},"o":{"a":0,"k":100,"ix":7},"sk":{"a":0,"k":0,"ix":4},"sa":{"a":0,"k":0,"ix":5},"nm":"Transform"}],"nm":"Group 2","np":2,"cix":2,"bm":0,"ix":2,"mn":"ADBE Vector Group","hd":false},{"ty":"gr","it":[{"ind":0,"ty":"sh","ix":1,"ks":{"a":1,"k":[{"i":{"x":0.833,"y":0.833},"o":{"x":0.167,"y":0.003},"t":10,"s":[{"i":[[24.413,2.687],[0,0],[-2.687,24.413],[0,0],[-24.413,-2.687],[0,0],[2.687,-24.413],[0,0]],"o":[[0,0],[-24.413,-2.687],[0,0],[2.687,-24.413],[0,0],[24.413,2.687],[0,0],[-2.687,24.413]],"v":[[176.498,338.431],[-152.925,302.172],[-192.263,253.103],[-174.423,91.023],[-125.354,51.685],[204.069,87.944],[243.407,137.013],[225.567,299.093]],"c":true}]},{"i":{"x":0.833,"y":0.833},"o":{"x":0.167,"y":0.167},"t":13,"s":[{"i":[[22.421,8.958],[0,0],[-8.958,22.421],[0,0],[-22.421,-8.958],[0,0],[8.958,-22.421],[0,0]],"o":[[0,0],[-22.421,-8.958],[0,0],[8.958,-22.421],[0,0],[22.421,8.958],[0,0],[-8.958,22.421]],"v":[[145.023,385.061],[-157.525,264.185],[-181.903,207.368],[-122.431,58.51],[-65.613,34.132],[236.935,155.008],[261.313,211.825],[201.841,360.683]],"c":true}]},{"i":{"x":0.833,"y":0.833},"o":{"x":0.167,"y":0.167},"t":20,"s":[{"i":[[23.514,-7.091],[0,0],[7.091,23.514],[0,0],[-23.514,7.091],[0,0],[-7.091,-23.514],[0,0]],"o":[[0,0],[-23.514,7.091],[0,0],[-7.091,-23.514],[0,0],[23.514,-7.091],[0,0],[7.091,23.514]],"v":[[195.029,72.789],[-122.268,168.478],[-177.685,138.742],[-224.765,-17.372],[-195.029,-72.789],[122.268,-168.478],[177.685,-138.742],[224.765,17.372]],"c":true}]},{"i":{"x":0.833,"y":0.833},"o":{"x":0.167,"y":0.167},"t":24,"s":[{"i":[[17.991,-16.318],[0,0],[16.318,17.991],[0,0],[-17.991,16.318],[0,0],[-16.318,-17.991],[0,0]],"o":[[0,0],[-17.991,16.318],[0,0],[-16.318,-17.991],[0,0],[17.991,-16.318],[0,0],[16.318,17.991]],"v":[[121.793,-77.14],[-120.979,143.05],[-183.101,140.02],[-291.438,20.573],[-288.407,-41.55],[-45.636,-261.739],[16.487,-258.709],[124.823,-139.262]],"c":true}]},{"i":{"x":0.667,"y":1},"o":{"x":0.167,"y":0.167},"t":50,"s":[{"i":[[16.8,-17.916],[0,0],[17.916,16.8],[0,0],[-16.8,17.916],[0,0],[-17.916,-16.8],[0,0]],"o":[[0,0],[-16.8,17.916],[0,0],[-17.916,-16.8],[0,0],[16.8,-17.916],[0,0],[17.916,16.8]],"v":[[103.357,-104.644],[-123.333,137.11],[-186.191,139.132],[-305.138,27.597],[-307.159,-35.261],[-80.469,-277.016],[-17.61,-279.037],[101.336,-167.502]],"c":true}]},{"i":{"x":0.833,"y":0.833},"o":{"x":0.333,"y":0},"t":54,"s":[{"i":[[24.006,5.189],[0,0],[-5.189,24.006],[0,0],[-24.006,-5.189],[0,0],[5.189,-24.006],[0,0]],"o":[[0,0],[-24.006,-5.188],[0,0],[5.189,-24.006],[0,0],[24.006,5.189],[0,0],[-5.189,24.006]],"v":[[159.906,381.49],[-164.026,311.477],[-198.098,258.615],[-163.651,99.236],[-110.789,65.164],[213.143,135.177],[247.215,188.039],[212.768,347.418]],"c":true}]},{"i":{"x":0.511,"y":0.991},"o":{"x":0.167,"y":0.167},"t":57,"s":[{"i":[[23.474,7.11],[0,0],[-7.11,23.474],[0,0],[-23.474,-7.11],[0,0],[7.11,-23.474],[0,0]],"o":[[0,0],[-23.475,-7.11],[0,0],[7.11,-23.475],[0,0],[23.475,7.11],[0,0],[-7.11,23.475]],"v":[[145.43,407.107],[-171.33,311.165],[-200.96,255.787],[-153.755,99.937],[-98.377,70.307],[218.382,166.249],[248.013,221.627],[200.808,377.477]],"c":true}]},{"t":62,"s":[{"i":[[24.413,2.687],[0,0],[-2.687,24.413],[0,0],[-24.413,-2.687],[0,0],[2.687,-24.413],[0,0]],"o":[[0,0],[-24.413,-2.687],[0,0],[2.687,-24.413],[0,0],[24.413,2.687],[0,0],[-2.687,24.413]],"v":[[176.498,338.431],[-152.925,302.172],[-192.263,253.103],[-174.423,91.023],[-125.354,51.685],[204.069,87.944],[243.407,137.013],[225.567,299.093]],"c":true}]}],"ix":2},"nm":"Path 1","mn":"ADBE Vector Shape - Group","hd":false},{"ty":"fl","c":{"a":0,"k":[0.137237548828,0.521545410156,0,1],"ix":4},"o":{"a":0,"k":100,"ix":5},"r":1,"bm":0,"nm":"Fill 1","mn":"ADBE Vector Graphic - Fill","hd":false},{"ty":"tr","p":{"a":0,"k":[544.529,429.616],"ix":2},"a":{"a":0,"k":[0,0],"ix":1},"s":{"a":0,"k":[100,100],"ix":3},"r":{"a":0,"k":0,"ix":6},"o":{"a":0,"k":100,"ix":7},"sk":{"a":0,"k":0,"ix":4},"sa":{"a":0,"k":0,"ix":5},"nm":"Transform"}],"nm":"Group 3","np":2,"cix":2,"bm":0,"ix":3,"mn":"ADBE Vector Group","hd":false},{"ty":"tr","p":{"a":0,"k":[570.101,624.674],"ix":2},"a":{"a":0,"k":[570.101,624.674],"ix":1},"s":{"a":0,"k":[100,100],"ix":3},"r":{"a":0,"k":0,"ix":6},"o":{"a":0,"k":100,"ix":7},"sk":{"a":0,"k":0,"ix":4},"sa":{"a":0,"k":0,"ix":5},"nm":"Transform"}],"nm":"Card","np":3,"cix":2,"bm":0,"ix":3,"mn":"ADBE Vector Group","hd":false},{"ty":"tr","p":{"a":0,"k":[248.103,1053.868],"ix":2},"a":{"a":0,"k":[248.103,1053.868],"ix":1},"s":{"a":1,"k":[{"i":{"x":[0.833,0.833],"y":[0.833,0.833]},"o":{"x":[0.167,0.167],"y":[0.167,0.167]},"t":7,"s":[100,100]},{"i":{"x":[0.833,0.833],"y":[0.833,0.833]},"o":{"x":[0.167,0.167],"y":[0.167,0.167]},"t":13,"s":[100,98]},{"i":{"x":[0.833,0.833],"y":[0.833,0.833]},"o":{"x":[0.167,0.167],"y":[0.167,0.167]},"t":20,"s":[100,102]},{"i":{"x":[0.833,0.833],"y":[0.833,0.833]},"o":{"x":[0.167,0.167],"y":[0.167,0.167]},"t":24,"s":[100,101.231]},{"i":{"x":[0.833,0.833],"y":[0.833,0.833]},"o":{"x":[0.167,0.167],"y":[0.167,0.167]},"t":50,"s":[100,101.6]},{"i":{"x":[0.833,0.833],"y":[0.833,0.833]},"o":{"x":[0.167,0.167],"y":[0.167,0.167]},"t":51,"s":[100,101]},{"i":{"x":[0.833,0.833],"y":[0.833,0.833]},"o":{"x":[0.167,0.167],"y":[0.167,0.167]},"t":57,"s":[100,98]},{"t":60,"s":[100,100]}],"ix":3},"r":{"a":0,"k":0,"ix":6},"o":{"a":0,"k":100,"ix":7},"sk":{"a":1,"k":[{"i":{"x":[0.833],"y":[0.833]},"o":{"x":[0.167],"y":[0.167]},"t":7,"s":[0]},{"i":{"x":[0.833],"y":[0.833]},"o":{"x":[0.167],"y":[0.167]},"t":13,"s":[2]},{"i":{"x":[0.833],"y":[0.833]},"o":{"x":[0.167],"y":[0.167]},"t":20,"s":[-1]},{"i":{"x":[0.833],"y":[0.833]},"o":{"x":[0.167],"y":[0.167]},"t":24,"s":[-0.462]},{"i":{"x":[0.833],"y":[0.833]},"o":{"x":[0.167],"y":[0.167]},"t":50,"s":[-0.6]},{"i":{"x":[0.833],"y":[0.833]},"o":{"x":[0.167],"y":[0.167]},"t":51,"s":[-0.5]},{"i":{"x":[0.833],"y":[0.833]},"o":{"x":[0.167],"y":[0.167]},"t":57,"s":[2]},{"t":60,"s":[0]}],"ix":4},"sa":{"a":0,"k":0,"ix":5},"nm":"Transform"}],"nm":"Bounce","np":3,"cix":2,"bm":0,"ix":1,"mn":"ADBE Vector Group","hd":false}],"ip":0,"op":70,"st":0,"bm":0},{"ddd":0,"ind":2,"ty":4,"nm":"Bill","sr":1,"ks":{"o":{"a":0,"k":100,"ix":11},"r":{"a":0,"k":0,"ix":10},"p":{"a":0,"k":[698.088,893.118,0],"ix":2},"a":{"a":0,"k":[698.088,893.118,0],"ix":1},"s":{"a":0,"k":[100,100,100],"ix":6}},"ao":0,"hasMask":true,"masksProperties":[{"inv":true,"mode":"a","pt":{"a":0,"k":{"i":[[0,0],[0,-161],[0,290.773],[2.756,0],[0,14.5]],"o":[[0,0],[0,161],[-11.401,18.273],[-46.75,0],[-10.656,0]],"v":[[531,1033.25],[531,1136.5],[786.151,1076.727],[751,1096.5],[712.406,1033.25]],"c":true},"ix":1},"o":{"a":0,"k":100,"ix":3},"x":{"a":0,"k":0,"ix":4},"nm":"Mask 1"},{"inv":false,"mode":"s","pt":{"a":0,"k":{"i":[[0,0],[0,0],[0,11.5],[-15.25,0],[0,0],[0,0],[0,0]],"o":[[0,0],[0,0],[0,-18.25],[7.5,0],[0,0],[0,0],[0,0]],"v":[[556.5,318],[556.5,746.375],[593.75,738.75],[630,702],[857,702],[857,318],[780.718,318]],"c":true},"ix":1},"o":{"a":0,"k":100,"ix":3},"x":{"a":0,"k":0,"ix":4},"nm":"Mask 2"}],"shapes":[{"ty":"gr","it":[{"ind":0,"ty":"sh","ix":1,"ks":{"a":1,"k":[{"i":{"x":0.833,"y":0.833},"o":{"x":0.167,"y":0.167},"t":25,"s":[{"i":[[0,0],[0,0]],"o":[[0,0],[0,0]],"v":[[-66.029,10.5],[43.029,10.5]],"c":false}]},{"i":{"x":0.833,"y":0.833},"o":{"x":0.167,"y":0.167},"t":26,"s":[{"i":[[0,0],[0,0]],"o":[[0,0],[0,0]],"v":[[-66.029,56.4],[43.029,56.4]],"c":false}]},{"i":{"x":0.833,"y":0.833},"o":{"x":0.167,"y":0.167},"t":29,"s":[{"i":[[0,0],[0,0]],"o":[[0,0],[0,0]],"v":[[-66.029,56.4],[43.029,56.4]],"c":false}]},{"i":{"x":0.833,"y":0.833},"o":{"x":0.167,"y":0.167},"t":30,"s":[{"i":[[0,0],[0,0]],"o":[[0,0],[0,0]],"v":[[-66.029,137.681],[43.029,137.681]],"c":false}]},{"i":{"x":0.833,"y":0.833},"o":{"x":0.167,"y":0.167},"t":34,"s":[{"i":[[0,0],[0,0]],"o":[[0,0],[0,0]],"v":[[-66.029,137.681],[43.029,137.681]],"c":false}]},{"i":{"x":0.833,"y":0.833},"o":{"x":0.167,"y":0.167},"t":35,"s":[{"i":[[0,0],[0,0]],"o":[[0,0],[0,0]],"v":[[-66.029,218.962],[43.029,218.962]],"c":false}]},{"i":{"x":0.833,"y":0.833},"o":{"x":0.167,"y":0.167},"t":39,"s":[{"i":[[0,0],[0,0]],"o":[[0,0],[0,0]],"v":[[-66.029,218.962],[43.029,218.962]],"c":false}]},{"i":{"x":0.833,"y":0.833},"o":{"x":0.167,"y":0.167},"t":40,"s":[{"i":[[0,0],[0,0]],"o":[[0,0],[0,0]],"v":[[-66.029,283.987],[43.029,283.987]],"c":false}]},{"i":{"x":0.833,"y":0.833},"o":{"x":0.167,"y":0.167},"t":43,"s":[{"i":[[0,0],[0,0]],"o":[[0,0],[0,0]],"v":[[-66.029,283.987],[43.029,283.987]],"c":false}]},{"t":44,"s":[{"i":[[0,0],[0,0]],"o":[[0,0],[0,0]],"v":[[-66.029,10.5],[43.029,10.5]],"c":false}]}],"ix":2},"nm":"Path 16","mn":"ADBE Vector Shape - Group","hd":false},{"ind":1,"ty":"sh","ix":2,"ks":{"a":1,"k":[{"i":{"x":0.833,"y":0.833},"o":{"x":0.167,"y":0.167},"t":25,"s":[{"i":[[5.66,0],[0,0]],"o":[[0,0],[0,0]],"v":[[72.676,178.971],[98.147,178.971]],"c":true}]},{"i":{"x":0.833,"y":0.833},"o":{"x":0.167,"y":0.167},"t":26,"s":[{"i":[[5.66,0],[0,0]],"o":[[0,0],[0,0]],"v":[[72.676,224.871],[98.147,224.871]],"c":true}]},{"i":{"x":0.833,"y":0.833},"o":{"x":0.167,"y":0.167},"t":29,"s":[{"i":[[5.66,0],[0,0]],"o":[[0,0],[0,0]],"v":[[72.676,224.871],[98.147,224.871]],"c":true}]},{"i":{"x":0.833,"y":0.833},"o":{"x":0.167,"y":0.167},"t":30,"s":[{"i":[[5.66,0],[0,0]],"o":[[0,0],[0,0]],"v":[[72.676,306.152],[98.147,306.152]],"c":true}]},{"i":{"x":0.833,"y":0.833},"o":{"x":0.167,"y":0.167},"t":34,"s":[{"i":[[5.66,0],[0,0]],"o":[[0,0],[0,0]],"v":[[72.676,306.152],[98.147,306.152]],"c":true}]},{"i":{"x":0.833,"y":0.833},"o":{"x":0.167,"y":0.167},"t":35,"s":[{"i":[[5.66,0],[0,0]],"o":[[0,0],[0,0]],"v":[[72.676,387.433],[98.147,387.433]],"c":true}]},{"i":{"x":0.833,"y":0.833},"o":{"x":0.167,"y":0.167},"t":39,"s":[{"i":[[5.66,0],[0,0]],"o":[[0,0],[0,0]],"v":[[72.676,387.433],[98.147,387.433]],"c":true}]},{"i":{"x":0.833,"y":0.833},"o":{"x":0.167,"y":0.167},"t":40,"s":[{"i":[[5.66,0],[0,0]],"o":[[0,0],[0,0]],"v":[[72.676,452.458],[98.147,452.458]],"c":true}]},{"i":{"x":0.833,"y":0.833},"o":{"x":0.167,"y":0.167},"t":43,"s":[{"i":[[5.66,0],[0,0]],"o":[[0,0],[0,0]],"v":[[72.676,452.458],[98.147,452.458]],"c":true}]},{"t":44,"s":[{"i":[[5.66,0],[0,0]],"o":[[0,0],[0,0]],"v":[[72.676,178.971],[98.147,178.971]],"c":true}]}],"ix":2},"nm":"Path 15","mn":"ADBE Vector Shape - Group","hd":false},{"ind":2,"ty":"sh","ix":3,"ks":{"a":1,"k":[{"i":{"x":0.833,"y":0.833},"o":{"x":0.167,"y":0.167},"t":25,"s":[{"i":[[0,0],[-8.49,0]],"o":[[0,0],[0,0]],"v":[[72.676,152.089],[98.147,152.089]],"c":false}]},{"i":{"x":0.833,"y":0.833},"o":{"x":0.167,"y":0.167},"t":26,"s":[{"i":[[0,0],[-8.49,0]],"o":[[0,0],[0,0]],"v":[[72.676,197.989],[98.147,197.989]],"c":false}]},{"i":{"x":0.833,"y":0.833},"o":{"x":0.167,"y":0.167},"t":29,"s":[{"i":[[0,0],[-8.49,0]],"o":[[0,0],[0,0]],"v":[[72.676,197.989],[98.147,197.989]],"c":false}]},{"i":{"x":0.833,"y":0.833},"o":{"x":0.167,"y":0.167},"t":30,"s":[{"i":[[0,0],[-8.49,0]],"o":[[0,0],[0,0]],"v":[[72.676,279.271],[98.147,279.271]],"c":false}]},{"i":{"x":0.833,"y":0.833},"o":{"x":0.167,"y":0.167},"t":34,"s":[{"i":[[0,0],[-8.49,0]],"o":[[0,0],[0,0]],"v":[[72.676,279.271],[98.147,279.271]],"c":false}]},{"i":{"x":0.833,"y":0.833},"o":{"x":0.167,"y":0.167},"t":35,"s":[{"i":[[0,0],[-8.49,0]],"o":[[0,0],[0,0]],"v":[[72.676,360.552],[98.147,360.552]],"c":false}]},{"i":{"x":0.833,"y":0.833},"o":{"x":0.167,"y":0.167},"t":39,"s":[{"i":[[0,0],[-8.49,0]],"o":[[0,0],[0,0]],"v":[[72.676,360.552],[98.147,360.552]],"c":false}]},{"i":{"x":0.833,"y":0.833},"o":{"x":0.167,"y":0.167},"t":40,"s":[{"i":[[0,0],[-8.49,0]],"o":[[0,0],[0,0]],"v":[[72.676,425.577],[98.147,425.577]],"c":false}]},{"i":{"x":0.833,"y":0.833},"o":{"x":0.167,"y":0.167},"t":43,"s":[{"i":[[0,0],[-8.49,0]],"o":[[0,0],[0,0]],"v":[[72.676,425.577],[98.147,425.577]],"c":false}]},{"t":44,"s":[{"i":[[0,0],[-8.49,0]],"o":[[0,0],[0,0]],"v":[[72.676,152.089],[98.147,152.089]],"c":false}]}],"ix":2},"nm":"Path 14","mn":"ADBE Vector Shape - Group","hd":false},{"ind":3,"ty":"sh","ix":4,"ks":{"a":1,"k":[{"i":{"x":0.833,"y":0.833},"o":{"x":0.167,"y":0.167},"t":25,"s":[{"i":[[0,0],[0,0]],"o":[[8.49,0],[0,0]],"v":[[72.676,10.5],[98.147,10.5]],"c":false}]},{"i":{"x":0.833,"y":0.833},"o":{"x":0.167,"y":0.167},"t":26,"s":[{"i":[[0,0],[0,0]],"o":[[8.49,0],[0,0]],"v":[[72.676,56.4],[98.147,56.4]],"c":false}]},{"i":{"x":0.833,"y":0.833},"o":{"x":0.167,"y":0.167},"t":29,"s":[{"i":[[0,0],[0,0]],"o":[[8.49,0],[0,0]],"v":[[72.676,56.4],[98.147,56.4]],"c":false}]},{"i":{"x":0.833,"y":0.833},"o":{"x":0.167,"y":0.167},"t":30,"s":[{"i":[[0,0],[0,0]],"o":[[8.49,0],[0,0]],"v":[[72.676,137.681],[98.147,137.681]],"c":false}]},{"i":{"x":0.833,"y":0.833},"o":{"x":0.167,"y":0.167},"t":34,"s":[{"i":[[0,0],[0,0]],"o":[[8.49,0],[0,0]],"v":[[72.676,137.681],[98.147,137.681]],"c":false}]},{"i":{"x":0.833,"y":0.833},"o":{"x":0.167,"y":0.167},"t":35,"s":[{"i":[[0,0],[0,0]],"o":[[8.49,0],[0,0]],"v":[[72.676,218.962],[98.147,218.962]],"c":false}]},{"i":{"x":0.833,"y":0.833},"o":{"x":0.167,"y":0.167},"t":39,"s":[{"i":[[0,0],[0,0]],"o":[[8.49,0],[0,0]],"v":[[72.676,218.962],[98.147,218.962]],"c":false}]},{"i":{"x":0.833,"y":0.833},"o":{"x":0.167,"y":0.167},"t":40,"s":[{"i":[[0,0],[0,0]],"o":[[8.49,0],[0,0]],"v":[[72.676,283.987],[98.147,283.987]],"c":false}]},{"i":{"x":0.833,"y":0.833},"o":{"x":0.167,"y":0.167},"t":43,"s":[{"i":[[0,0],[0,0]],"o":[[8.49,0],[0,0]],"v":[[72.676,283.987],[98.147,283.987]],"c":false}]},{"t":44,"s":[{"i":[[0,0],[0,0]],"o":[[8.49,0],[0,0]],"v":[[72.676,10.5],[98.147,10.5]],"c":false}]}],"ix":2},"nm":"Path 13","mn":"ADBE Vector Shape - Group","hd":false},{"ind":4,"ty":"sh","ix":5,"ks":{"a":1,"k":[{"i":{"x":0.833,"y":0.833},"o":{"x":0.167,"y":0.167},"t":25,"s":[{"i":[[0,0],[0,0]],"o":[[0,0],[0,0]],"v":[[72.676,-16.441],[98.147,-16.441]],"c":false}]},{"i":{"x":0.833,"y":0.833},"o":{"x":0.167,"y":0.167},"t":26,"s":[{"i":[[0,0],[0,0]],"o":[[0,0],[0,0]],"v":[[72.676,29.459],[98.147,29.459]],"c":false}]},{"i":{"x":0.833,"y":0.833},"o":{"x":0.167,"y":0.167},"t":29,"s":[{"i":[[0,0],[0,0]],"o":[[0,0],[0,0]],"v":[[72.676,29.459],[98.147,29.459]],"c":false}]},{"i":{"x":0.833,"y":0.833},"o":{"x":0.167,"y":0.167},"t":30,"s":[{"i":[[0,0],[0,0]],"o":[[0,0],[0,0]],"v":[[72.676,110.74],[98.147,110.74]],"c":false}]},{"i":{"x":0.833,"y":0.833},"o":{"x":0.167,"y":0.167},"t":34,"s":[{"i":[[0,0],[0,0]],"o":[[0,0],[0,0]],"v":[[72.676,110.74],[98.147,110.74]],"c":false}]},{"i":{"x":0.833,"y":0.833},"o":{"x":0.167,"y":0.167},"t":35,"s":[{"i":[[0,0],[0,0]],"o":[[0,0],[0,0]],"v":[[72.676,192.021],[98.147,192.021]],"c":false}]},{"i":{"x":0.833,"y":0.833},"o":{"x":0.167,"y":0.167},"t":39,"s":[{"i":[[0,0],[0,0]],"o":[[0,0],[0,0]],"v":[[72.676,192.021],[98.147,192.021]],"c":false}]},{"i":{"x":0.833,"y":0.833},"o":{"x":0.167,"y":0.167},"t":40,"s":[{"i":[[0,0],[0,0]],"o":[[0,0],[0,0]],"v":[[72.676,257.046],[98.147,257.046]],"c":false}]},{"i":{"x":0.833,"y":0.833},"o":{"x":0.167,"y":0.167},"t":43,"s":[{"i":[[0,0],[0,0]],"o":[[0,0],[0,0]],"v":[[72.676,257.046],[98.147,257.046]],"c":false}]},{"t":44,"s":[{"i":[[0,0],[0,0]],"o":[[0,0],[0,0]],"v":[[72.676,-16.441],[98.147,-16.441]],"c":false}]}],"ix":2},"nm":"Path 12","mn":"ADBE Vector Shape - Group","hd":false},{"ind":5,"ty":"sh","ix":6,"ks":{"a":1,"k":[{"i":{"x":0.833,"y":0.833},"o":{"x":0.167,"y":0.167},"t":25,"s":[{"i":[[0,0],[0,0]],"o":[[36.353,0],[0,0]],"v":[[-66.029,-16.441],[43.029,-16.441]],"c":false}]},{"i":{"x":0.833,"y":0.833},"o":{"x":0.167,"y":0.167},"t":26,"s":[{"i":[[0,0],[0,0]],"o":[[36.353,0],[0,0]],"v":[[-66.029,29.459],[43.029,29.459]],"c":false}]},{"i":{"x":0.833,"y":0.833},"o":{"x":0.167,"y":0.167},"t":29,"s":[{"i":[[0,0],[0,0]],"o":[[36.353,0],[0,0]],"v":[[-66.029,29.459],[43.029,29.459]],"c":false}]},{"i":{"x":0.833,"y":0.833},"o":{"x":0.167,"y":0.167},"t":30,"s":[{"i":[[0,0],[0,0]],"o":[[36.353,0],[0,0]],"v":[[-66.029,110.74],[43.029,110.74]],"c":false}]},{"i":{"x":0.833,"y":0.833},"o":{"x":0.167,"y":0.167},"t":34,"s":[{"i":[[0,0],[0,0]],"o":[[36.353,0],[0,0]],"v":[[-66.029,110.74],[43.029,110.74]],"c":false}]},{"i":{"x":0.833,"y":0.833},"o":{"x":0.167,"y":0.167},"t":35,"s":[{"i":[[0,0],[0,0]],"o":[[36.353,0],[0,0]],"v":[[-66.029,192.021],[43.029,192.021]],"c":false}]},{"i":{"x":0.833,"y":0.833},"o":{"x":0.167,"y":0.167},"t":39,"s":[{"i":[[0,0],[0,0]],"o":[[36.353,0],[0,0]],"v":[[-66.029,192.021],[43.029,192.021]],"c":false}]},{"i":{"x":0.833,"y":0.833},"o":{"x":0.167,"y":0.167},"t":40,"s":[{"i":[[0,0],[0,0]],"o":[[36.353,0],[0,0]],"v":[[-66.029,257.046],[43.029,257.046]],"c":false}]},{"i":{"x":0.833,"y":0.833},"o":{"x":0.167,"y":0.167},"t":43,"s":[{"i":[[0,0],[0,0]],"o":[[36.353,0],[0,0]],"v":[[-66.029,257.046],[43.029,257.046]],"c":false}]},{"t":44,"s":[{"i":[[0,0],[0,0]],"o":[[36.353,0],[0,0]],"v":[[-66.029,-16.441],[43.029,-16.441]],"c":false}]}],"ix":2},"nm":"Path 11","mn":"ADBE Vector Shape - Group","hd":false},{"ind":6,"ty":"sh","ix":7,"ks":{"a":1,"k":[{"i":{"x":0.833,"y":0.833},"o":{"x":0.167,"y":0.167},"t":25,"s":[{"i":[[0,0],[-36.353,0]],"o":[[0,0],[0,0]],"v":[[-66.029,152.089],[43.029,152.089]],"c":false}]},{"i":{"x":0.833,"y":0.833},"o":{"x":0.167,"y":0.167},"t":26,"s":[{"i":[[0,0],[-36.353,0]],"o":[[0,0],[0,0]],"v":[[-66.029,197.989],[43.029,197.989]],"c":false}]},{"i":{"x":0.833,"y":0.833},"o":{"x":0.167,"y":0.167},"t":29,"s":[{"i":[[0,0],[-36.353,0]],"o":[[0,0],[0,0]],"v":[[-66.029,197.989],[43.029,197.989]],"c":false}]},{"i":{"x":0.833,"y":0.833},"o":{"x":0.167,"y":0.167},"t":30,"s":[{"i":[[0,0],[-36.353,0]],"o":[[0,0],[0,0]],"v":[[-66.029,279.271],[43.029,279.271]],"c":false}]},{"i":{"x":0.833,"y":0.833},"o":{"x":0.167,"y":0.167},"t":34,"s":[{"i":[[0,0],[-36.353,0]],"o":[[0,0],[0,0]],"v":[[-66.029,279.271],[43.029,279.271]],"c":false}]},{"i":{"x":0.833,"y":0.833},"o":{"x":0.167,"y":0.167},"t":35,"s":[{"i":[[0,0],[-36.353,0]],"o":[[0,0],[0,0]],"v":[[-66.029,360.552],[43.029,360.552]],"c":false}]},{"i":{"x":0.833,"y":0.833},"o":{"x":0.167,"y":0.167},"t":39,"s":[{"i":[[0,0],[-36.353,0]],"o":[[0,0],[0,0]],"v":[[-66.029,360.552],[43.029,360.552]],"c":false}]},{"i":{"x":0.833,"y":0.833},"o":{"x":0.167,"y":0.167},"t":40,"s":[{"i":[[0,0],[-36.353,0]],"o":[[0,0],[0,0]],"v":[[-66.029,425.577],[43.029,425.577]],"c":false}]},{"i":{"x":0.833,"y":0.833},"o":{"x":0.167,"y":0.167},"t":43,"s":[{"i":[[0,0],[-36.353,0]],"o":[[0,0],[0,0]],"v":[[-66.029,425.577],[43.029,425.577]],"c":false}]},{"t":44,"s":[{"i":[[0,0],[-36.353,0]],"o":[[0,0],[0,0]],"v":[[-66.029,152.089],[43.029,152.089]],"c":false}]}],"ix":2},"nm":"Path 10","mn":"ADBE Vector Shape - Group","hd":false},{"ind":7,"ty":"sh","ix":8,"ks":{"a":1,"k":[{"i":{"x":0.833,"y":0.833},"o":{"x":0.167,"y":0.167},"t":25,"s":[{"i":[[0,0],[0,0]],"o":[[0,0],[0,0]],"v":[[-66.029,178.971],[43.029,178.971]],"c":false}]},{"i":{"x":0.833,"y":0.833},"o":{"x":0.167,"y":0.167},"t":26,"s":[{"i":[[0,0],[0,0]],"o":[[0,0],[0,0]],"v":[[-66.029,224.871],[43.029,224.871]],"c":false}]},{"i":{"x":0.833,"y":0.833},"o":{"x":0.167,"y":0.167},"t":29,"s":[{"i":[[0,0],[0,0]],"o":[[0,0],[0,0]],"v":[[-66.029,224.871],[43.029,224.871]],"c":false}]},{"i":{"x":0.833,"y":0.833},"o":{"x":0.167,"y":0.167},"t":30,"s":[{"i":[[0,0],[0,0]],"o":[[0,0],[0,0]],"v":[[-66.029,306.152],[43.029,306.152]],"c":false}]},{"i":{"x":0.833,"y":0.833},"o":{"x":0.167,"y":0.167},"t":34,"s":[{"i":[[0,0],[0,0]],"o":[[0,0],[0,0]],"v":[[-66.029,306.152],[43.029,306.152]],"c":false}]},{"i":{"x":0.833,"y":0.833},"o":{"x":0.167,"y":0.167},"t":35,"s":[{"i":[[0,0],[0,0]],"o":[[0,0],[0,0]],"v":[[-66.029,387.433],[43.029,387.433]],"c":false}]},{"i":{"x":0.833,"y":0.833},"o":{"x":0.167,"y":0.167},"t":39,"s":[{"i":[[0,0],[0,0]],"o":[[0,0],[0,0]],"v":[[-66.029,387.433],[43.029,387.433]],"c":false}]},{"i":{"x":0.833,"y":0.833},"o":{"x":0.167,"y":0.167},"t":40,"s":[{"i":[[0,0],[0,0]],"o":[[0,0],[0,0]],"v":[[-66.029,452.458],[43.029,452.458]],"c":false}]},{"i":{"x":0.833,"y":0.833},"o":{"x":0.167,"y":0.167},"t":43,"s":[{"i":[[0,0],[0,0]],"o":[[0,0],[0,0]],"v":[[-66.029,452.458],[43.029,452.458]],"c":false}]},{"t":44,"s":[{"i":[[0,0],[0,0]],"o":[[0,0],[0,0]],"v":[[-66.029,178.971],[43.029,178.971]],"c":false}]}],"ix":2},"nm":"Path 9","mn":"ADBE Vector Shape - Group","hd":false},{"ind":8,"ty":"sh","ix":9,"ks":{"a":1,"k":[{"i":{"x":0.833,"y":0.833},"o":{"x":0.167,"y":0.167},"t":25,"s":[{"i":[[0,0],[0,0]],"o":[[0,0],[0,0]],"v":[[-66.029,-299.5],[43.029,-299.5]],"c":false}]},{"i":{"x":0.833,"y":0.833},"o":{"x":0.167,"y":0.167},"t":26,"s":[{"i":[[0,0],[0,0]],"o":[[0,0],[0,0]],"v":[[-66.029,-253.6],[43.029,-253.6]],"c":false}]},{"i":{"x":0.833,"y":0.833},"o":{"x":0.167,"y":0.167},"t":29,"s":[{"i":[[0,0],[0,0]],"o":[[0,0],[0,0]],"v":[[-66.029,-253.6],[43.029,-253.6]],"c":false}]},{"i":{"x":0.833,"y":0.833},"o":{"x":0.167,"y":0.167},"t":30,"s":[{"i":[[0,0],[0,0]],"o":[[0,0],[0,0]],"v":[[-66.029,-172.319],[43.029,-172.319]],"c":false}]},{"i":{"x":0.833,"y":0.833},"o":{"x":0.167,"y":0.167},"t":34,"s":[{"i":[[0,0],[0,0]],"o":[[0,0],[0,0]],"v":[[-66.029,-172.319],[43.029,-172.319]],"c":false}]},{"i":{"x":0.833,"y":0.833},"o":{"x":0.167,"y":0.167},"t":35,"s":[{"i":[[0,0],[0,0]],"o":[[0,0],[0,0]],"v":[[-66.029,-91.038],[43.029,-91.038]],"c":false}]},{"i":{"x":0.833,"y":0.833},"o":{"x":0.167,"y":0.167},"t":39,"s":[{"i":[[0,0],[0,0]],"o":[[0,0],[0,0]],"v":[[-66.029,-91.038],[43.029,-91.038]],"c":false}]},{"i":{"x":0.833,"y":0.833},"o":{"x":0.167,"y":0.167},"t":40,"s":[{"i":[[0,0],[0,0]],"o":[[0,0],[0,0]],"v":[[-66.029,-26.013],[43.029,-26.013]],"c":false}]},{"i":{"x":0.833,"y":0.833},"o":{"x":0.167,"y":0.167},"t":43,"s":[{"i":[[0,0],[0,0]],"o":[[0,0],[0,0]],"v":[[-66.029,-26.013],[43.029,-26.013]],"c":false}]},{"t":44,"s":[{"i":[[0,0],[0,0]],"o":[[0,0],[0,0]],"v":[[-66.029,-299.5],[43.029,-299.5]],"c":false}]}],"ix":2},"nm":"Path 1","mn":"ADBE Vector Shape - Group","hd":false},{"ind":9,"ty":"sh","ix":10,"ks":{"a":1,"k":[{"i":{"x":0.833,"y":0.833},"o":{"x":0.167,"y":0.167},"t":25,"s":[{"i":[[5.66,0],[0,0]],"o":[[0,0],[0,0]],"v":[[72.676,-131.029],[98.147,-131.029]],"c":true}]},{"i":{"x":0.833,"y":0.833},"o":{"x":0.167,"y":0.167},"t":26,"s":[{"i":[[5.66,0],[0,0]],"o":[[0,0],[0,0]],"v":[[72.676,-85.129],[98.147,-85.129]],"c":true}]},{"i":{"x":0.833,"y":0.833},"o":{"x":0.167,"y":0.167},"t":29,"s":[{"i":[[5.66,0],[0,0]],"o":[[0,0],[0,0]],"v":[[72.676,-85.129],[98.147,-85.129]],"c":true}]},{"i":{"x":0.833,"y":0.833},"o":{"x":0.167,"y":0.167},"t":30,"s":[{"i":[[5.66,0],[0,0]],"o":[[0,0],[0,0]],"v":[[72.676,-3.848],[98.147,-3.848]],"c":true}]},{"i":{"x":0.833,"y":0.833},"o":{"x":0.167,"y":0.167},"t":34,"s":[{"i":[[5.66,0],[0,0]],"o":[[0,0],[0,0]],"v":[[72.676,-3.848],[98.147,-3.848]],"c":true}]},{"i":{"x":0.833,"y":0.833},"o":{"x":0.167,"y":0.167},"t":35,"s":[{"i":[[5.66,0],[0,0]],"o":[[0,0],[0,0]],"v":[[72.676,77.433],[98.147,77.433]],"c":true}]},{"i":{"x":0.833,"y":0.833},"o":{"x":0.167,"y":0.167},"t":39,"s":[{"i":[[5.66,0],[0,0]],"o":[[0,0],[0,0]],"v":[[72.676,77.433],[98.147,77.433]],"c":true}]},{"i":{"x":0.833,"y":0.833},"o":{"x":0.167,"y":0.167},"t":40,"s":[{"i":[[5.66,0],[0,0]],"o":[[0,0],[0,0]],"v":[[72.676,142.458],[98.147,142.458]],"c":true}]},{"i":{"x":0.833,"y":0.833},"o":{"x":0.167,"y":0.167},"t":43,"s":[{"i":[[5.66,0],[0,0]],"o":[[0,0],[0,0]],"v":[[72.676,142.458],[98.147,142.458]],"c":true}]},{"t":44,"s":[{"i":[[5.66,0],[0,0]],"o":[[0,0],[0,0]],"v":[[72.676,-131.029],[98.147,-131.029]],"c":true}]}],"ix":2},"nm":"Path 2","mn":"ADBE Vector Shape - Group","hd":false},{"ind":10,"ty":"sh","ix":11,"ks":{"a":1,"k":[{"i":{"x":0.833,"y":0.833},"o":{"x":0.167,"y":0.167},"t":25,"s":[{"i":[[0,0],[-8.49,0]],"o":[[0,0],[0,0]],"v":[[72.676,-157.911],[98.147,-157.911]],"c":false}]},{"i":{"x":0.833,"y":0.833},"o":{"x":0.167,"y":0.167},"t":26,"s":[{"i":[[0,0],[-8.49,0]],"o":[[0,0],[0,0]],"v":[[72.676,-112.011],[98.147,-112.011]],"c":false}]},{"i":{"x":0.833,"y":0.833},"o":{"x":0.167,"y":0.167},"t":29,"s":[{"i":[[0,0],[-8.49,0]],"o":[[0,0],[0,0]],"v":[[72.676,-112.011],[98.147,-112.011]],"c":false}]},{"i":{"x":0.833,"y":0.833},"o":{"x":0.167,"y":0.167},"t":30,"s":[{"i":[[0,0],[-8.49,0]],"o":[[0,0],[0,0]],"v":[[72.676,-30.729],[98.147,-30.729]],"c":false}]},{"i":{"x":0.833,"y":0.833},"o":{"x":0.167,"y":0.167},"t":34,"s":[{"i":[[0,0],[-8.49,0]],"o":[[0,0],[0,0]],"v":[[72.676,-30.729],[98.147,-30.729]],"c":false}]},{"i":{"x":0.833,"y":0.833},"o":{"x":0.167,"y":0.167},"t":35,"s":[{"i":[[0,0],[-8.49,0]],"o":[[0,0],[0,0]],"v":[[72.676,50.552],[98.147,50.552]],"c":false}]},{"i":{"x":0.833,"y":0.833},"o":{"x":0.167,"y":0.167},"t":39,"s":[{"i":[[0,0],[-8.49,0]],"o":[[0,0],[0,0]],"v":[[72.676,50.552],[98.147,50.552]],"c":false}]},{"i":{"x":0.833,"y":0.833},"o":{"x":0.167,"y":0.167},"t":40,"s":[{"i":[[0,0],[-8.49,0]],"o":[[0,0],[0,0]],"v":[[72.676,115.577],[98.147,115.577]],"c":false}]},{"i":{"x":0.833,"y":0.833},"o":{"x":0.167,"y":0.167},"t":43,"s":[{"i":[[0,0],[-8.49,0]],"o":[[0,0],[0,0]],"v":[[72.676,115.577],[98.147,115.577]],"c":false}]},{"t":44,"s":[{"i":[[0,0],[-8.49,0]],"o":[[0,0],[0,0]],"v":[[72.676,-157.911],[98.147,-157.911]],"c":false}]}],"ix":2},"nm":"Path 3","mn":"ADBE Vector Shape - Group","hd":false},{"ind":11,"ty":"sh","ix":12,"ks":{"a":1,"k":[{"i":{"x":0.833,"y":0.833},"o":{"x":0.167,"y":0.167},"t":25,"s":[{"i":[[0,0],[0,0]],"o":[[0,0],[0,0]],"v":[[72.676,-299.5],[98.147,-299.5]],"c":false}]},{"i":{"x":0.833,"y":0.833},"o":{"x":0.167,"y":0.167},"t":26,"s":[{"i":[[0,0],[0,0]],"o":[[0,0],[0,0]],"v":[[72.676,-253.6],[98.147,-253.6]],"c":false}]},{"i":{"x":0.833,"y":0.833},"o":{"x":0.167,"y":0.167},"t":29,"s":[{"i":[[0,0],[0,0]],"o":[[0,0],[0,0]],"v":[[72.676,-253.6],[98.147,-253.6]],"c":false}]},{"i":{"x":0.833,"y":0.833},"o":{"x":0.167,"y":0.167},"t":30,"s":[{"i":[[0,0],[0,0]],"o":[[0,0],[0,0]],"v":[[72.676,-172.319],[98.147,-172.319]],"c":false}]},{"i":{"x":0.833,"y":0.833},"o":{"x":0.167,"y":0.167},"t":34,"s":[{"i":[[0,0],[0,0]],"o":[[0,0],[0,0]],"v":[[72.676,-172.319],[98.147,-172.319]],"c":false}]},{"i":{"x":0.833,"y":0.833},"o":{"x":0.167,"y":0.167},"t":35,"s":[{"i":[[0,0],[0,0]],"o":[[0,0],[0,0]],"v":[[72.676,-91.038],[98.147,-91.038]],"c":false}]},{"i":{"x":0.833,"y":0.833},"o":{"x":0.167,"y":0.167},"t":39,"s":[{"i":[[0,0],[0,0]],"o":[[0,0],[0,0]],"v":[[72.676,-91.038],[98.147,-91.038]],"c":false}]},{"i":{"x":0.833,"y":0.833},"o":{"x":0.167,"y":0.167},"t":40,"s":[{"i":[[0,0],[0,0]],"o":[[0,0],[0,0]],"v":[[72.676,-26.013],[98.147,-26.013]],"c":false}]},{"i":{"x":0.833,"y":0.833},"o":{"x":0.167,"y":0.167},"t":43,"s":[{"i":[[0,0],[0,0]],"o":[[0,0],[0,0]],"v":[[72.676,-26.013],[98.147,-26.013]],"c":false}]},{"t":44,"s":[{"i":[[0,0],[0,0]],"o":[[0,0],[0,0]],"v":[[72.676,-299.5],[98.147,-299.5]],"c":false}]}],"ix":2},"nm":"Path 4","mn":"ADBE Vector Shape - Group","hd":false},{"ind":12,"ty":"sh","ix":13,"ks":{"a":1,"k":[{"i":{"x":0.833,"y":0.833},"o":{"x":0.167,"y":0.167},"t":25,"s":[{"i":[[0,0],[0,0]],"o":[[0,0],[0,0]],"v":[[72.676,-326.441],[98.147,-326.441]],"c":false}]},{"i":{"x":0.833,"y":0.833},"o":{"x":0.167,"y":0.167},"t":26,"s":[{"i":[[0,0],[0,0]],"o":[[0,0],[0,0]],"v":[[72.676,-280.541],[98.147,-280.541]],"c":false}]},{"i":{"x":0.833,"y":0.833},"o":{"x":0.167,"y":0.167},"t":29,"s":[{"i":[[0,0],[0,0]],"o":[[0,0],[0,0]],"v":[[72.676,-280.541],[98.147,-280.541]],"c":false}]},{"i":{"x":0.833,"y":0.833},"o":{"x":0.167,"y":0.167},"t":30,"s":[{"i":[[0,0],[0,0]],"o":[[0,0],[0,0]],"v":[[72.676,-199.26],[98.147,-199.26]],"c":false}]},{"i":{"x":0.833,"y":0.833},"o":{"x":0.167,"y":0.167},"t":34,"s":[{"i":[[0,0],[0,0]],"o":[[0,0],[0,0]],"v":[[72.676,-199.26],[98.147,-199.26]],"c":false}]},{"i":{"x":0.833,"y":0.833},"o":{"x":0.167,"y":0.167},"t":35,"s":[{"i":[[0,0],[0,0]],"o":[[0,0],[0,0]],"v":[[72.676,-117.979],[98.147,-117.979]],"c":false}]},{"i":{"x":0.833,"y":0.833},"o":{"x":0.167,"y":0.167},"t":39,"s":[{"i":[[0,0],[0,0]],"o":[[0,0],[0,0]],"v":[[72.676,-117.979],[98.147,-117.979]],"c":false}]},{"i":{"x":0.833,"y":0.833},"o":{"x":0.167,"y":0.167},"t":40,"s":[{"i":[[0,0],[0,0]],"o":[[0,0],[0,0]],"v":[[72.676,-52.954],[98.147,-52.954]],"c":false}]},{"i":{"x":0.833,"y":0.833},"o":{"x":0.167,"y":0.167},"t":43,"s":[{"i":[[0,0],[0,0]],"o":[[0,0],[0,0]],"v":[[72.676,-52.954],[98.147,-52.954]],"c":false}]},{"t":44,"s":[{"i":[[0,0],[0,0]],"o":[[0,0],[0,0]],"v":[[72.676,-326.441],[98.147,-326.441]],"c":false}]}],"ix":2},"nm":"Path 5","mn":"ADBE Vector Shape - Group","hd":false},{"ind":13,"ty":"sh","ix":14,"ks":{"a":1,"k":[{"i":{"x":0.833,"y":0.833},"o":{"x":0.167,"y":0.167},"t":25,"s":[{"i":[[0,0],[0,0]],"o":[[36.353,0],[0,0]],"v":[[-66.029,-326.441],[43.029,-326.441]],"c":false}]},{"i":{"x":0.833,"y":0.833},"o":{"x":0.167,"y":0.167},"t":26,"s":[{"i":[[0,0],[0,0]],"o":[[36.353,0],[0,0]],"v":[[-66.029,-280.541],[43.029,-280.541]],"c":false}]},{"i":{"x":0.833,"y":0.833},"o":{"x":0.167,"y":0.167},"t":29,"s":[{"i":[[0,0],[0,0]],"o":[[36.353,0],[0,0]],"v":[[-66.029,-280.541],[43.029,-280.541]],"c":false}]},{"i":{"x":0.833,"y":0.833},"o":{"x":0.167,"y":0.167},"t":30,"s":[{"i":[[0,0],[0,0]],"o":[[36.353,0],[0,0]],"v":[[-66.029,-199.26],[43.029,-199.26]],"c":false}]},{"i":{"x":0.833,"y":0.833},"o":{"x":0.167,"y":0.167},"t":34,"s":[{"i":[[0,0],[0,0]],"o":[[36.353,0],[0,0]],"v":[[-66.029,-199.26],[43.029,-199.26]],"c":false}]},{"i":{"x":0.833,"y":0.833},"o":{"x":0.167,"y":0.167},"t":35,"s":[{"i":[[0,0],[0,0]],"o":[[36.353,0],[0,0]],"v":[[-66.029,-117.979],[43.029,-117.979]],"c":false}]},{"i":{"x":0.833,"y":0.833},"o":{"x":0.167,"y":0.167},"t":39,"s":[{"i":[[0,0],[0,0]],"o":[[36.353,0],[0,0]],"v":[[-66.029,-117.979],[43.029,-117.979]],"c":false}]},{"i":{"x":0.833,"y":0.833},"o":{"x":0.167,"y":0.167},"t":40,"s":[{"i":[[0,0],[0,0]],"o":[[36.353,0],[0,0]],"v":[[-66.029,-52.954],[43.029,-52.954]],"c":false}]},{"i":{"x":0.833,"y":0.833},"o":{"x":0.167,"y":0.167},"t":43,"s":[{"i":[[0,0],[0,0]],"o":[[36.353,0],[0,0]],"v":[[-66.029,-52.954],[43.029,-52.954]],"c":false}]},{"t":44,"s":[{"i":[[0,0],[0,0]],"o":[[36.353,0],[0,0]],"v":[[-66.029,-326.441],[43.029,-326.441]],"c":false}]}],"ix":2},"nm":"Path 6","mn":"ADBE Vector Shape - Group","hd":false},{"ind":14,"ty":"sh","ix":15,"ks":{"a":1,"k":[{"i":{"x":0.833,"y":0.833},"o":{"x":0.167,"y":0.167},"t":25,"s":[{"i":[[0,0],[-36.353,0]],"o":[[0,0],[0,0]],"v":[[-66.029,-157.911],[43.029,-157.911]],"c":false}]},{"i":{"x":0.833,"y":0.833},"o":{"x":0.167,"y":0.167},"t":26,"s":[{"i":[[0,0],[-36.353,0]],"o":[[0,0],[0,0]],"v":[[-66.029,-112.011],[43.029,-112.011]],"c":false}]},{"i":{"x":0.833,"y":0.833},"o":{"x":0.167,"y":0.167},"t":29,"s":[{"i":[[0,0],[-36.353,0]],"o":[[0,0],[0,0]],"v":[[-66.029,-112.011],[43.029,-112.011]],"c":false}]},{"i":{"x":0.833,"y":0.833},"o":{"x":0.167,"y":0.167},"t":30,"s":[{"i":[[0,0],[-36.353,0]],"o":[[0,0],[0,0]],"v":[[-66.029,-30.729],[43.029,-30.729]],"c":false}]},{"i":{"x":0.833,"y":0.833},"o":{"x":0.167,"y":0.167},"t":34,"s":[{"i":[[0,0],[-36.353,0]],"o":[[0,0],[0,0]],"v":[[-66.029,-30.729],[43.029,-30.729]],"c":false}]},{"i":{"x":0.833,"y":0.833},"o":{"x":0.167,"y":0.167},"t":35,"s":[{"i":[[0,0],[-36.353,0]],"o":[[0,0],[0,0]],"v":[[-66.029,50.552],[43.029,50.552]],"c":false}]},{"i":{"x":0.833,"y":0.833},"o":{"x":0.167,"y":0.167},"t":39,"s":[{"i":[[0,0],[-36.353,0]],"o":[[0,0],[0,0]],"v":[[-66.029,50.552],[43.029,50.552]],"c":false}]},{"i":{"x":0.833,"y":0.833},"o":{"x":0.167,"y":0.167},"t":40,"s":[{"i":[[0,0],[-36.353,0]],"o":[[0,0],[0,0]],"v":[[-66.029,115.577],[43.029,115.577]],"c":false}]},{"i":{"x":0.833,"y":0.833},"o":{"x":0.167,"y":0.167},"t":43,"s":[{"i":[[0,0],[-36.353,0]],"o":[[0,0],[0,0]],"v":[[-66.029,115.577],[43.029,115.577]],"c":false}]},{"t":44,"s":[{"i":[[0,0],[-36.353,0]],"o":[[0,0],[0,0]],"v":[[-66.029,-157.911],[43.029,-157.911]],"c":false}]}],"ix":2},"nm":"Path 7","mn":"ADBE Vector Shape - Group","hd":false},{"ind":15,"ty":"sh","ix":16,"ks":{"a":1,"k":[{"i":{"x":0.833,"y":0.833},"o":{"x":0.167,"y":0.167},"t":25,"s":[{"i":[[0,0],[0,0]],"o":[[0,0],[0,0]],"v":[[-66.029,-131.029],[43.029,-131.029]],"c":false}]},{"i":{"x":0.833,"y":0.833},"o":{"x":0.167,"y":0.167},"t":26,"s":[{"i":[[0,0],[0,0]],"o":[[0,0],[0,0]],"v":[[-66.029,-85.129],[43.029,-85.129]],"c":false}]},{"i":{"x":0.833,"y":0.833},"o":{"x":0.167,"y":0.167},"t":29,"s":[{"i":[[0,0],[0,0]],"o":[[0,0],[0,0]],"v":[[-66.029,-85.129],[43.029,-85.129]],"c":false}]},{"i":{"x":0.833,"y":0.833},"o":{"x":0.167,"y":0.167},"t":30,"s":[{"i":[[0,0],[0,0]],"o":[[0,0],[0,0]],"v":[[-66.029,-3.848],[43.029,-3.848]],"c":false}]},{"i":{"x":0.833,"y":0.833},"o":{"x":0.167,"y":0.167},"t":34,"s":[{"i":[[0,0],[0,0]],"o":[[0,0],[0,0]],"v":[[-66.029,-3.848],[43.029,-3.848]],"c":false}]},{"i":{"x":0.833,"y":0.833},"o":{"x":0.167,"y":0.167},"t":35,"s":[{"i":[[0,0],[0,0]],"o":[[0,0],[0,0]],"v":[[-66.029,77.433],[43.029,77.433]],"c":false}]},{"i":{"x":0.833,"y":0.833},"o":{"x":0.167,"y":0.167},"t":39,"s":[{"i":[[0,0],[0,0]],"o":[[0,0],[0,0]],"v":[[-66.029,77.433],[43.029,77.433]],"c":false}]},{"i":{"x":0.833,"y":0.833},"o":{"x":0.167,"y":0.167},"t":40,"s":[{"i":[[0,0],[0,0]],"o":[[0,0],[0,0]],"v":[[-66.029,142.458],[43.029,142.458]],"c":false}]},{"i":{"x":0.833,"y":0.833},"o":{"x":0.167,"y":0.167},"t":43,"s":[{"i":[[0,0],[0,0]],"o":[[0,0],[0,0]],"v":[[-66.029,142.458],[43.029,142.458]],"c":false}]},{"t":44,"s":[{"i":[[0,0],[0,0]],"o":[[0,0],[0,0]],"v":[[-66.029,-131.029],[43.029,-131.029]],"c":false}]}],"ix":2},"nm":"Path 8","mn":"ADBE Vector Shape - Group","hd":false},{"ty":"st","c":{"a":0,"k":[0.043137256056,0.337254911661,0.658823549747,1],"ix":3},"o":{"a":0,"k":100,"ix":4},"w":{"a":0,"k":16,"ix":5},"lc":1,"lj":1,"ml":10,"bm":0,"nm":"Stroke 1","mn":"ADBE Vector Graphic - Stroke","hd":false},{"ty":"tr","p":{"a":0,"k":[670.529,822.353],"ix":2},"a":{"a":0,"k":[0,0],"ix":1},"s":{"a":0,"k":[100,100],"ix":3},"r":{"a":0,"k":0,"ix":6},"o":{"a":0,"k":100,"ix":7},"sk":{"a":0,"k":0,"ix":4},"sa":{"a":0,"k":0,"ix":5},"nm":"Transform"}],"nm":"Group 1","np":17,"cix":2,"bm":0,"ix":1,"mn":"ADBE Vector Group","hd":false}],"ip":0,"op":70,"st":0,"bm":0},{"ddd":0,"ind":3,"ty":4,"nm":"Tick","sr":1,"ks":{"o":{"a":0,"k":100,"ix":11},"r":{"a":0,"k":0,"ix":10},"p":{"a":0,"k":[702,430,0],"ix":2},"a":{"a":0,"k":[0,0,0],"ix":1},"s":{"a":0,"k":[85.5,85.5,100],"ix":6}},"ao":0,"shapes":[{"ty":"gr","it":[{"ty":"gr","it":[{"ind":0,"ty":"sh","ix":1,"ks":{"a":0,"k":{"i":[[0,0],[0,0],[0,0]],"o":[[0,0],[0,0],[0,0]],"v":[[-84.91,13.894],[-37,63],[87,-61]],"c":false},"ix":2},"nm":"Path 1","mn":"ADBE Vector Shape - Group","hd":false},{"ty":"tm","s":{"a":0,"k":0,"ix":1},"e":{"a":1,"k":[{"i":{"x":[0.667],"y":[1]},"o":{"x":[0.167],"y":[0.167]},"t":26,"s":[0]},{"t":35,"s":[100]}],"ix":2},"o":{"a":0,"k":0,"ix":3},"m":1,"ix":2,"nm":"Trim Paths 1","mn":"ADBE Vector Filter - Trim","hd":false},{"ty":"st","c":{"a":0,"k":[1,1,1,1],"ix":3},"o":{"a":0,"k":100,"ix":4},"w":{"a":0,"k":27,"ix":5},"lc":2,"lj":1,"ml":4,"bm":0,"nm":"Stroke 1","mn":"ADBE Vector Graphic - Stroke","hd":false},{"ty":"tr","p":{"a":0,"k":[0,0],"ix":2},"a":{"a":0,"k":[0,0],"ix":1},"s":{"a":0,"k":[100,100],"ix":3},"r":{"a":0,"k":0,"ix":6},"o":{"a":1,"k":[{"i":{"x":[0.667],"y":[1]},"o":{"x":[0.167],"y":[0.167]},"t":61,"s":[100]},{"t":69,"s":[0]}],"ix":7},"sk":{"a":0,"k":0,"ix":4},"sa":{"a":0,"k":0,"ix":5},"nm":"Transform"}],"nm":"Shape 1","np":4,"cix":2,"bm":0,"ix":1,"mn":"ADBE Vector Group","hd":false},{"ty":"gr","it":[{"d":1,"ty":"el","s":{"a":0,"k":[378,378],"ix":2},"p":{"a":0,"k":[0,0],"ix":3},"nm":"Ellipse Path 1","mn":"ADBE Vector Shape - Ellipse","hd":false},{"ty":"fl","c":{"a":1,"k":[{"i":{"x":[0.833],"y":[0.833]},"o":{"x":[0.167],"y":[0.167]},"t":20,"s":[0.015686035156,0.450958251953,0.917633056641,1]},{"i":{"x":[0.833],"y":[0.833]},"o":{"x":[0.167],"y":[0.167]},"t":21,"s":[0.219604492188,0.823486328125,0,1]},{"i":{"x":[0.833],"y":[0.833]},"o":{"x":[0.167],"y":[0.167]},"t":61,"s":[0.219604492188,0.823486328125,0,1]},{"t":69,"s":[0.015686035156,0.450958251953,0.917602539063,1]}],"ix":4},"o":{"a":0,"k":100,"ix":5},"r":1,"bm":0,"nm":"Fill 1","mn":"ADBE Vector Graphic - Fill","hd":false},{"ty":"tr","p":{"a":0,"k":[0,0],"ix":2},"a":{"a":0,"k":[0,0],"ix":1},"s":{"a":0,"k":[100,100],"ix":3},"r":{"a":0,"k":0,"ix":6},"o":{"a":0,"k":100,"ix":7},"sk":{"a":0,"k":0,"ix":4},"sa":{"a":0,"k":0,"ix":5},"nm":"Transform"}],"nm":"Ellipse 1","np":3,"cix":2,"bm":0,"ix":2,"mn":"ADBE Vector Group","hd":false},{"ty":"tr","p":{"a":0,"k":[0,0],"ix":2},"a":{"a":0,"k":[0,0],"ix":1},"s":{"a":1,"k":[{"i":{"x":[0,0],"y":[0.952,0.952]},"o":{"x":[0.212,0.212],"y":[0,0]},"t":20,"s":[94.282,94.282]},{"i":{"x":[0.86,0.86],"y":[1,1]},"o":{"x":[0.712,0.712],"y":[-0.205,-0.205]},"t":22,"s":[103.282,103.282]},{"t":34,"s":[94.282,94.282]}],"ix":3},"r":{"a":0,"k":0,"ix":6},"o":{"a":0,"k":100,"ix":7},"sk":{"a":0,"k":0,"ix":4},"sa":{"a":0,"k":0,"ix":5},"nm":"Transform"}],"nm":"Green Ball 2","np":2,"cix":2,"bm":0,"ix":2,"mn":"ADBE Vector Group","hd":false}],"ip":0,"op":70,"st":21,"bm":0},{"ddd":0,"ind":4,"ty":4,"nm":"Phone","sr":1,"ks":{"o":{"a":0,"k":100,"ix":11},"r":{"a":0,"k":0,"ix":10},"p":{"a":0,"k":[699.294,597.735,0],"ix":2},"a":{"a":0,"k":[699.294,597.735,0],"ix":1},"s":{"a":0,"k":[100,100,100],"ix":6}},"ao":0,"shapes":[{"ty":"gr","it":[{"ind":0,"ty":"sh","ix":1,"ks":{"a":0,"k":{"i":[[0,0],[-13.57,0],[-44.235,0],[0,0],[0,19.492]],"o":[[0,0],[0,12.706],[22.118,0],[-19.492,0],[0,0]],"v":[[-109.718,-31.853],[71.811,-31.853],[108.046,31.853],[-74.424,31.853],[-109.718,-3.441]],"c":true},"ix":2},"nm":"Path 1","mn":"ADBE Vector Shape - Group","hd":false},{"ty":"fl","c":{"a":0,"k":[0.341176480055,0.635294139385,0.949019610882,1],"ix":4},"o":{"a":0,"k":100,"ix":5},"r":1,"bm":0,"nm":"Fill 1","mn":"ADBE Vector Graphic - Fill","hd":false},{"ty":"tr","p":{"a":0,"k":[640.66,1064.323],"ix":2},"a":{"a":0,"k":[0,0],"ix":1},"s":{"a":0,"k":[100,100],"ix":3},"r":{"a":0,"k":0,"ix":6},"o":{"a":0,"k":100,"ix":7},"sk":{"a":0,"k":0,"ix":4},"sa":{"a":0,"k":0,"ix":5},"nm":"Transform"}],"nm":"Group 1","np":2,"cix":2,"bm":0,"ix":1,"mn":"ADBE Vector Group","hd":false},{"ty":"gr","it":[{"ind":0,"ty":"sh","ix":1,"ks":{"a":0,"k":{"i":[[0,0],[0,0],[21.442,0],[0,0],[0,0],[-22.221,0]],"o":[[0,0],[0,21.442],[0,0],[0,0],[0,-22.221],[0,0]],"v":[[98.824,-196.941],[98.824,158.118],[60,196.941],[-98.824,196.941],[-98.824,-156.706],[-58.588,-196.941]],"c":true},"ix":2},"nm":"Path 1","mn":"ADBE Vector Shape - Group","hd":false},{"ty":"fl","c":{"a":0,"k":[0.529411792755,0.737254917622,0.964705884457,1],"ix":4},"o":{"a":0,"k":100,"ix":5},"r":1,"bm":0,"nm":"Fill 1","mn":"ADBE Vector Graphic - Fill","hd":false},{"ty":"tr","p":{"a":0,"k":[692.235,899.059],"ix":2},"a":{"a":0,"k":[0,0],"ix":1},"s":{"a":0,"k":[100,100],"ix":3},"r":{"a":0,"k":0,"ix":6},"o":{"a":0,"k":100,"ix":7},"sk":{"a":0,"k":0,"ix":4},"sa":{"a":0,"k":0,"ix":5},"nm":"Transform"}],"nm":"Group 2","np":2,"cix":2,"bm":0,"ix":2,"mn":"ADBE Vector Group","hd":false},{"ty":"gr","it":[{"ind":0,"ty":"sh","ix":1,"ks":{"a":0,"k":{"i":[[0,0],[0,0],[-8.333,0],[0,0],[0,0]],"o":[[0,0],[0,-8.333],[0,0],[18.206,0],[0,0]],"v":[[2.987,18.941],[-18.543,18.853],[-3.454,-18.941],[3.251,-18.941],[18.34,18.941]],"c":true},"ix":2},"nm":"Path 1","mn":"ADBE Vector Shape - Group","hd":false},{"ty":"fl","c":{"a":0,"k":[0.341176480055,0.635294139385,0.949019610882,1],"ix":4},"o":{"a":0,"k":100,"ix":5},"r":1,"bm":0,"nm":"Fill 1","mn":"ADBE Vector Graphic - Fill","hd":false},{"ty":"tr","p":{"a":0,"k":[794.778,721.059],"ix":2},"a":{"a":0,"k":[0,0],"ix":1},"s":{"a":0,"k":[100,100],"ix":3},"r":{"a":0,"k":0,"ix":6},"o":{"a":0,"k":100,"ix":7},"sk":{"a":0,"k":0,"ix":4},"sa":{"a":0,"k":0,"ix":5},"nm":"Transform"}],"nm":"Group 3","np":2,"cix":2,"bm":0,"ix":3,"mn":"ADBE Vector Group","hd":false},{"ty":"gr","it":[{"ty":"gr","it":[{"ind":0,"ty":"sh","ix":1,"ks":{"a":0,"k":{"i":[[6.822,0],[0,0],[0,6.822],[0,0],[-6.822,0],[0,0],[0,-6.822],[0,0]],"o":[[0,0],[-6.822,0],[0,0],[0,-6.822],[0,0],[6.822,0],[0,0],[0,6.822]],"v":[[133.059,16.412],[-133.059,16.412],[-145.412,4.059],[-145.412,-4.059],[-133.059,-16.412],[133.059,-16.412],[145.412,-4.059],[145.412,4.059]],"c":true},"ix":2},"nm":"Path 1","mn":"ADBE Vector Shape - Group","hd":false},{"ty":"fl","c":{"a":0,"k":[0.043137256056,0.337254911661,0.658823549747,1],"ix":4},"o":{"a":0,"k":100,"ix":5},"r":1,"bm":0,"nm":"Fill 1","mn":"ADBE Vector Graphic - Fill","hd":false},{"ty":"tr","p":{"a":0,"k":[693.294,723.588],"ix":2},"a":{"a":0,"k":[0,0],"ix":1},"s":{"a":0,"k":[100,100],"ix":3},"r":{"a":0,"k":0,"ix":6},"o":{"a":0,"k":100,"ix":7},"sk":{"a":0,"k":0,"ix":4},"sa":{"a":0,"k":0,"ix":5},"nm":"Transform"}],"nm":"Group 1","np":2,"cix":2,"bm":0,"ix":1,"mn":"ADBE Vector Group","hd":false},{"ty":"gr","it":[{"ind":0,"ty":"sh","ix":1,"ks":{"a":0,"k":{"i":[[20.662,0],[0,0],[0,20.662],[0,0],[-20.662,0],[0,0],[0,-20.662],[0,0]],"o":[[0,0],[-20.662,0],[0,0],[0,-20.662],[0,0],[20.662,0],[0,0],[0,20.662]],"v":[[135.529,45.882],[-135.529,45.882],[-172.941,8.471],[-172.941,-8.471],[-135.529,-45.882],[135.529,-45.882],[172.941,-8.471],[172.941,8.471]],"c":true},"ix":2},"nm":"Path 1","mn":"ADBE Vector Shape - Group","hd":false},{"ty":"fl","c":{"a":0,"k":[0.015686275437,0.450980395079,0.917647063732,1],"ix":4},"o":{"a":0,"k":100,"ix":5},"r":1,"bm":0,"nm":"Fill 1","mn":"ADBE Vector Graphic - Fill","hd":false},{"ty":"tr","p":{"a":0,"k":[695.765,722.588],"ix":2},"a":{"a":0,"k":[0,0],"ix":1},"s":{"a":0,"k":[100,100],"ix":3},"r":{"a":0,"k":0,"ix":6},"o":{"a":0,"k":100,"ix":7},"sk":{"a":0,"k":0,"ix":4},"sa":{"a":0,"k":0,"ix":5},"nm":"Transform"}],"nm":"Group 2","np":2,"cix":2,"bm":0,"ix":2,"mn":"ADBE Vector Group","hd":false},{"ty":"tr","p":{"a":0,"k":[695.765,722.588],"ix":2},"a":{"a":0,"k":[695.765,722.588],"ix":1},"s":{"a":0,"k":[100,100],"ix":3},"r":{"a":0,"k":0,"ix":6},"o":{"a":0,"k":100,"ix":7},"sk":{"a":0,"k":0,"ix":4},"sa":{"a":0,"k":0,"ix":5},"nm":"Transform"}],"nm":"Group 4","np":2,"cix":2,"bm":0,"ix":4,"mn":"ADBE Vector Group","hd":false},{"ty":"gr","it":[{"ind":0,"ty":"sh","ix":1,"ks":{"a":0,"k":{"i":[[0,0],[0,0],[0,0],[0,0]],"o":[[0,0],[0,0],[0,0],[0,0]],"v":[[185.647,347.294],[-185.647,347.294],[-185.647,-347.294],[185.647,-347.294]],"c":true},"ix":2},"nm":"Path 1","mn":"ADBE Vector Shape - Group","hd":false},{"ty":"fl","c":{"a":0,"k":[0.341176480055,0.635294139385,0.949019610882,1],"ix":4},"o":{"a":0,"k":100,"ix":5},"r":1,"bm":0,"nm":"Fill 1","mn":"ADBE Vector Graphic - Fill","hd":false},{"ty":"tr","p":{"a":0,"k":[700,525.647],"ix":2},"a":{"a":0,"k":[0,0],"ix":1},"s":{"a":0,"k":[100,100],"ix":3},"r":{"a":0,"k":0,"ix":6},"o":{"a":0,"k":100,"ix":7},"sk":{"a":0,"k":0,"ix":4},"sa":{"a":0,"k":0,"ix":5},"nm":"Transform"}],"nm":"Group 5","np":2,"cix":2,"bm":0,"ix":5,"mn":"ADBE Vector Group","hd":false},{"ty":"gr","it":[{"ind":0,"ty":"sh","ix":1,"ks":{"a":0,"k":{"i":[[35.086,0],[0,0],[0,35.086],[0,0],[-35.086,0],[0,0],[0,-35.086],[0,0]],"o":[[0,0],[-35.086,0],[0,0],[0,-35.086],[0,0],[35.086,0],[0,0],[0,35.086]],"v":[[150.353,454.588],[-150.353,454.588],[-213.882,391.059],[-213.882,-391.059],[-150.353,-454.588],[150.353,-454.588],[213.882,-391.059],[213.882,391.059]],"c":true},"ix":2},"nm":"Path 1","mn":"ADBE Vector Shape - Group","hd":false},{"ty":"fl","c":{"a":0,"k":[0.015686275437,0.450980395079,0.917647063732,1],"ix":4},"o":{"a":0,"k":100,"ix":5},"r":1,"bm":0,"nm":"Fill 1","mn":"ADBE Vector Graphic - Fill","hd":false},{"ty":"tr","p":{"a":0,"k":[700,573.647],"ix":2},"a":{"a":0,"k":[0,0],"ix":1},"s":{"a":0,"k":[100,100],"ix":3},"r":{"a":0,"k":0,"ix":6},"o":{"a":0,"k":100,"ix":7},"sk":{"a":0,"k":0,"ix":4},"sa":{"a":0,"k":0,"ix":5},"nm":"Transform"}],"nm":"Group 6","np":2,"cix":2,"bm":0,"ix":6,"mn":"ADBE Vector Group","hd":false},{"ty":"gr","it":[{"ind":0,"ty":"sh","ix":1,"ks":{"a":0,"k":{"i":[[35.086,0],[0,0],[0,35.086],[0,0],[-35.086,0],[0,0],[0,-35.086],[0,0]],"o":[[0,0],[-35.086,0],[0,0],[0,-35.086],[0,0],[35.086,0],[0,0],[0,35.086]],"v":[[172.235,475.765],[-172.235,475.765],[-235.765,412.235],[-235.765,-412.235],[-172.235,-475.765],[172.235,-475.765],[235.765,-412.235],[235.765,412.235]],"c":true},"ix":2},"nm":"Path 1","mn":"ADBE Vector Shape - Group","hd":false},{"ty":"fl","c":{"a":0,"k":[0.043137256056,0.337254911661,0.658823549747,1],"ix":4},"o":{"a":0,"k":100,"ix":5},"r":1,"bm":0,"nm":"Fill 1","mn":"ADBE Vector Graphic - Fill","hd":false},{"ty":"tr","p":{"a":0,"k":[699.294,575.059],"ix":2},"a":{"a":0,"k":[0,0],"ix":1},"s":{"a":0,"k":[100,100],"ix":3},"r":{"a":0,"k":0,"ix":6},"o":{"a":0,"k":100,"ix":7},"sk":{"a":0,"k":0,"ix":4},"sa":{"a":0,"k":0,"ix":5},"nm":"Transform"}],"nm":"Group 7","np":2,"cix":2,"bm":0,"ix":7,"mn":"ADBE Vector Group","hd":false},{"ty":"gr","it":[{"ind":0,"ty":"sh","ix":1,"ks":{"a":0,"k":{"i":[[3.728,0],[0,0],[0,3.728],[0,0],[-3.728,0],[0,0],[0,-3.728],[0,0]],"o":[[0,0],[-3.728,0],[0,0],[0,-3.728],[0,0],[3.728,0],[0,0],[0,3.728]],"v":[[956.515,1063.75],[114.485,1063.75],[107.735,1057],[107.735,1057],[114.485,1050.25],[956.515,1050.25],[963.265,1057],[963.265,1057]],"c":true},"ix":2},"nm":"Path 1","mn":"ADBE Vector Shape - Group","hd":false},{"ty":"fl","c":{"a":0,"k":[0.043137256056,0.337254911661,0.658823549747,1],"ix":4},"o":{"a":0,"k":100,"ix":5},"r":1,"bm":0,"nm":"Fill 1","mn":"ADBE Vector Graphic - Fill","hd":false},{"ty":"tr","p":{"a":0,"k":[0,0],"ix":2},"a":{"a":0,"k":[0,0],"ix":1},"s":{"a":0,"k":[100,100],"ix":3},"r":{"a":0,"k":0,"ix":6},"o":{"a":0,"k":100,"ix":7},"sk":{"a":0,"k":0,"ix":4},"sa":{"a":0,"k":0,"ix":5},"nm":"Transform"}],"nm":"Group 8","np":2,"cix":2,"bm":0,"ix":8,"mn":"ADBE Vector Group","hd":false}],"ip":0,"op":72,"st":0,"bm":0}],"markers":[]}