{
  "v": "5.7.11",
  "fr": 24,
  "ip": 0,
  "op": 54,
  "w": 72,
  "h": 72,
  "nm": "合成 1",
  "ddd": 0,
  "assets": [],
  "layers": [
    {
      "ddd": 0,
      "ind": 1,
      "ty": 4,
      "nm": "形状图层 2",
      "parent": 2,
      "sr": 1,
      "ks": {
        "o": {
          "a": 0,
          "k": 100,
          "ix": 11
        },
        "r": {
          "a": 0,
          "k": 0,
          "ix": 10
        },
        "p": {
          "a": 1,
          "k": [
            {
              "i": {
                "x": 0.667,
                "y": 1
              },
              "o": {
                "x": 0.167,
                "y": 0.167
              },
              "t": 0,
              "s": [
                -0.5,
                18,
                0
              ],
              "to": [
                0.821,
                0,
                0
              ],
              "ti": [
                0.821,
                0,
                0
              ]
            },
            {
              "i": {
                "x": 0.667,
                "y": 1
              },
              "o": {
                "x": 0.167,
                "y": 0.167
              },
              "t": 3,
              "s": [
                4.424,
                18,
                0
              ],
              "to": [
                -0.821,
                0,
                0
              ],
              "ti": [
                0,
                0,
                0
              ]
            },
            {
              "i": {
                "x": 0.667,
                "y": 1
              },
              "o": {
                "x": 0.167,
                "y": 0.167
              },
              "t": 6,
              "s": [
                -5.424,
                18,
                0
              ],
              "to": [
                0,
                0,
                0
              ],
              "ti": [
                0,
                0,
                0
              ]
            },
            {
              "i": {
                "x": 0.667,
                "y": 1
              },
              "o": {
                "x": 0.167,
                "y": 0.167
              },
              "t": 8,
              "s": [
                4.424,
                18,
                0
              ],
              "to": [
                0,
                0,
                0
              ],
              "ti": [
                -0.013,
                0,
                0
              ]
            },
            {
              "i": {
                "x": 0.667,
                "y": 1
              },
              "o": {
                "x": 0.167,
                "y": 0.167
              },
              "t": 10,
              "s": [
                -5.424,
                18,
                0
              ],
              "to": [
                0.013,
                0,
                0
              ],
              "ti": [
                -0.5,
                0,
                0
              ]
            },
            {
              "i": {
                "x": 0.667,
                "y": 1
              },
              "o": {
                "x": 0.167,
                "y": 0.167
              },
              "t": 12,
              "s": [
                4.5,
                18,
                0
              ],
              "to": [
                0.5,
                0,
                0
              ],
              "ti": [
                0.833,
                0,
                0
              ]
            },
            {
              "i": {
                "x": 0.667,
                "y": 1
              },
              "o": {
                "x": 0.167,
                "y": 0.167
              },
              "t": 14,
              "s": [
                -2.424,
                18,
                0
              ],
              "to": [
                -0.833,
                0,
                0
              ],
              "ti": [
                -0.321,
                0,
                0
              ]
            },
            {
              "t": 16,
              "s": [
                -0.5,
                18,
                0
              ]
            }
          ],
          "ix": 2,
          "l": 2
        },
        "a": {
          "a": 0,
          "k": [
            -0.5,
            19,
            0
          ],
          "ix": 1,
          "l": 2
        },
        "s": {
          "a": 0,
          "k": [
            100,
            100,
            100
          ],
          "ix": 6,
          "l": 2
        }
      },
      "ao": 0,
      "shapes": [
        {
          "ty": "gr",
          "it": [
            {
              "ind": 0,
              "ty": "sh",
              "ix": 1,
              "ks": {
                "a": 0,
                "k": {
                  "i": [
                    [
                      0,
                      0
                    ],
                    [
                      -7.75,
                      0.375
                    ],
                    [
                      -0.5,
                      9.75
                    ]
                  ],
                  "o": [
                    [
                      0,
                      0
                    ],
                    [
                      4,
                      0
                    ],
                    [
                      0.5,
                      -9.75
                    ]
                  ],
                  "v": [
                    [
                      -9.75,
                      19.25
                    ],
                    [
                      -1,
                      28.75
                    ],
                    [
                      8.75,
                      18.75
                    ]
                  ],
                  "c": false
                },
                "ix": 2
              },
              "nm": "路径 1",
              "mn": "ADBE Vector Shape - Group",
              "hd": false
            },
            {
              "ty": "st",
              "c": {
                "a": 0,
                "k": [
                  0,
                  0,
                  0,
                  1
                ],
                "ix": 3
              },
              "o": {
                "a": 0,
                "k": 100,
                "ix": 4
              },
              "w": {
                "a": 0,
                "k": 5,
                "ix": 5
              },
              "lc": 1,
              "lj": 1,
              "ml": 4,
              "bm": 0,
              "nm": "描边 1",
              "mn": "ADBE Vector Graphic - Stroke",
              "hd": false
            },
            {
              "ty": "tr",
              "p": {
                "a": 0,
                "k": [
                  0,
                  0
                ],
                "ix": 2
              },
              "a": {
                "a": 0,
                "k": [
                  0,
                  0
                ],
                "ix": 1
              },
              "s": {
                "a": 0,
                "k": [
                  100,
                  100
                ],
                "ix": 3
              },
              "r": {
                "a": 0,
                "k": 0,
                "ix": 6
              },
              "o": {
                "a": 0,
                "k": 100,
                "ix": 7
              },
              "sk": {
                "a": 0,
                "k": 0,
                "ix": 4
              },
              "sa": {
                "a": 0,
                "k": 0,
                "ix": 5
              },
              "nm": "变换"
            }
          ],
          "nm": "形状 1",
          "np": 3,
          "cix": 2,
          "bm": 0,
          "ix": 1,
          "mn": "ADBE Vector Group",
          "hd": false
        }
      ],
      "ip": 0,
      "op": 54,
      "st": 0,
      "bm": 0
    },
    {
      "ddd": 0,
      "ind": 2,
      "ty": 4,
      "nm": "形状图层 1",
      "sr": 1,
      "ks": {
        "o": {
          "a": 0,
          "k": 100,
          "ix": 11
        },
        "r": {
          "a": 1,
          "k": [
            {
              "i": {
                "x": [
                  0.667
                ],
                "y": [
                  1
                ]
              },
              "o": {
                "x": [
                  0.167
                ],
                "y": [
                  0.167
                ]
              },
              "t": 0,
              "s": [
                0
              ]
            },
            {
              "i": {
                "x": [
                  0.667
                ],
                "y": [
                  1
                ]
              },
              "o": {
                "x": [
                  0.167
                ],
                "y": [
                  0.167
                ]
              },
              "t": 3,
              "s": [
                -12
              ]
            },
            {
              "i": {
                "x": [
                  0.667
                ],
                "y": [
                  1
                ]
              },
              "o": {
                "x": [
                  0.167
                ],
                "y": [
                  0.167
                ]
              },
              "t": 6,
              "s": [
                12
              ]
            },
            {
              "i": {
                "x": [
                  0.667
                ],
                "y": [
                  1
                ]
              },
              "o": {
                "x": [
                  0.167
                ],
                "y": [
                  0.167
                ]
              },
              "t": 8,
              "s": [
                -8
              ]
            },
            {
              "i": {
                "x": [
                  0.667
                ],
                "y": [
                  1
                ]
              },
              "o": {
                "x": [
                  0.167
                ],
                "y": [
                  0.167
                ]
              },
              "t": 10,
              "s": [
                8
              ]
            },
            {
              "t": 12,
              "s": [
                0
              ]
            }
          ],
          "ix": 10
        },
        "p": {
          "a": 0,
          "k": [
            36.5,
            15.75,
            0
          ],
          "ix": 2,
          "l": 2
        },
        "a": {
          "a": 0,
          "k": [
            0.5,
            -20.25,
            0
          ],
          "ix": 1,
          "l": 2
        },
        "s": {
          "a": 0,
          "k": [
            100,
            100,
            100
          ],
          "ix": 6,
          "l": 2
        }
      },
      "ao": 0,
      "shapes": [
        {
          "ty": "gr",
          "it": [
            {
              "ind": 0,
              "ty": "sh",
              "ix": 1,
              "ks": {
                "a": 0,
                "k": {
                  "i": [
                    [
                      9,
                      0
                    ],
                    [
                      0.5,
                      -10.5
                    ],
                    [
                      2.5,
                      -5.25
                    ],
                    [
                      0,
                      0
                    ],
                    [
                      0,
                      0
                    ],
                    [
                      3.25,
                      5.75
                    ],
                    [
                      0.822,
                      8.224
                    ]
                  ],
                  "o": [
                    [
                      -9,
                      0
                    ],
                    [
                      -0.69,
                      14.486
                    ],
                    [
                      -2.5,
                      5.25
                    ],
                    [
                      0,
                      0
                    ],
                    [
                      0,
                      0
                    ],
                    [
                      -3.25,
                      -5.75
                    ],
                    [
                      -0.75,
                      -7.5
                    ]
                  ],
                  "v": [
                    [
                      1,
                      -27.25
                    ],
                    [
                      -19.25,
                      -11.75
                    ],
                    [
                      -23.75,
                      14.25
                    ],
                    [
                      -19.5,
                      18
                    ],
                    [
                      20.5,
                      18.25
                    ],
                    [
                      23.75,
                      13.5
                    ],
                    [
                      19.5,
                      -12
                    ]
                  ],
                  "c": true
                },
                "ix": 2
              },
              "nm": "路径 1",
              "mn": "ADBE Vector Shape - Group",
              "hd": false
            },
            {
              "ty": "st",
              "c": {
                "a": 0,
                "k": [
                  0,
                  0,
                  0,
                  1
                ],
                "ix": 3
              },
              "o": {
                "a": 0,
                "k": 100,
                "ix": 4
              },
              "w": {
                "a": 0,
                "k": 5,
                "ix": 5
              },
              "lc": 1,
              "lj": 1,
              "ml": 4,
              "bm": 0,
              "nm": "描边 1",
              "mn": "ADBE Vector Graphic - Stroke",
              "hd": false
            },
            {
              "ty": "tr",
              "p": {
                "a": 0,
                "k": [
                  0,
                  0
                ],
                "ix": 2
              },
              "a": {
                "a": 0,
                "k": [
                  0,
                  0
                ],
                "ix": 1
              },
              "s": {
                "a": 0,
                "k": [
                  100,
                  100
                ],
                "ix": 3
              },
              "r": {
                "a": 0,
                "k": 0,
                "ix": 6
              },
              "o": {
                "a": 0,
                "k": 100,
                "ix": 7
              },
              "sk": {
                "a": 0,
                "k": 0,
                "ix": 4
              },
              "sa": {
                "a": 0,
                "k": 0,
                "ix": 5
              },
              "nm": "变换"
            }
          ],
          "nm": "形状 1",
          "np": 3,
          "cix": 2,
          "bm": 0,
          "ix": 1,
          "mn": "ADBE Vector Group",
          "hd": false
        }
      ],
      "ip": 0,
      "op": 54,
      "st": 0,
      "bm": 0
    }
  ],
  "markers": []
}