{"v":"5.5.7","meta":{"g":"LottieFiles AE 0.1.21","a":"","k":"","d":"","tc":""},"fr":25,"ip":0,"op":56,"w":1200,"h":1200,"nm":"Between Account Transfer_(Local) 2","ddd":0,"assets":[{"id":"comp_0","layers":[{"ddd":0,"ind":1,"ty":4,"nm":"Sparkle 2","sr":1,"ks":{"o":{"a":0,"k":100,"ix":11},"r":{"a":1,"k":[{"i":{"x":[0],"y":[1]},"o":{"x":[0.188],"y":[0]},"t":3,"s":[9]},{"t":28,"s":[180]}],"ix":10},"p":{"a":0,"k":[671.75,249,0],"ix":2},"a":{"a":0,"k":[0,0,0],"ix":1},"s":{"a":1,"k":[{"i":{"x":[0.336,0.336,0.667],"y":[1,1,1]},"o":{"x":[0.333,0.333,0.333],"y":[0,0,0]},"t":3,"s":[0,0,100]},{"i":{"x":[0,0,0.667],"y":[1,1,1]},"o":{"x":[0.333,0.333,0.333],"y":[0,0,0]},"t":23,"s":[250,250,100]},{"t":28,"s":[0,0,100]}],"ix":6}},"ao":0,"shapes":[{"ty":"gr","it":[{"ty":"rc","d":1,"s":{"a":0,"k":[75.2,75.25],"ix":2},"p":{"a":0,"k":[0,0],"ix":3},"r":{"a":0,"k":0,"ix":4},"nm":"Rectangle Path 1","mn":"ADBE Vector Shape - Rect","hd":false},{"ty":"fl","c":{"a":0,"k":[1,1,1,1],"ix":4},"o":{"a":0,"k":100,"ix":5},"r":1,"bm":0,"nm":"Fill 1","mn":"ADBE Vector Graphic - Fill","hd":false},{"ty":"tr","p":{"a":0,"k":[-0.125,0.125],"ix":2},"a":{"a":0,"k":[0,0],"ix":1},"s":{"a":0,"k":[25,24],"ix":3},"r":{"a":0,"k":0,"ix":6},"o":{"a":0,"k":100,"ix":7},"sk":{"a":0,"k":0,"ix":4},"sa":{"a":0,"k":0,"ix":5},"nm":"Transform"}],"nm":"Rectangle 2","np":3,"cix":2,"bm":0,"ix":1,"mn":"ADBE Vector Group","hd":false}],"ip":3,"op":30,"st":3,"bm":0},{"ddd":0,"ind":2,"ty":4,"nm":"Sparkle 3","sr":1,"ks":{"o":{"a":0,"k":100,"ix":11},"r":{"a":1,"k":[{"i":{"x":[0],"y":[1]},"o":{"x":[0.188],"y":[0]},"t":6,"s":[9]},{"t":31,"s":[157]}],"ix":10},"p":{"a":0,"k":[1023.75,640.5,0],"ix":2},"a":{"a":0,"k":[0,0,0],"ix":1},"s":{"a":1,"k":[{"i":{"x":[0.336,0.336,0.667],"y":[1,1,1]},"o":{"x":[0.333,0.333,0.333],"y":[0,0,0]},"t":6,"s":[0,0,100]},{"i":{"x":[0,0,0.667],"y":[1,1,1]},"o":{"x":[0.333,0.333,0.333],"y":[0,0,0]},"t":26,"s":[200,200,100]},{"t":31,"s":[0,0,100]}],"ix":6}},"ao":0,"shapes":[{"ty":"gr","it":[{"ty":"rc","d":1,"s":{"a":0,"k":[75.2,75.25],"ix":2},"p":{"a":0,"k":[0,0],"ix":3},"r":{"a":0,"k":0,"ix":4},"nm":"Rectangle Path 1","mn":"ADBE Vector Shape - Rect","hd":false},{"ty":"fl","c":{"a":0,"k":[1,1,1,1],"ix":4},"o":{"a":0,"k":100,"ix":5},"r":1,"bm":0,"nm":"Fill 1","mn":"ADBE Vector Graphic - Fill","hd":false},{"ty":"tr","p":{"a":0,"k":[-0.125,0.125],"ix":2},"a":{"a":0,"k":[0,0],"ix":1},"s":{"a":0,"k":[25,24],"ix":3},"r":{"a":0,"k":0,"ix":6},"o":{"a":0,"k":100,"ix":7},"sk":{"a":0,"k":0,"ix":4},"sa":{"a":0,"k":0,"ix":5},"nm":"Transform"}],"nm":"Rectangle 2","np":3,"cix":2,"bm":0,"ix":1,"mn":"ADBE Vector Group","hd":false}],"ip":6,"op":30,"st":6,"bm":0},{"ddd":0,"ind":3,"ty":4,"nm":"Sparkle","sr":1,"ks":{"o":{"a":0,"k":100,"ix":11},"r":{"a":1,"k":[{"i":{"x":[0],"y":[1]},"o":{"x":[0.188],"y":[0]},"t":1,"s":[9]},{"t":26,"s":[222]}],"ix":10},"p":{"a":0,"k":[142.75,606.5,0],"ix":2},"a":{"a":0,"k":[0,0,0],"ix":1},"s":{"a":1,"k":[{"i":{"x":[0.336,0.336,0.667],"y":[1,1,1]},"o":{"x":[0.333,0.333,0.333],"y":[0,0,0]},"t":1,"s":[0,0,100]},{"i":{"x":[0,0,0.667],"y":[1,1,1]},"o":{"x":[0.333,0.333,0.333],"y":[0,0,0]},"t":21,"s":[150,150,100]},{"t":26,"s":[0,0,100]}],"ix":6}},"ao":0,"shapes":[{"ty":"gr","it":[{"ty":"rc","d":1,"s":{"a":0,"k":[75.2,75.25],"ix":2},"p":{"a":0,"k":[0,0],"ix":3},"r":{"a":0,"k":0,"ix":4},"nm":"Rectangle Path 1","mn":"ADBE Vector Shape - Rect","hd":false},{"ty":"fl","c":{"a":0,"k":[1,1,1,1],"ix":4},"o":{"a":0,"k":100,"ix":5},"r":1,"bm":0,"nm":"Fill 1","mn":"ADBE Vector Graphic - Fill","hd":false},{"ty":"tr","p":{"a":0,"k":[-0.125,0.125],"ix":2},"a":{"a":0,"k":[0,0],"ix":1},"s":{"a":0,"k":[25,24],"ix":3},"r":{"a":0,"k":0,"ix":6},"o":{"a":0,"k":100,"ix":7},"sk":{"a":0,"k":0,"ix":4},"sa":{"a":0,"k":0,"ix":5},"nm":"Transform"}],"nm":"Rectangle 2","np":3,"cix":2,"bm":0,"ix":1,"mn":"ADBE Vector Group","hd":false}],"ip":1,"op":30,"st":1,"bm":0},{"ddd":0,"ind":4,"ty":4,"nm":"Shape Layer 1","sr":1,"ks":{"o":{"a":0,"k":100,"ix":11},"r":{"a":0,"k":0,"ix":10},"p":{"a":0,"k":[600,600,0],"ix":2},"a":{"a":0,"k":[0,0,0],"ix":1},"s":{"a":0,"k":[100,100,100],"ix":6}},"ao":0,"shapes":[{"ty":"gr","it":[{"ty":"rc","d":1,"s":{"a":0,"k":[1200,1200],"ix":2},"p":{"a":0,"k":[0,0],"ix":3},"r":{"a":0,"k":0,"ix":4},"nm":"Rectangle Path 1","mn":"ADBE Vector Shape - Rect","hd":false},{"ty":"fl","c":{"a":0,"k":[1,1,1,1],"ix":4},"o":{"a":0,"k":100,"ix":5},"r":1,"bm":0,"nm":"Fill 1","mn":"ADBE Vector Graphic - Fill","hd":false},{"ty":"tr","p":{"a":1,"k":[{"i":{"x":0,"y":1},"o":{"x":0.151,"y":0},"t":2,"s":[0,0],"to":[-71.333,28.5],"ti":[71.333,-28.5]},{"t":22,"s":[-428,171]}],"ix":2},"a":{"a":0,"k":[0,0],"ix":1},"s":{"a":1,"k":[{"i":{"x":[0.833,0.833],"y":[0.833,0.833]},"o":{"x":[0.167,0.167],"y":[0.167,0.167]},"t":2,"s":[3,3]},{"i":{"x":[0.833,0.833],"y":[0.833,0.833]},"o":{"x":[0.167,0.167],"y":[0.167,0.167]},"t":22,"s":[3,3]},{"t":27,"s":[1,1]}],"ix":3},"r":{"a":1,"k":[{"i":{"x":[0],"y":[1]},"o":{"x":[0.162],"y":[0]},"t":2,"s":[0]},{"t":27,"s":[-170]}],"ix":6},"o":{"a":1,"k":[{"i":{"x":[0.562],"y":[0.879]},"o":{"x":[0.195],"y":[0]},"t":2,"s":[0]},{"i":{"x":[0.843],"y":[1]},"o":{"x":[0.352],"y":[29.289]},"t":7,"s":[100]},{"i":{"x":[0],"y":[1]},"o":{"x":[0.267],"y":[0]},"t":22,"s":[100]},{"t":27,"s":[0]}],"ix":7},"sk":{"a":0,"k":0,"ix":4},"sa":{"a":0,"k":0,"ix":5},"nm":"Transform"}],"nm":"Rectangle 2","np":3,"cix":2,"bm":0,"ix":1,"mn":"ADBE Vector Group","hd":false},{"ty":"gr","it":[{"ty":"rc","d":1,"s":{"a":0,"k":[1200,1200],"ix":2},"p":{"a":0,"k":[0,0],"ix":3},"r":{"a":0,"k":0,"ix":4},"nm":"Rectangle Path 1","mn":"ADBE Vector Shape - Rect","hd":false},{"ty":"fl","c":{"a":0,"k":[1,1,1,1],"ix":4},"o":{"a":0,"k":100,"ix":5},"r":1,"bm":0,"nm":"Fill 1","mn":"ADBE Vector Graphic - Fill","hd":false},{"ty":"tr","p":{"a":1,"k":[{"i":{"x":0,"y":1},"o":{"x":0.151,"y":0},"t":0,"s":[0,0],"to":[40.167,-28.167],"ti":[-40.167,28.167]},{"t":20,"s":[241,-169]}],"ix":2},"a":{"a":0,"k":[0,0],"ix":1},"s":{"a":1,"k":[{"i":{"x":[0.833,0.833],"y":[0.833,0.833]},"o":{"x":[0.167,0.167],"y":[0.167,0.167]},"t":0,"s":[3,3]},{"i":{"x":[0.833,0.833],"y":[0.833,0.833]},"o":{"x":[0.167,0.167],"y":[0.167,0.167]},"t":20,"s":[3,3]},{"t":25,"s":[1,1]}],"ix":3},"r":{"a":1,"k":[{"i":{"x":[0],"y":[1]},"o":{"x":[0.162],"y":[0]},"t":0,"s":[0]},{"t":25,"s":[151]}],"ix":6},"o":{"a":1,"k":[{"i":{"x":[0.572],"y":[0.858]},"o":{"x":[0.216],"y":[0]},"t":0,"s":[0]},{"i":{"x":[0.7],"y":[1]},"o":{"x":[0.298],"y":[29.612]},"t":5,"s":[100]},{"i":{"x":[0],"y":[1]},"o":{"x":[0.267],"y":[0]},"t":20,"s":[100]},{"t":25,"s":[0]}],"ix":7},"sk":{"a":0,"k":0,"ix":4},"sa":{"a":0,"k":0,"ix":5},"nm":"Transform"}],"nm":"Rectangle 1","np":3,"cix":2,"bm":0,"ix":2,"mn":"ADBE Vector Group","hd":false},{"ty":"gr","it":[{"ty":"rc","d":1,"s":{"a":0,"k":[1117,1117],"ix":2},"p":{"a":0,"k":[0,0],"ix":3},"r":{"a":0,"k":0,"ix":4},"nm":"Rectangle Path 1","mn":"ADBE Vector Shape - Rect","hd":false},{"ty":"fl","c":{"a":0,"k":[1,1,1,1],"ix":4},"o":{"a":0,"k":100,"ix":5},"r":1,"bm":0,"nm":"Fill 1","mn":"ADBE Vector Graphic - Fill","hd":false},{"ty":"tr","p":{"a":1,"k":[{"i":{"x":0,"y":1},"o":{"x":0.151,"y":0},"t":4,"s":[0,0],"to":[15,37.5],"ti":[-15,-37.5]},{"t":24,"s":[90,225]}],"ix":2},"a":{"a":0,"k":[0,0],"ix":1},"s":{"a":0,"k":[3.5,3.5],"ix":3},"r":{"a":0,"k":-30,"ix":6},"o":{"a":1,"k":[{"i":{"x":[0.563],"y":[0.875]},"o":{"x":[0.187],"y":[0]},"t":4,"s":[0]},{"i":{"x":[0.842],"y":[1]},"o":{"x":[0.37],"y":[31.744]},"t":9,"s":[100]},{"i":{"x":[0],"y":[1]},"o":{"x":[0.267],"y":[0]},"t":24,"s":[100]},{"t":29,"s":[0]}],"ix":7},"sk":{"a":0,"k":0,"ix":4},"sa":{"a":0,"k":0,"ix":5},"nm":"Transform"}],"nm":"Ellipse 3","np":3,"cix":2,"bm":0,"ix":3,"mn":"ADBE Vector Group","hd":false},{"ty":"gr","it":[{"ty":"rc","d":1,"s":{"a":0,"k":[1164,1164],"ix":2},"p":{"a":0,"k":[0,0],"ix":3},"r":{"a":0,"k":0,"ix":4},"nm":"Rectangle Path 1","mn":"ADBE Vector Shape - Rect","hd":false},{"ty":"fl","c":{"a":0,"k":[1,1,1,1],"ix":4},"o":{"a":0,"k":100,"ix":5},"r":1,"bm":0,"nm":"Fill 1","mn":"ADBE Vector Graphic - Fill","hd":false},{"ty":"tr","p":{"a":1,"k":[{"i":{"x":0,"y":1},"o":{"x":0.151,"y":0},"t":0,"s":[0,0],"to":[50.333,41.5],"ti":[-50.333,-41.5]},{"t":20,"s":[302,249]}],"ix":2},"a":{"a":0,"k":[0,0],"ix":1},"s":{"a":0,"k":[3.5,3.5],"ix":3},"r":{"a":0,"k":35,"ix":6},"o":{"a":1,"k":[{"i":{"x":[0.569],"y":[0.817]},"o":{"x":[0.205],"y":[0]},"t":4,"s":[0]},{"i":{"x":[0.702],"y":[1]},"o":{"x":[0.312],"y":[29.118]},"t":9,"s":[100]},{"i":{"x":[0],"y":[1]},"o":{"x":[0.267],"y":[0]},"t":20,"s":[100]},{"t":25,"s":[0]}],"ix":7},"sk":{"a":0,"k":0,"ix":4},"sa":{"a":0,"k":0,"ix":5},"nm":"Transform"}],"nm":"Ellipse 2","np":3,"cix":2,"bm":0,"ix":4,"mn":"ADBE Vector Group","hd":false},{"ty":"gr","it":[{"ty":"rc","d":1,"s":{"a":0,"k":[1244,1244],"ix":2},"p":{"a":0,"k":[0,0],"ix":3},"r":{"a":0,"k":0,"ix":4},"nm":"Rectangle Path 1","mn":"ADBE Vector Shape - Rect","hd":false},{"ty":"fl","c":{"a":0,"k":[1,1,1,1],"ix":4},"o":{"a":0,"k":100,"ix":5},"r":1,"bm":0,"nm":"Fill 1","mn":"ADBE Vector Graphic - Fill","hd":false},{"ty":"tr","p":{"a":1,"k":[{"i":{"x":0,"y":1},"o":{"x":0.151,"y":0},"t":1,"s":[0,0],"to":[-43,-58.5],"ti":[43,58.5]},{"t":21,"s":[-258,-351]}],"ix":2},"a":{"a":0,"k":[0,0],"ix":1},"s":{"a":0,"k":[5.14,5.14],"ix":3},"r":{"a":0,"k":-41,"ix":6},"o":{"a":1,"k":[{"i":{"x":[0.562],"y":[1]},"o":{"x":[0.198],"y":[0]},"t":0,"s":[0]},{"i":{"x":[0.843],"y":[1]},"o":{"x":[0.348],"y":[0]},"t":5,"s":[100]},{"i":{"x":[0],"y":[1]},"o":{"x":[0.267],"y":[0]},"t":21,"s":[100]},{"t":26,"s":[0]}],"ix":7},"sk":{"a":0,"k":0,"ix":4},"sa":{"a":0,"k":0,"ix":5},"nm":"Transform"}],"nm":"Ellipse 1","np":3,"cix":2,"bm":0,"ix":5,"mn":"ADBE Vector Group","hd":false}],"ip":0,"op":30,"st":0,"bm":0}]}],"layers":[{"ddd":0,"ind":1,"ty":4,"nm":"Ball appear","sr":1,"ks":{"o":{"a":0,"k":100,"ix":11},"r":{"a":0,"k":0,"ix":10},"p":{"a":0,"k":[399,130,0],"ix":2},"a":{"a":0,"k":[-158,-354,0],"ix":1},"s":{"a":0,"k":[100,100,100],"ix":6}},"ao":0,"shapes":[{"ty":"gr","it":[{"d":1,"ty":"el","s":{"a":0,"k":[88,88],"ix":2},"p":{"a":0,"k":[0,0],"ix":3},"nm":"Ellipse Path 1","mn":"ADBE Vector Shape - Ellipse","hd":false},{"ty":"fl","c":{"a":0,"k":[0.219604492188,0.823516845703,0,1],"ix":4},"o":{"a":0,"k":100,"ix":5},"r":1,"bm":0,"nm":"Fill 1","mn":"ADBE Vector Graphic - Fill","hd":false},{"ty":"tr","p":{"a":0,"k":[-158,-354],"ix":2},"a":{"a":0,"k":[0,0],"ix":1},"s":{"a":1,"k":[{"i":{"x":[0.099,0.099],"y":[0.906,0.906]},"o":{"x":[0.278,0.278],"y":[0,0]},"t":0,"s":[0,0]},{"i":{"x":[0.882,0.882],"y":[1,1]},"o":{"x":[0.487,0.487],"y":[-0.478,-0.478]},"t":3,"s":[122,122]},{"t":9,"s":[100,100]}],"ix":3},"r":{"a":0,"k":0,"ix":6},"o":{"a":0,"k":100,"ix":7},"sk":{"a":0,"k":0,"ix":4},"sa":{"a":0,"k":0,"ix":5},"nm":"Transform"}],"nm":"Ellipse 1","np":3,"cix":2,"bm":0,"ix":1,"mn":"ADBE Vector Group","hd":false}],"ip":0,"op":10,"st":-1,"bm":0},{"ddd":0,"ind":2,"ty":0,"nm":"Pops_02","refId":"comp_0","sr":1,"ks":{"o":{"a":0,"k":100,"ix":11},"r":{"a":0,"k":-49,"ix":10},"p":{"a":0,"k":[564,892,0],"ix":2},"a":{"a":0,"k":[600,600,0],"ix":1},"s":{"a":0,"k":[48,48,100],"ix":6}},"ao":0,"w":1200,"h":1200,"ip":16,"op":16,"st":-14,"bm":0,"hidden":16},{"ddd":0,"ind":3,"ty":0,"nm":"Pops_02","refId":"comp_0","sr":1,"ks":{"o":{"a":0,"k":100,"ix":11},"r":{"a":0,"k":-49,"ix":10},"p":{"a":0,"k":[564,892,0],"ix":2},"a":{"a":0,"k":[600,600,0],"ix":1},"s":{"a":0,"k":[48,48,100],"ix":6}},"ao":0,"w":1200,"h":1200,"ip":56,"op":56,"st":42,"bm":0,"hidden":42},{"ddd":0,"ind":4,"ty":4,"nm":"Bouncer 3","sr":1,"ks":{"o":{"a":0,"k":100,"ix":11},"r":{"a":0,"k":0,"ix":10},"p":{"a":0,"k":[529.107,1045.048,0],"ix":2},"a":{"a":0,"k":[173.107,533.048,0],"ix":1},"s":{"a":0,"k":[100,100,100],"ix":6}},"ao":0,"shapes":[{"ty":"gr","it":[{"ty":"gr","it":[{"ind":0,"ty":"sh","ix":1,"ks":{"a":0,"k":{"i":[[8.479,0],[0,0],[0,0],[0,0],[0,-8.479],[0,0]],"o":[[0,0],[0,0],[0,0],[8.479,0],[0,0],[0,8.479]],"v":[[26.471,61.412],[-41.824,61.412],[-41.824,-61.412],[26.471,-61.412],[41.824,-46.059],[41.824,46.059]],"c":true},"ix":2},"nm":"Path 1","mn":"ADBE Vector Shape - Group","hd":false},{"ty":"fl","c":{"a":0,"k":[0.341176480055,0.635294139385,0.949019610882,1],"ix":4},"o":{"a":0,"k":100,"ix":5},"r":1,"bm":0,"nm":"Fill 1","mn":"ADBE Vector Graphic - Fill","hd":false},{"ty":"tr","p":{"a":0,"k":[264.512,458.648],"ix":2},"a":{"a":0,"k":[0,0],"ix":1},"s":{"a":0,"k":[100,100],"ix":3},"r":{"a":0,"k":0,"ix":6},"o":{"a":0,"k":100,"ix":7},"sk":{"a":0,"k":0,"ix":4},"sa":{"a":0,"k":0,"ix":5},"nm":"Transform"}],"nm":"Group 3","np":2,"cix":2,"bm":0,"ix":1,"mn":"ADBE Vector Group","hd":false},{"ty":"gr","it":[{"ind":0,"ty":"sh","ix":1,"ks":{"a":0,"k":{"i":[[0,0],[0,0],[0,8.479],[0,0],[-8.479,0],[0,0]],"o":[[0,0],[-8.479,0],[0,0],[0,-8.479],[0,0],[0,0]],"v":[[19.588,61.412],[-4.235,61.412],[-19.588,46.059],[-19.588,-46.059],[-4.235,-61.412],[19.588,-61.412]],"c":true},"ix":2},"nm":"Path 1","mn":"ADBE Vector Shape - Group","hd":false},{"ty":"fl","c":{"a":0,"k":[0.015686275437,0.450980395079,0.917647063732,1],"ix":4},"o":{"a":0,"k":100,"ix":5},"r":1,"bm":0,"nm":"Fill 1","mn":"ADBE Vector Graphic - Fill","hd":false},{"ty":"tr","p":{"a":0,"k":[203.1,458.648],"ix":2},"a":{"a":0,"k":[0,0],"ix":1},"s":{"a":0,"k":[100,100],"ix":3},"r":{"a":0,"k":0,"ix":6},"o":{"a":0,"k":100,"ix":7},"sk":{"a":0,"k":0,"ix":4},"sa":{"a":0,"k":0,"ix":5},"nm":"Transform"}],"nm":"Group 4","np":2,"cix":2,"bm":0,"ix":2,"mn":"ADBE Vector Group","hd":false},{"ty":"tr","p":{"a":0,"k":[183.924,515.648],"ix":2},"a":{"a":0,"k":[183.924,515.648],"ix":1},"s":{"a":0,"k":[100,100],"ix":3},"r":{"a":1,"k":[{"i":{"x":[0.298],"y":[0.891]},"o":{"x":[0.333],"y":[0]},"t":44,"s":[0]},{"i":{"x":[0.735],"y":[2.939]},"o":{"x":[0.314],"y":[3.588]},"t":46,"s":[-25]},{"i":{"x":[0.917],"y":[0.941]},"o":{"x":[0.852],"y":[0.149]},"t":52,"s":[-26]},{"t":55,"s":[0]}],"ix":6},"o":{"a":0,"k":100,"ix":7},"sk":{"a":0,"k":0,"ix":4},"sa":{"a":0,"k":0,"ix":5},"nm":"Transform"}],"nm":"Box","np":2,"cix":2,"bm":0,"ix":2,"mn":"ADBE Vector Group","hd":false},{"ty":"gr","it":[{"ind":0,"ty":"sh","ix":1,"ks":{"a":0,"k":{"i":[[2.924,0],[0,0],[0,2.924],[0,0],[-2.924,0],[0,0],[0,-2.924],[0,0]],"o":[[0,0],[-2.924,0],[0,0],[0,-2.924],[0,0],[2.924,0],[0,0],[0,2.924]],"v":[[76.941,13.059],[-76.941,13.059],[-82.235,7.765],[-82.235,-7.765],[-76.941,-13.059],[76.941,-13.059],[82.235,-7.765],[82.235,7.765]],"c":true},"ix":2},"nm":"Path 1","mn":"ADBE Vector Shape - Group","hd":false},{"ty":"fl","c":{"a":0,"k":[0.529411792755,0.737254917622,0.964705884457,1],"ix":4},"o":{"a":0,"k":100,"ix":5},"r":1,"bm":0,"nm":"Fill 1","mn":"ADBE Vector Graphic - Fill","hd":false},{"ty":"tr","p":{"a":0,"k":[244.924,533.119],"ix":2},"a":{"a":0,"k":[0,0],"ix":1},"s":{"a":0,"k":[100,100],"ix":3},"r":{"a":0,"k":0,"ix":6},"o":{"a":0,"k":100,"ix":7},"sk":{"a":0,"k":0,"ix":4},"sa":{"a":0,"k":0,"ix":5},"nm":"Transform"}],"nm":"Shelf","np":2,"cix":2,"bm":0,"ix":4,"mn":"ADBE Vector Group","hd":false}],"ip":0,"op":56,"st":-10,"bm":0},{"ddd":0,"ind":5,"ty":4,"nm":"Bouncer 2","sr":1,"ks":{"o":{"a":0,"k":100,"ix":11},"r":{"a":0,"k":0,"ix":10},"p":{"a":0,"k":[1008.107,553.048,0],"ix":2},"a":{"a":0,"k":[273.107,363.048,0],"ix":1},"s":{"a":0,"k":[100,100,100],"ix":6}},"ao":0,"shapes":[{"ty":"gr","it":[{"ty":"gr","it":[{"ind":0,"ty":"sh","ix":1,"ks":{"a":0,"k":{"i":[[5.912,5.378],[0,0],[-5.378,5.912],[0,0],[-5.912,-5.378],[0,0],[5.378,-5.912],[0,0]],"o":[[0,0],[-5.912,-5.378],[0,0],[5.378,-5.912],[0,0],[5.912,5.378],[0,0],[-5.378,5.912]],"v":[[15.502,34.108],[-23.877,-1.682],[-24.844,-22.124],[-24.369,-22.646],[-2.927,-24.612],[35.452,12.178],[36.419,32.619],[35.944,33.141]],"c":true},"ix":2},"nm":"Path 1","mn":"ADBE Vector Shape - Group","hd":false},{"ty":"fl","c":{"a":0,"k":[0.015686275437,0.450980395079,0.917647063732,1],"ix":4},"o":{"a":0,"k":100,"ix":5},"r":1,"bm":0,"nm":"Fill 1","mn":"ADBE Vector Graphic - Fill","hd":false},{"ty":"tr","p":{"a":0,"k":[267.325,207.298],"ix":2},"a":{"a":0,"k":[0,0],"ix":1},"s":{"a":0,"k":[100,100],"ix":3},"r":{"a":0,"k":0,"ix":6},"o":{"a":0,"k":100,"ix":7},"sk":{"a":0,"k":0,"ix":4},"sa":{"a":0,"k":0,"ix":5},"nm":"Transform"}],"nm":"Group 1","np":2,"cix":2,"bm":0,"ix":1,"mn":"ADBE Vector Group","hd":false},{"ty":"gr","it":[{"ind":0,"ty":"sh","ix":1,"ks":{"a":0,"k":{"i":[[5.912,5.378],[0,0],[-5.378,5.912],[0,0],[-5.912,-5.378],[0,0],[5.378,-5.912],[0,0]],"o":[[0,0],[-5.912,-5.378],[0,0],[5.378,-5.912],[0,0],[5.912,5.378],[0,0],[-5.378,5.912]],"v":[[47.722,63.453],[-67.673,-41.523],[-68.639,-61.965],[-68.164,-62.487],[-47.722,-63.453],[67.673,41.523],[68.639,61.965],[68.164,62.487]],"c":true},"ix":2},"nm":"Path 1","mn":"ADBE Vector Shape - Group","hd":false},{"ty":"fl","c":{"a":0,"k":[0.341176480055,0.635294139385,0.949019610882,1],"ix":4},"o":{"a":0,"k":100,"ix":5},"r":1,"bm":0,"nm":"Fill 1","mn":"ADBE Vector Graphic - Fill","hd":false},{"ty":"tr","p":{"a":0,"k":[311.12,247.139],"ix":2},"a":{"a":0,"k":[0,0],"ix":1},"s":{"a":0,"k":[100,100],"ix":3},"r":{"a":0,"k":0,"ix":6},"o":{"a":0,"k":100,"ix":7},"sk":{"a":0,"k":0,"ix":4},"sa":{"a":0,"k":0,"ix":5},"nm":"Transform"}],"nm":"Group 2","np":2,"cix":2,"bm":0,"ix":2,"mn":"ADBE Vector Group","hd":false},{"ty":"tr","p":{"a":1,"k":[{"i":{"x":0.833,"y":1},"o":{"x":0.167,"y":0.167},"t":28,"s":[248.12,383.139],"to":[-10.5,22.667],"ti":[0,0]},{"i":{"x":0,"y":1},"o":{"x":0.493,"y":0},"t":29,"s":[248.12,383.139],"to":[-12,-23.833],"ti":[4,22.667]},{"i":{"x":0.833,"y":0.833},"o":{"x":0.333,"y":0},"t":32,"s":[176.12,240.139],"to":[-4,-22.667],"ti":[17,-23.833]},{"i":{"x":0.833,"y":0.833},"o":{"x":0.167,"y":0.167},"t":37,"s":[224.12,247.139],"to":[-6.034,8.459],"ti":[17,-23.833]},{"i":{"x":0.833,"y":0.833},"o":{"x":0.167,"y":0.167},"t":44,"s":[247.12,247.139],"to":[-6.034,8.459],"ti":[7.485,-17.633]},{"i":{"x":0.833,"y":0.833},"o":{"x":0.167,"y":0.167},"t":47,"s":[218.965,368.696],"to":[-6.395,15.065],"ti":[3.121,-6.737]},{"t":50,"s":[248.12,383.139]}],"ix":2},"a":{"a":0,"k":[311.12,247.139],"ix":1},"s":{"a":0,"k":[100,100],"ix":3},"r":{"a":1,"k":[{"i":{"x":[0.833],"y":[1]},"o":{"x":[0.167],"y":[0]},"t":28,"s":[-42.2]},{"i":{"x":[0.667],"y":[1]},"o":{"x":[0.333],"y":[0]},"t":29,"s":[-42.2]},{"i":{"x":[0.833],"y":[0.833]},"o":{"x":[0.333],"y":[0]},"t":32,"s":[-72]},{"i":{"x":[0.833],"y":[0.833]},"o":{"x":[0.167],"y":[0.167]},"t":37,"s":[-73]},{"i":{"x":[0.833],"y":[0.833]},"o":{"x":[0.167],"y":[0.167]},"t":44,"s":[-57]},{"i":{"x":[0.833],"y":[0.833]},"o":{"x":[0.167],"y":[0.167]},"t":47,"s":[-62.65]},{"t":50,"s":[-42.2]}],"ix":6},"o":{"a":0,"k":100,"ix":7},"sk":{"a":0,"k":0,"ix":4},"sa":{"a":0,"k":0,"ix":5},"nm":"Transform"}],"nm":"Lid","np":2,"cix":2,"bm":0,"ix":1,"mn":"ADBE Vector Group","hd":false},{"ty":"gr","it":[{"ty":"gr","it":[{"ind":0,"ty":"sh","ix":1,"ks":{"a":0,"k":{"i":[[8.479,0],[0,0],[0,0],[0,0],[0,-8.479],[0,0]],"o":[[0,0],[0,0],[0,0],[8.479,0],[0,0],[0,8.479]],"v":[[26.471,61.412],[-41.824,61.412],[-41.824,-61.412],[26.471,-61.412],[41.824,-46.059],[41.824,46.059]],"c":true},"ix":2},"nm":"Path 1","mn":"ADBE Vector Shape - Group","hd":false},{"ty":"fl","c":{"a":0,"k":[0.341176480055,0.635294139385,0.949019610882,1],"ix":4},"o":{"a":0,"k":100,"ix":5},"r":1,"bm":0,"nm":"Fill 1","mn":"ADBE Vector Graphic - Fill","hd":false},{"ty":"tr","p":{"a":0,"k":[264.512,458.648],"ix":2},"a":{"a":0,"k":[0,0],"ix":1},"s":{"a":0,"k":[100,100],"ix":3},"r":{"a":0,"k":0,"ix":6},"o":{"a":0,"k":100,"ix":7},"sk":{"a":0,"k":0,"ix":4},"sa":{"a":0,"k":0,"ix":5},"nm":"Transform"}],"nm":"Group 3","np":2,"cix":2,"bm":0,"ix":1,"mn":"ADBE Vector Group","hd":false},{"ty":"gr","it":[{"ind":0,"ty":"sh","ix":1,"ks":{"a":0,"k":{"i":[[0,0],[0,0],[0,8.479],[0,0],[-8.479,0],[0,0]],"o":[[0,0],[-8.479,0],[0,0],[0,-8.479],[0,0],[0,0]],"v":[[19.588,61.412],[-4.235,61.412],[-19.588,46.059],[-19.588,-46.059],[-4.235,-61.412],[19.588,-61.412]],"c":true},"ix":2},"nm":"Path 1","mn":"ADBE Vector Shape - Group","hd":false},{"ty":"fl","c":{"a":0,"k":[0.015686275437,0.450980395079,0.917647063732,1],"ix":4},"o":{"a":0,"k":100,"ix":5},"r":1,"bm":0,"nm":"Fill 1","mn":"ADBE Vector Graphic - Fill","hd":false},{"ty":"tr","p":{"a":0,"k":[203.1,458.648],"ix":2},"a":{"a":0,"k":[0,0],"ix":1},"s":{"a":0,"k":[100,100],"ix":3},"r":{"a":0,"k":0,"ix":6},"o":{"a":0,"k":100,"ix":7},"sk":{"a":0,"k":0,"ix":4},"sa":{"a":0,"k":0,"ix":5},"nm":"Transform"}],"nm":"Group 4","np":2,"cix":2,"bm":0,"ix":2,"mn":"ADBE Vector Group","hd":false},{"ty":"tr","p":{"a":0,"k":[244.924,458.648],"ix":2},"a":{"a":0,"k":[244.924,458.648],"ix":1},"s":{"a":0,"k":[100,100],"ix":3},"r":{"a":0,"k":0,"ix":6},"o":{"a":0,"k":100,"ix":7},"sk":{"a":0,"k":0,"ix":4},"sa":{"a":0,"k":0,"ix":5},"nm":"Transform"}],"nm":"Box","np":2,"cix":2,"bm":0,"ix":2,"mn":"ADBE Vector Group","hd":false},{"ty":"gr","it":[{"ind":0,"ty":"sh","ix":1,"ks":{"a":1,"k":[{"i":{"x":0.833,"y":0.833},"o":{"x":0.167,"y":0.167},"t":28,"s":[{"i":[[0,0],[-40.367,-4.658],[31.37,-7.984],[1.29,-9.054],[-27.535,6.835]],"o":[[-3.813,3.944],[14.43,1.282],[-18.448,5.518],[-1.389,6.935],[0,0]],"v":[[-17.812,51.168],[-26.241,73.076],[-19.719,55.212],[-44.593,60.274],[-13.977,76.533]],"c":false}]},{"i":{"x":0.833,"y":0.833},"o":{"x":0.167,"y":0.167},"t":29,"s":[{"i":[[0,0],[-40.367,-4.658],[31.37,-7.984],[1.29,-9.054],[-27.535,6.835]],"o":[[-3.813,3.944],[14.43,1.282],[-18.448,5.518],[-1.389,6.935],[0,0]],"v":[[-17.812,51.168],[-26.241,73.076],[-19.719,55.212],[-44.593,60.274],[-13.977,76.533]],"c":false}]},{"i":{"x":0.833,"y":0.833},"o":{"x":0.167,"y":0.167},"t":30,"s":[{"i":[[0,0],[-32.965,19.295],[30.562,0.629],[-7.596,-23.403],[-17.125,2.536]],"o":[[-1.906,1.972],[15.089,-5.834],[-16.438,-0.871],[3.122,13.637],[0,0]],"v":[[-61.67,-20.868],[-26.047,37.902],[-34.021,-3.06],[-53.078,30.072],[-14.035,76.398]],"c":false}]},{"i":{"x":0.833,"y":0.833},"o":{"x":0.167,"y":0.167},"t":31,"s":[{"i":[[0,0],[-25.564,43.248],[9.224,-28.698],[-16.482,-37.753],[-6.716,-1.762]],"o":[[0,0],[12.272,-19.531],[-4.791,21.15],[7.633,20.339],[0,0]],"v":[[-99.528,-63.904],[-48.854,-47.271],[-72.322,-51.333],[-33.564,-9.129],[-14.094,76.263]],"c":false}]},{"i":{"x":0.833,"y":0.833},"o":{"x":0.167,"y":0.167},"t":32,"s":[{"i":[[0,0],[-45.016,40.117],[17.456,-26.767],[-7.107,-56.925],[3.694,-6.06]],"o":[[3.343,4.796],[23.18,-17.173],[-12.576,21.384],[2.393,29.075],[0,0]],"v":[[-92.246,-80.666],[-21.942,-44.048],[-52.914,-57.665],[-9.351,22.993],[-14.152,76.128]],"c":false}]},{"i":{"x":0.833,"y":0.833},"o":{"x":0.167,"y":0.167},"t":34,"s":[{"i":[[0,0],[-30.201,44.031],[10.859,-28.528],[-7.107,-56.925],[3.694,-6.06]],"o":[[3.892,3.413],[15.669,-20.83],[-6.996,22.49],[2.393,29.075],[0,0]],"v":[[-77.906,-89.118],[-9.564,-66.841],[-41.718,-76.091],[-4.951,24.593],[-14.152,76.128]],"c":false}]},{"i":{"x":0.833,"y":0.833},"o":{"x":0.167,"y":0.167},"t":35,"s":[{"i":[[0,0],[-22.793,45.987],[7.56,-29.408],[-7.107,-56.925],[3.694,-6.06]],"o":[[4.166,2.721],[11.913,-22.659],[-4.205,23.043],[2.393,29.075],[0,0]],"v":[[-70.806,-87.344],[-3.445,-72.237],[-36.19,-79.304],[-2.751,25.393],[-14.152,76.128]],"c":false}]},{"i":{"x":0.833,"y":0.833},"o":{"x":0.167,"y":0.167},"t":37,"s":[{"i":[[0,0],[-22.068,56.114],[8.357,-36.491],[-7.107,-56.925],[3.694,-6.06]],"o":[[5.151,2.765],[11.502,-29.246],[-4.023,28.649],[2.393,29.075],[0,0]],"v":[[-51.849,-67.288],[26.164,-50.092],[-13.948,-60.717],[1.649,26.993],[-14.152,76.128]],"c":false}]},{"i":{"x":0.833,"y":0.833},"o":{"x":0.167,"y":0.167},"t":44,"s":[{"i":[[0.109,-50.515],[-29.405,58.691],[11.135,-38.167],[5.393,-33.491],[3.694,-4.757]],"o":[[-0.109,50.515],[15.326,-30.589],[-5.36,29.965],[-2.607,23.509],[0,0]],"v":[[-29.349,-75.446],[56.089,-24.123],[2.64,-35.235],[1.149,34.56],[-14.652,73.128]],"c":false}]},{"i":{"x":0.833,"y":0.833},"o":{"x":0.167,"y":0.167},"t":47,"s":[{"i":[[0,0],[-69.443,-43.201],[36.894,7.01],[5.66,-17.556],[-23.423,17.67]],"o":[[-4.348,3.362],[33.557,15.799],[-18.32,-1.989],[-2.685,8.623],[0,0]],"v":[[-30.721,40.069],[-20.015,84.77],[-0.852,40.558],[-42.181,71.892],[3.965,91.398]],"c":false}]},{"t":50,"s":[{"i":[[0,0],[-40.367,-4.658],[31.37,-7.984],[1.29,-9.054],[-27.535,6.835]],"o":[[-3.813,3.944],[14.43,1.282],[-18.448,5.518],[-1.389,6.935],[0,0]],"v":[[-17.812,51.168],[-26.241,73.076],[-19.719,55.212],[-44.593,60.274],[-13.977,76.533]],"c":false}]}],"ix":2},"nm":"Path 1","mn":"ADBE Vector Shape - Group","hd":false},{"ty":"st","c":{"a":0,"k":[0.427450984716,0.43137255311,0.443137258291,1],"ix":3},"o":{"a":0,"k":100,"ix":4},"w":{"a":0,"k":18,"ix":5},"lc":1,"lj":1,"ml":10,"bm":0,"nm":"Stroke 1","mn":"ADBE Vector Graphic - Stroke","hd":false},{"ty":"tr","p":{"a":0,"k":[262.958,329.432],"ix":2},"a":{"a":0,"k":[0,0],"ix":1},"s":{"a":0,"k":[100,100],"ix":3},"r":{"a":0,"k":0,"ix":6},"o":{"a":0,"k":100,"ix":7},"sk":{"a":0,"k":0,"ix":4},"sa":{"a":0,"k":0,"ix":5},"nm":"Transform"}],"nm":"Spring","np":2,"cix":2,"bm":0,"ix":3,"mn":"ADBE Vector Group","hd":false},{"ty":"gr","it":[{"ind":0,"ty":"sh","ix":1,"ks":{"a":0,"k":{"i":[[2.924,0],[0,0],[0,2.924],[0,0],[-2.924,0],[0,0],[0,-2.924],[0,0]],"o":[[0,0],[-2.924,0],[0,0],[0,-2.924],[0,0],[2.924,0],[0,0],[0,2.924]],"v":[[76.941,13.059],[-76.941,13.059],[-82.235,7.765],[-82.235,-7.765],[-76.941,-13.059],[76.941,-13.059],[82.235,-7.765],[82.235,7.765]],"c":true},"ix":2},"nm":"Path 1","mn":"ADBE Vector Shape - Group","hd":false},{"ty":"fl","c":{"a":0,"k":[0.529411792755,0.737254917622,0.964705884457,1],"ix":4},"o":{"a":0,"k":100,"ix":5},"r":1,"bm":0,"nm":"Fill 1","mn":"ADBE Vector Graphic - Fill","hd":false},{"ty":"tr","p":{"a":0,"k":[244.924,533.119],"ix":2},"a":{"a":0,"k":[0,0],"ix":1},"s":{"a":0,"k":[100,100],"ix":3},"r":{"a":0,"k":0,"ix":6},"o":{"a":0,"k":100,"ix":7},"sk":{"a":0,"k":0,"ix":4},"sa":{"a":0,"k":0,"ix":5},"nm":"Transform"}],"nm":"Shelf","np":2,"cix":2,"bm":0,"ix":4,"mn":"ADBE Vector Group","hd":false}],"ip":0,"op":56,"st":-1,"bm":0},{"ddd":0,"ind":6,"ty":4,"nm":"Bouncer 1","sr":1,"ks":{"o":{"a":0,"k":100,"ix":11},"r":{"a":0,"k":0,"ix":10},"p":{"a":0,"k":[273.107,363.048,0],"ix":2},"a":{"a":0,"k":[273.107,363.048,0],"ix":1},"s":{"a":0,"k":[100,100,100],"ix":6}},"ao":0,"shapes":[{"ty":"gr","it":[{"ty":"gr","it":[{"ind":0,"ty":"sh","ix":1,"ks":{"a":0,"k":{"i":[[5.912,5.378],[0,0],[-5.378,5.912],[0,0],[-5.912,-5.378],[0,0],[5.378,-5.912],[0,0]],"o":[[0,0],[-5.912,-5.378],[0,0],[5.378,-5.912],[0,0],[5.912,5.378],[0,0],[-5.378,5.912]],"v":[[15.502,34.108],[-23.877,-1.682],[-24.844,-22.124],[-24.369,-22.646],[-3.927,-23.612],[35.452,12.178],[36.419,32.619],[35.944,33.141]],"c":true},"ix":2},"nm":"Path 1","mn":"ADBE Vector Shape - Group","hd":false},{"ty":"fl","c":{"a":0,"k":[0.015686275437,0.450980395079,0.917647063732,1],"ix":4},"o":{"a":0,"k":100,"ix":5},"r":1,"bm":0,"nm":"Fill 1","mn":"ADBE Vector Graphic - Fill","hd":false},{"ty":"tr","p":{"a":0,"k":[267.325,207.298],"ix":2},"a":{"a":0,"k":[0,0],"ix":1},"s":{"a":0,"k":[100,100],"ix":3},"r":{"a":0,"k":0,"ix":6},"o":{"a":0,"k":100,"ix":7},"sk":{"a":0,"k":0,"ix":4},"sa":{"a":0,"k":0,"ix":5},"nm":"Transform"}],"nm":"Group 1","np":2,"cix":2,"bm":0,"ix":1,"mn":"ADBE Vector Group","hd":false},{"ty":"gr","it":[{"ind":0,"ty":"sh","ix":1,"ks":{"a":0,"k":{"i":[[5.912,5.378],[0,0],[-5.378,5.912],[0,0],[-5.912,-5.378],[0,0],[5.378,-5.912],[0,0]],"o":[[0,0],[-5.912,-5.378],[0,0],[5.378,-5.912],[0,0],[5.912,5.378],[0,0],[-5.378,5.912]],"v":[[47.722,63.453],[-67.673,-41.523],[-68.639,-61.965],[-68.164,-62.487],[-47.722,-63.453],[67.673,41.523],[68.639,61.965],[68.164,62.487]],"c":true},"ix":2},"nm":"Path 1","mn":"ADBE Vector Shape - Group","hd":false},{"ty":"fl","c":{"a":0,"k":[0.341176480055,0.635294139385,0.949019610882,1],"ix":4},"o":{"a":0,"k":100,"ix":5},"r":1,"bm":0,"nm":"Fill 1","mn":"ADBE Vector Graphic - Fill","hd":false},{"ty":"tr","p":{"a":0,"k":[311.12,247.139],"ix":2},"a":{"a":0,"k":[0,0],"ix":1},"s":{"a":0,"k":[100,100],"ix":3},"r":{"a":0,"k":0,"ix":6},"o":{"a":0,"k":100,"ix":7},"sk":{"a":0,"k":0,"ix":4},"sa":{"a":0,"k":0,"ix":5},"nm":"Transform"}],"nm":"Group 2","np":2,"cix":2,"bm":0,"ix":2,"mn":"ADBE Vector Group","hd":false},{"ty":"tr","p":{"a":1,"k":[{"i":{"x":0,"y":1},"o":{"x":0.493,"y":0},"t":14,"s":[248.12,383.139],"to":[17,-23.833],"ti":[-10.5,22.667]},{"i":{"x":0.833,"y":0.833},"o":{"x":0.333,"y":0},"t":17,"s":[350.12,240.139],"to":[10.5,-22.667],"ti":[17,-23.833]},{"i":{"x":0.833,"y":0.833},"o":{"x":0.167,"y":0.167},"t":22,"s":[311.12,247.139],"to":[-6.034,8.459],"ti":[17,-23.833]},{"i":{"x":0.833,"y":0.833},"o":{"x":0.167,"y":0.167},"t":29,"s":[311.12,247.139],"to":[-6.034,8.459],"ti":[8.75,-19.079]},{"i":{"x":0.833,"y":0.833},"o":{"x":0.167,"y":0.167},"t":33,"s":[287.973,291.408],"to":[-8.576,18.7],"ti":[7.485,-17.633]},{"i":{"x":0.833,"y":0.833},"o":{"x":0.167,"y":0.167},"t":38,"s":[218.965,368.696],"to":[-6.395,15.065],"ti":[3.121,-6.737]},{"t":41,"s":[248.12,383.139]}],"ix":2},"a":{"a":0,"k":[311.12,247.139],"ix":1},"s":{"a":0,"k":[100,100],"ix":3},"r":{"a":1,"k":[{"i":{"x":[0.667],"y":[1]},"o":{"x":[0.333],"y":[0]},"t":14,"s":[-42.2]},{"i":{"x":[0.833],"y":[0.833]},"o":{"x":[0.333],"y":[0]},"t":17,"s":[27]},{"i":{"x":[0.833],"y":[0.833]},"o":{"x":[0.167],"y":[0.167]},"t":22,"s":[0]},{"i":{"x":[0.833],"y":[0.833]},"o":{"x":[0.167],"y":[0.167]},"t":29,"s":[0]},{"i":{"x":[0.833],"y":[0.833]},"o":{"x":[0.167],"y":[0.167]},"t":33,"s":[-14.067]},{"i":{"x":[0.833],"y":[0.833]},"o":{"x":[0.167],"y":[0.167]},"t":38,"s":[-62.65]},{"t":41,"s":[-42.2]}],"ix":6},"o":{"a":0,"k":100,"ix":7},"sk":{"a":0,"k":0,"ix":4},"sa":{"a":0,"k":0,"ix":5},"nm":"Transform"}],"nm":"Lid","np":2,"cix":2,"bm":0,"ix":1,"mn":"ADBE Vector Group","hd":false},{"ty":"gr","it":[{"ty":"gr","it":[{"ind":0,"ty":"sh","ix":1,"ks":{"a":0,"k":{"i":[[8.479,0],[0,0],[0,0],[0,0],[0,-8.479],[0,0]],"o":[[0,0],[0,0],[0,0],[8.479,0],[0,0],[0,8.479]],"v":[[26.471,61.412],[-41.824,61.412],[-41.824,-61.412],[26.471,-61.412],[41.824,-46.059],[41.824,46.059]],"c":true},"ix":2},"nm":"Path 1","mn":"ADBE Vector Shape - Group","hd":false},{"ty":"fl","c":{"a":0,"k":[0.341176480055,0.635294139385,0.949019610882,1],"ix":4},"o":{"a":0,"k":100,"ix":5},"r":1,"bm":0,"nm":"Fill 1","mn":"ADBE Vector Graphic - Fill","hd":false},{"ty":"tr","p":{"a":0,"k":[264.512,458.648],"ix":2},"a":{"a":0,"k":[0,0],"ix":1},"s":{"a":0,"k":[100,100],"ix":3},"r":{"a":0,"k":0,"ix":6},"o":{"a":0,"k":100,"ix":7},"sk":{"a":0,"k":0,"ix":4},"sa":{"a":0,"k":0,"ix":5},"nm":"Transform"}],"nm":"Group 3","np":2,"cix":2,"bm":0,"ix":1,"mn":"ADBE Vector Group","hd":false},{"ty":"gr","it":[{"ind":0,"ty":"sh","ix":1,"ks":{"a":0,"k":{"i":[[0,0],[0,0],[0,8.479],[0,0],[-8.479,0],[0,0]],"o":[[0,0],[-8.479,0],[0,0],[0,-8.479],[0,0],[0,0]],"v":[[19.588,61.412],[-4.235,61.412],[-19.588,46.059],[-19.588,-46.059],[-4.235,-61.412],[19.588,-61.412]],"c":true},"ix":2},"nm":"Path 1","mn":"ADBE Vector Shape - Group","hd":false},{"ty":"fl","c":{"a":0,"k":[0.015686275437,0.450980395079,0.917647063732,1],"ix":4},"o":{"a":0,"k":100,"ix":5},"r":1,"bm":0,"nm":"Fill 1","mn":"ADBE Vector Graphic - Fill","hd":false},{"ty":"tr","p":{"a":0,"k":[203.1,458.648],"ix":2},"a":{"a":0,"k":[0,0],"ix":1},"s":{"a":0,"k":[100,100],"ix":3},"r":{"a":0,"k":0,"ix":6},"o":{"a":0,"k":100,"ix":7},"sk":{"a":0,"k":0,"ix":4},"sa":{"a":0,"k":0,"ix":5},"nm":"Transform"}],"nm":"Group 4","np":2,"cix":2,"bm":0,"ix":2,"mn":"ADBE Vector Group","hd":false},{"ty":"tr","p":{"a":0,"k":[244.924,458.648],"ix":2},"a":{"a":0,"k":[244.924,458.648],"ix":1},"s":{"a":0,"k":[100,100],"ix":3},"r":{"a":0,"k":0,"ix":6},"o":{"a":0,"k":100,"ix":7},"sk":{"a":0,"k":0,"ix":4},"sa":{"a":0,"k":0,"ix":5},"nm":"Transform"}],"nm":"Box","np":2,"cix":2,"bm":0,"ix":2,"mn":"ADBE Vector Group","hd":false},{"ty":"gr","it":[{"ind":0,"ty":"sh","ix":1,"ks":{"a":1,"k":[{"i":{"x":0.833,"y":0.833},"o":{"x":0.167,"y":0.167},"t":14,"s":[{"i":[[0,0],[-40.367,-4.658],[31.37,-7.984],[1.29,-9.054],[-27.535,6.835]],"o":[[-3.813,3.944],[14.43,1.282],[-18.448,5.518],[-1.389,6.935],[0,0]],"v":[[-17.812,51.168],[-26.241,73.076],[-19.719,55.212],[-44.593,60.274],[-13.977,76.533]],"c":false}]},{"i":{"x":0.833,"y":0.833},"o":{"x":0.167,"y":0.167},"t":15,"s":[{"i":[[0,0],[-69.443,-43.201],[36.894,7.01],[5.66,-17.556],[-24.625,-9.797]],"o":[[-4.348,3.362],[33.557,15.799],[-18.32,-1.989],[-2.685,8.623],[0,0]],"v":[[44.279,-22.931],[-2.515,50.27],[20.148,2.058],[-36.181,36.892],[-14.035,76.398]],"c":false}]},{"i":{"x":0.833,"y":0.833},"o":{"x":0.167,"y":0.167},"t":16,"s":[{"i":[[0,0],[-49.457,-57.248],[36.527,15.164],[9.812,-29.942],[-21.716,-26.428]],"o":[[0,0],[26.331,21.855],[-18.192,-9.497],[-3.981,10.312],[0,0]],"v":[[82.369,-65.78],[18.711,12.214],[43.015,-30.096],[-27.77,13.51],[-14.094,76.263]],"c":false}]},{"i":{"x":0.833,"y":0.833},"o":{"x":0.167,"y":0.167},"t":17,"s":[{"i":[[0,0],[-19.894,-58.589],[25.729,25.844],[14.4,-34.56],[-18.806,-43.06]],"o":[[-5.418,2.197],[11.606,26.411],[-18.063,-17.004],[-5.277,12],[0,0]],"v":[[75.46,-85.628],[17.936,-15.842],[45.882,-41.25],[-19.358,-9.872],[-14.152,76.128]],"c":false}]},{"i":{"x":0.833,"y":0.833},"o":{"x":0.167,"y":0.167},"t":19,"s":[{"i":[[0,0],[-19.894,-58.589],[25.729,25.844],[14.4,-34.56],[-18.806,-43.06]],"o":[[-5.418,2.197],[11.606,26.411],[-18.063,-17.004],[-5.277,12],[0,0]],"v":[[78.96,-87.128],[20.436,-18.342],[48.382,-43.75],[-16.858,-12.372],[-14.152,76.128]],"c":false}]},{"i":{"x":0.833,"y":0.833},"o":{"x":0.167,"y":0.167},"t":22,"s":[{"i":[[0,0],[-29.759,-61.362],[31.669,24.752],[10.007,-36.078],[-14.806,-30.56]],"o":[[0,0],[16.3,27.3],[-22.078,-16.131],[-3.749,12.561],[0,0]],"v":[[58.673,-77.024],[7.778,0.062],[34.872,-31.543],[-27.144,9.028],[-14.152,76.128]],"c":false}]},{"i":{"x":0.833,"y":0.833},"o":{"x":0.167,"y":0.167},"t":26,"s":[{"i":[[0,0],[-28.15,-58.044],[29.957,23.414],[9.466,-34.127],[-14.806,-30.56]],"o":[[0,0],[15.419,25.824],[-20.884,-15.259],[-3.547,11.882],[0,0]],"v":[[61.673,-81.524],[7.687,-6.256],[33.317,-36.151],[-25.347,2.226],[-14.152,76.128]],"c":false}]},{"i":{"x":0.833,"y":0.833},"o":{"x":0.167,"y":0.167},"t":29,"s":[{"i":[[0,0],[-29.759,-61.362],[31.669,24.752],[10.007,-36.078],[-14.806,-30.56]],"o":[[0,0],[16.3,27.3],[-22.078,-16.131],[-3.749,12.561],[0,0]],"v":[[58.673,-77.024],[7.778,0.062],[34.872,-31.543],[-27.144,9.028],[-14.152,76.128]],"c":false}]},{"i":{"x":0.833,"y":0.833},"o":{"x":0.167,"y":0.167},"t":33,"s":[{"i":[[0,0],[-45.396,-45.954],[35.947,12.541],[-2.026,-35.405],[-6.806,-2.06]],"o":[[0,0],[22.941,19.513],[-24.717,-7.734],[2.173,19.092],[0,0]],"v":[[24.091,-35.858],[-7.047,41.788],[7.615,5.185],[-28.631,43.476],[-14.152,76.128]],"c":false}]},{"i":{"x":0.833,"y":0.833},"o":{"x":0.167,"y":0.167},"t":38,"s":[{"i":[[0,0],[-69.443,-43.201],[36.894,7.01],[5.66,-17.556],[-23.423,17.67]],"o":[[-4.348,3.362],[33.557,15.799],[-18.32,-1.989],[-2.685,8.623],[0,0]],"v":[[-30.721,40.069],[-20.015,84.77],[-0.852,40.558],[-42.181,71.892],[3.965,91.398]],"c":false}]},{"t":41,"s":[{"i":[[0,0],[-40.367,-4.658],[31.37,-7.984],[1.29,-9.054],[-27.535,6.835]],"o":[[-3.813,3.944],[14.43,1.282],[-18.448,5.518],[-1.389,6.935],[0,0]],"v":[[-17.812,51.168],[-26.241,73.076],[-19.719,55.212],[-44.593,60.274],[-13.977,76.533]],"c":false}]}],"ix":2},"nm":"Path 1","mn":"ADBE Vector Shape - Group","hd":false},{"ty":"st","c":{"a":0,"k":[0.427450984716,0.43137255311,0.443137258291,1],"ix":3},"o":{"a":0,"k":100,"ix":4},"w":{"a":0,"k":18,"ix":5},"lc":1,"lj":1,"ml":10,"bm":0,"nm":"Stroke 1","mn":"ADBE Vector Graphic - Stroke","hd":false},{"ty":"tr","p":{"a":0,"k":[262.958,329.932],"ix":2},"a":{"a":0,"k":[0,0],"ix":1},"s":{"a":0,"k":[100,100],"ix":3},"r":{"a":0,"k":0,"ix":6},"o":{"a":0,"k":100,"ix":7},"sk":{"a":0,"k":0,"ix":4},"sa":{"a":0,"k":0,"ix":5},"nm":"Transform"}],"nm":"Spring","np":2,"cix":2,"bm":0,"ix":3,"mn":"ADBE Vector Group","hd":false},{"ty":"gr","it":[{"ind":0,"ty":"sh","ix":1,"ks":{"a":0,"k":{"i":[[2.924,0],[0,0],[0,2.924],[0,0],[-2.924,0],[0,0],[0,-2.924],[0,0]],"o":[[0,0],[-2.924,0],[0,0],[0,-2.924],[0,0],[2.924,0],[0,0],[0,2.924]],"v":[[76.941,13.059],[-76.941,13.059],[-82.235,7.765],[-82.235,-7.765],[-76.941,-13.059],[76.941,-13.059],[82.235,-7.765],[82.235,7.765]],"c":true},"ix":2},"nm":"Path 1","mn":"ADBE Vector Shape - Group","hd":false},{"ty":"fl","c":{"a":0,"k":[0.529411792755,0.737254917622,0.964705884457,1],"ix":4},"o":{"a":0,"k":100,"ix":5},"r":1,"bm":0,"nm":"Fill 1","mn":"ADBE Vector Graphic - Fill","hd":false},{"ty":"tr","p":{"a":0,"k":[244.924,533.119],"ix":2},"a":{"a":0,"k":[0,0],"ix":1},"s":{"a":0,"k":[100,100],"ix":3},"r":{"a":0,"k":0,"ix":6},"o":{"a":0,"k":100,"ix":7},"sk":{"a":0,"k":0,"ix":4},"sa":{"a":0,"k":0,"ix":5},"nm":"Transform"}],"nm":"Shelf","np":2,"cix":2,"bm":0,"ix":4,"mn":"ADBE Vector Group","hd":false}],"ip":0,"op":56,"st":-1,"bm":0},{"ddd":0,"ind":7,"ty":4,"nm":"Ball","sr":1,"ks":{"o":{"a":0,"k":100,"ix":11},"r":{"a":0,"k":0,"ix":10},"p":{"a":0,"k":[600,600,0],"ix":2},"a":{"a":0,"k":[0,0,0],"ix":1},"s":{"a":0,"k":[100,100,100],"ix":6}},"ao":0,"shapes":[{"ty":"gr","it":[{"d":1,"ty":"el","s":{"a":0,"k":[98,98],"ix":2},"p":{"a":1,"k":[{"i":{"x":0.833,"y":0.833},"o":{"x":0.167,"y":0.167},"t":45,"s":[35,43],"to":[-3.167,-0.333],"ti":[0,0.333]},{"i":{"x":0.833,"y":0.833},"o":{"x":0.167,"y":0.167},"t":46,"s":[16,41],"to":[0,-0.333],"ti":[-1.167,-2.333]},{"i":{"x":0.833,"y":0.833},"o":{"x":0.167,"y":0.167},"t":47,"s":[35,41],"to":[1.167,2.333],"ti":[-0.5,-2.333]},{"i":{"x":0.833,"y":0.833},"o":{"x":0.167,"y":0.167},"t":48,"s":[23,55],"to":[0.5,2.333],"ti":[-1,-2]},{"i":{"x":0.833,"y":0.833},"o":{"x":0.167,"y":0.167},"t":49,"s":[38,55],"to":[1,2],"ti":[-2.333,-3]},{"i":{"x":0.833,"y":0.833},"o":{"x":0.167,"y":0.167},"t":50,"s":[29,67],"to":[2.333,3],"ti":[-2.167,-4.5]},{"i":{"x":0.833,"y":0.833},"o":{"x":0.167,"y":0.167},"t":51,"s":[52,73],"to":[2.167,4.5],"ti":[-5,-2.333]},{"i":{"x":0.833,"y":0.833},"o":{"x":0.167,"y":0.167},"t":53,"s":[42,94],"to":[2.442,1.14],"ti":[-8.822,1.831]},{"i":{"x":0.833,"y":0.833},"o":{"x":0.167,"y":0.167},"t":54,"s":[75.189,91.943],"to":[9.238,-1.918],"ti":[-1.449,0.597]},{"i":{"x":0.833,"y":0.833},"o":{"x":0.167,"y":0.167},"t":55,"s":[82,87],"to":[2.833,-1.167],"ti":[3.833,0]},{"t":56,"s":[59,87]}],"ix":3},"nm":"Ellipse Path 1","mn":"ADBE Vector Shape - Ellipse","hd":false},{"ty":"fl","c":{"a":0,"k":[0.219607843137,0.823529411765,0,1],"ix":4},"o":{"a":0,"k":100,"ix":5},"r":1,"bm":0,"nm":"Fill 1","mn":"ADBE Vector Graphic - Fill","hd":false},{"ty":"tr","p":{"a":0,"k":[-16,266],"ix":2},"a":{"a":0,"k":[71,23],"ix":1},"s":{"a":0,"k":[100,100],"ix":3},"r":{"a":0,"k":0,"ix":6},"o":{"a":1,"k":[{"i":{"x":[0.833],"y":[0.833]},"o":{"x":[0.167],"y":[0.167]},"t":44,"s":[0]},{"i":{"x":[0.833],"y":[0.833]},"o":{"x":[0.167],"y":[0.167]},"t":45,"s":[100]},{"i":{"x":[0.833],"y":[0.833]},"o":{"x":[0.167],"y":[0.167]},"t":54,"s":[100]},{"t":55,"s":[0]}],"ix":7},"sk":{"a":0,"k":0,"ix":4},"sa":{"a":0,"k":0,"ix":5},"nm":"Transform"}],"nm":"Riquoche ball ","np":3,"cix":2,"bm":0,"ix":1,"mn":"ADBE Vector Group","hd":false},{"ty":"gr","it":[{"ind":0,"ty":"sh","ix":1,"ks":{"a":0,"k":{"i":[[0,0],[-29.333,0]],"o":[[0,0],[0,0]],"v":[[-401,-258],[-313,-258]],"c":false},"ix":2},"nm":"Path 1","mn":"ADBE Vector Shape - Group","hd":false},{"ty":"st","c":{"a":0,"k":[0.219607843137,0.823529411765,0,1],"ix":3},"o":{"a":0,"k":100,"ix":4},"w":{"a":0,"k":70,"ix":5},"lc":2,"lj":2,"bm":0,"nm":"Stroke 1","mn":"ADBE Vector Graphic - Stroke","hd":false},{"ty":"tr","p":{"a":0,"k":[-282,-346],"ix":2},"a":{"a":0,"k":[-356,-259],"ix":1},"s":{"a":0,"k":[100,100],"ix":3},"r":{"a":0,"k":18,"ix":6},"o":{"a":1,"k":[{"i":{"x":[0.833],"y":[0.833]},"o":{"x":[0.167],"y":[0.167]},"t":14,"s":[0]},{"i":{"x":[0.833],"y":[0.833]},"o":{"x":[0.167],"y":[0.167]},"t":15,"s":[100]},{"t":16,"s":[0]}],"ix":7},"sk":{"a":0,"k":0,"ix":4},"sa":{"a":0,"k":0,"ix":5},"nm":"Transform"}],"nm":"Squich 3","np":3,"cix":2,"bm":0,"ix":2,"mn":"ADBE Vector Group","hd":false},{"ty":"gr","it":[{"ind":0,"ty":"sh","ix":1,"ks":{"a":0,"k":{"i":[[0,0],[-29.333,0]],"o":[[0,0],[0,0]],"v":[[-401,-258],[-313,-258]],"c":false},"ix":2},"nm":"Path 1","mn":"ADBE Vector Shape - Group","hd":false},{"ty":"st","c":{"a":0,"k":[0.219607843137,0.823529411765,0,1],"ix":3},"o":{"a":0,"k":100,"ix":4},"w":{"a":0,"k":70,"ix":5},"lc":2,"lj":2,"bm":0,"nm":"Stroke 1","mn":"ADBE Vector Graphic - Stroke","hd":false},{"ty":"tr","p":{"a":0,"k":[-354,-266],"ix":2},"a":{"a":0,"k":[-356,-259],"ix":1},"s":{"a":0,"k":[100,100],"ix":3},"r":{"a":0,"k":0,"ix":6},"o":{"a":1,"k":[{"i":{"x":[0.833],"y":[0.833]},"o":{"x":[0.167],"y":[0.167]},"t":13,"s":[0]},{"i":{"x":[0.833],"y":[0.833]},"o":{"x":[0.167],"y":[0.167]},"t":14,"s":[100]},{"t":15,"s":[0]}],"ix":7},"sk":{"a":0,"k":0,"ix":4},"sa":{"a":0,"k":0,"ix":5},"nm":"Transform"}],"nm":"Squich 2","np":3,"cix":2,"bm":0,"ix":3,"mn":"ADBE Vector Group","hd":false},{"ty":"gr","it":[{"ind":0,"ty":"sh","ix":1,"ks":{"a":0,"k":{"i":[[0,0],[-29.333,0]],"o":[[0,0],[0,0]],"v":[[-401,-258],[-313,-258]],"c":false},"ix":2},"nm":"Path 1","mn":"ADBE Vector Shape - Group","hd":false},{"ty":"st","c":{"a":0,"k":[0.219607843137,0.823529411765,0,1],"ix":3},"o":{"a":0,"k":100,"ix":4},"w":{"a":0,"k":70,"ix":5},"lc":2,"lj":2,"bm":0,"nm":"Stroke 1","mn":"ADBE Vector Graphic - Stroke","hd":false},{"ty":"tr","p":{"a":0,"k":[334,-151],"ix":2},"a":{"a":0,"k":[-356,-259],"ix":1},"s":{"a":0,"k":[100,100],"ix":3},"r":{"a":0,"k":-7,"ix":6},"o":{"a":1,"k":[{"i":{"x":[0.833],"y":[0.833]},"o":{"x":[0.167],"y":[0.167]},"t":29,"s":[0]},{"i":{"x":[0.833],"y":[0.833]},"o":{"x":[0.167],"y":[0.167]},"t":30,"s":[100]},{"t":31,"s":[0]}],"ix":7},"sk":{"a":0,"k":0,"ix":4},"sa":{"a":0,"k":0,"ix":5},"nm":"Transform"}],"nm":"Squich 4","np":3,"cix":2,"bm":0,"ix":4,"mn":"ADBE Vector Group","hd":false},{"ty":"gr","it":[{"ind":0,"ty":"sh","ix":1,"ks":{"a":0,"k":{"i":[[0,0],[-29.333,0]],"o":[[0,0],[0,0]],"v":[[-401,-258],[-313,-258]],"c":false},"ix":2},"nm":"Path 1","mn":"ADBE Vector Shape - Group","hd":false},{"ty":"st","c":{"a":0,"k":[0.219607843137,0.823529411765,0,1],"ix":3},"o":{"a":0,"k":100,"ix":4},"w":{"a":0,"k":70,"ix":5},"lc":2,"lj":2,"bm":0,"nm":"Stroke 1","mn":"ADBE Vector Graphic - Stroke","hd":false},{"ty":"tr","p":{"a":0,"k":[382,-72],"ix":2},"a":{"a":0,"k":[-356,-259],"ix":1},"s":{"a":0,"k":[100,100],"ix":3},"r":{"a":0,"k":0,"ix":6},"o":{"a":1,"k":[{"i":{"x":[0.833],"y":[0.833]},"o":{"x":[0.167],"y":[0.167]},"t":28,"s":[0]},{"i":{"x":[0.833],"y":[0.833]},"o":{"x":[0.167],"y":[0.167]},"t":29,"s":[100]},{"t":30,"s":[0]}],"ix":7},"sk":{"a":0,"k":0,"ix":4},"sa":{"a":0,"k":0,"ix":5},"nm":"Transform"}],"nm":"Squich","np":3,"cix":2,"bm":0,"ix":5,"mn":"ADBE Vector Group","hd":false},{"ty":"gr","it":[{"ind":0,"ty":"sh","ix":1,"ks":{"a":0,"k":{"i":[[136,-46],[0,0],[-190,-142],[0,-18],[32,-268],[4,-141]],"o":[[-136,46],[0,0],[190,142],[-26,-145.999],[-12,118],[0,136]],"v":[[-206,-468],[-350,-276],[192,-494],[378,-102],[20,-242],[-16,323]],"c":false},"ix":2},"nm":"Path 1","mn":"ADBE Vector Shape - Group","hd":false},{"ty":"tm","s":{"a":1,"k":[{"i":{"x":[0.833],"y":[0.833]},"o":{"x":[0.167],"y":[0.167]},"t":10,"s":[0.5]},{"i":{"x":[0.833],"y":[0.833]},"o":{"x":[0.167],"y":[0.167]},"t":11,"s":[0.5]},{"i":{"x":[0.833],"y":[0.833]},"o":{"x":[0.167],"y":[0.167]},"t":13,"s":[2.2]},{"i":{"x":[0.833],"y":[0.833]},"o":{"x":[0.167],"y":[0.167]},"t":14,"s":[9]},{"i":{"x":[0.833],"y":[0.833]},"o":{"x":[0.167],"y":[0.167]},"t":15,"s":[9]},{"i":{"x":[0.833],"y":[0.833]},"o":{"x":[0.167],"y":[0.167]},"t":16,"s":[17]},{"i":{"x":[0.833],"y":[0.833]},"o":{"x":[0.167],"y":[0.167]},"t":17,"s":[14]},{"i":{"x":[0.833],"y":[0.833]},"o":{"x":[0.167],"y":[0.167]},"t":18,"s":[10]},{"i":{"x":[0.833],"y":[0.833]},"o":{"x":[0.167],"y":[0.167]},"t":23,"s":[17]},{"i":{"x":[0.833],"y":[0.833]},"o":{"x":[0.167],"y":[0.167]},"t":27,"s":[16.3]},{"i":{"x":[0.833],"y":[0.833]},"o":{"x":[0.167],"y":[0.167]},"t":29,"s":[17]},{"i":{"x":[0.833],"y":[0.833]},"o":{"x":[0.167],"y":[0.167]},"t":30,"s":[17]},{"i":{"x":[0.833],"y":[0.833]},"o":{"x":[0.167],"y":[0.167]},"t":31,"s":[17]},{"i":{"x":[0.833],"y":[0.833]},"o":{"x":[0.167],"y":[0.167]},"t":32,"s":[14.6]},{"i":{"x":[0.833],"y":[0.833]},"o":{"x":[0.167],"y":[0.167]},"t":37,"s":[17]},{"i":{"x":[0.833],"y":[0.833]},"o":{"x":[0.167],"y":[0.167]},"t":41,"s":[17]},{"i":{"x":[0.833],"y":[0.833]},"o":{"x":[0.167],"y":[0.167]},"t":42,"s":[15.6]},{"i":{"x":[0.833],"y":[0.833]},"o":{"x":[0.167],"y":[0.167]},"t":43,"s":[14.1]},{"i":{"x":[0.833],"y":[0.833]},"o":{"x":[0.167],"y":[0.167]},"t":44,"s":[6.9]},{"t":45,"s":[16.9]}],"ix":1},"e":{"a":1,"k":[{"i":{"x":[0.833],"y":[0.833]},"o":{"x":[0.167],"y":[0.167]},"t":10,"s":[1]},{"i":{"x":[0.833],"y":[0.833]},"o":{"x":[0.167],"y":[0.167]},"t":11,"s":[1]},{"i":{"x":[0.833],"y":[0.833]},"o":{"x":[0.167],"y":[0.167]},"t":13,"s":[8]},{"i":{"x":[0.833],"y":[0.833]},"o":{"x":[0.167],"y":[0.167]},"t":14,"s":[9]},{"i":{"x":[0.833],"y":[0.833]},"o":{"x":[0.167],"y":[0.167]},"t":15,"s":[9]},{"i":{"x":[0.833],"y":[0.833]},"o":{"x":[0.167],"y":[0.167]},"t":16,"s":[17.1]},{"i":{"x":[0.833],"y":[0.833]},"o":{"x":[0.167],"y":[0.167]},"t":27,"s":[17.1]},{"i":{"x":[0.833],"y":[0.833]},"o":{"x":[0.167],"y":[0.167]},"t":28,"s":[23.3]},{"i":{"x":[0.833],"y":[0.833]},"o":{"x":[0.167],"y":[0.167]},"t":29,"s":[17]},{"i":{"x":[0.833],"y":[0.833]},"o":{"x":[0.167],"y":[0.167]},"t":30,"s":[17]},{"i":{"x":[0.833],"y":[0.833]},"o":{"x":[0.167],"y":[0.167]},"t":31,"s":[17.1]},{"i":{"x":[0.833],"y":[0.833]},"o":{"x":[0.167],"y":[0.167]},"t":41,"s":[17.1]},{"i":{"x":[0.833],"y":[0.833]},"o":{"x":[0.167],"y":[0.167]},"t":42,"s":[17.1]},{"t":44,"s":[17.1]}],"ix":2},"o":{"a":1,"k":[{"i":{"x":[0.667],"y":[1]},"o":{"x":[0.333],"y":[0]},"t":10,"s":[0]},{"i":{"x":[0.667],"y":[1]},"o":{"x":[0.333],"y":[0]},"t":11,"s":[7]},{"i":{"x":[0.832],"y":[0.854]},"o":{"x":[0.333],"y":[0]},"t":16,"s":[7]},{"i":{"x":[0.382],"y":[0.87]},"o":{"x":[0.186],"y":[0.425]},"t":17,"s":[22]},{"i":{"x":[0.769],"y":[0.828]},"o":{"x":[0.492],"y":[0.06]},"t":23,"s":[63]},{"i":{"x":[0.614],"y":[1.038]},"o":{"x":[0.257],"y":[0.549]},"t":31,"s":[158]},{"i":{"x":[0.95],"y":[0.876]},"o":{"x":[0.533],"y":[-0.007]},"t":39,"s":[202]},{"t":44,"s":[290]}],"ix":3},"m":1,"ix":2,"nm":"Trim Paths 1","mn":"ADBE Vector Filter - Trim","hd":false},{"ty":"st","c":{"a":0,"k":[0.219607843137,0.823529411765,0,1],"ix":3},"o":{"a":0,"k":100,"ix":4},"w":{"a":0,"k":90,"ix":5},"lc":2,"lj":2,"bm":0,"nm":"Stroke 1","mn":"ADBE Vector Graphic - Stroke","hd":false},{"ty":"tr","p":{"a":0,"k":[0,0],"ix":2},"a":{"a":0,"k":[0,0],"ix":1},"s":{"a":0,"k":[100,100],"ix":3},"r":{"a":0,"k":0,"ix":6},"o":{"a":1,"k":[{"i":{"x":[0.833],"y":[0.833]},"o":{"x":[0.167],"y":[0.167]},"t":44,"s":[100]},{"i":{"x":[0.833],"y":[0.833]},"o":{"x":[0.167],"y":[0.167]},"t":45,"s":[0]},{"t":46,"s":[0]}],"ix":7},"sk":{"a":0,"k":0,"ix":4},"sa":{"a":0,"k":0,"ix":5},"nm":"Transform"}],"nm":"Main Ball ","np":4,"cix":2,"bm":0,"ix":6,"mn":"ADBE Vector Group","hd":false}],"ip":10,"op":56,"st":10,"bm":0}],"markers":[]}