{"v":"5.7.11","fr":60,"ip":0,"op":60,"w":40,"h":40,"nm":"合成 1","ddd":0,"assets":[],"layers":[{"ddd":0,"ind":1,"ty":4,"nm":"形状图层 1","sr":1,"ks":{"o":{"a":0,"k":100,"ix":11},"r":{"a":1,"k":[{"i":{"x":[0.833],"y":[0.833]},"o":{"x":[0.167],"y":[0.167]},"t":0,"s":[0]},{"t":59,"s":[360]}],"ix":10},"p":{"a":0,"k":[20,20,0],"ix":2,"l":2},"a":{"a":0,"k":[-0.512,-0.262,0],"ix":1,"l":2},"s":{"a":0,"k":[87.299,87.299,100],"ix":6,"l":2}},"ao":0,"shapes":[{"ty":"gr","it":[{"ind":0,"ty":"sh","ix":1,"ks":{"a":0,"k":{"i":[[8.623,0],[0,-8.623],[-8.623,0],[0,8.623]],"o":[[-8.623,0],[0,8.623],[8.623,0],[0,-8.623]],"v":[[0,-15.613],[-15.613,0],[0,15.613],[15.613,0]],"c":true},"ix":2},"nm":"路径 1","mn":"ADBE Vector Shape - Group","hd":false},{"ty":"gs","o":{"a":0,"k":100,"ix":9},"w":{"a":0,"k":6,"ix":10},"g":{"p":2,"k":{"a":0,"k":[0,0.152,0.564,0.780,1,0.152,0.564,0.780,0,0,1,1],"ix":8}},"s":{"a":0,"k":[0,34],"ix":4},"e":{"a":0,"k":[100,0],"ix":5},"t":1,"lc":1,"lj":1,"ml":4,"ml2":{"a":0,"k":4,"ix":13},"bm":0,"nm":"渐变描边 1","mn":"ADBE Vector Graphic - G-Stroke","hd":false},{"ty":"tr","p":{"a":0,"k":[-0.512,-0.262],"ix":2},"a":{"a":0,"k":[0,0],"ix":1},"s":{"a":0,"k":[98.292,98.292],"ix":3},"r":{"a":0,"k":0,"ix":6},"o":{"a":0,"k":100,"ix":7},"sk":{"a":0,"k":0,"ix":4},"sa":{"a":0,"k":0,"ix":5},"nm":"变换"}],"nm":"椭圆 1","np":3,"cix":2,"bm":0,"ix":1,"mn":"ADBE Vector Group","hd":false}],"ip":0,"op":60,"st":0,"bm":0}],"markers":[]}