{"v":"5.5.7","meta":{"g":"LottieFiles AE 0.1.21","a":"","k":"","d":"","tc":""},"fr":25,"ip":0,"op":135,"w":1200,"h":1200,"nm":"Profile Update_01","ddd":0,"assets":[],"layers":[{"ddd":0,"ind":1,"ty":4,"nm":"Bttm CLouds","sr":1,"ks":{"o":{"a":0,"k":100,"ix":11},"r":{"a":0,"k":0,"ix":10},"p":{"a":0,"k":[600,600,0],"ix":2},"a":{"a":0,"k":[600,600,0],"ix":1},"s":{"a":0,"k":[100,100,100],"ix":6}},"ao":0,"shapes":[{"ty":"gr","it":[{"ind":0,"ty":"sh","ix":1,"ks":{"a":0,"k":{"i":[[15.076,0],[0,0],[-55.789,-6.025],[-128.443,-8.843],[-42.203,-33.255],[-59.511,-24.542]],"o":[[0,0],[0,0],[160.601,37.95],[78.2,10.945],[74.765,37.104],[39.911,21.631]],"v":[[-31.784,519.322],[-725.964,514.925],[-673.952,457.853],[-421.949,349.635],[-273.279,430.115],[-89.292,441.191]],"c":true},"ix":2},"nm":"Path 1","mn":"ADBE Vector Shape - Group","hd":false},{"ty":"fl","c":{"a":0,"k":[0.529411764706,0.737254901961,0.964705882353,1],"ix":4},"o":{"a":0,"k":100,"ix":5},"r":1,"bm":0,"nm":"Fill 1","mn":"ADBE Vector Graphic - Fill","hd":false},{"ty":"tr","p":{"a":0,"k":[796.689,698.561],"ix":2},"a":{"a":0,"k":[0,0],"ix":1},"s":{"a":0,"k":[-43.757,40.329],"ix":3},"r":{"a":0,"k":0,"ix":6},"o":{"a":0,"k":100,"ix":7},"sk":{"a":0,"k":0,"ix":4},"sa":{"a":0,"k":0,"ix":5},"nm":"Transform"}],"nm":"Cloud 4","np":3,"cix":2,"bm":0,"ix":1,"mn":"ADBE Vector Group","hd":false},{"ty":"gr","it":[{"ind":0,"ty":"sh","ix":1,"ks":{"a":0,"k":{"i":[[-26.577,0],[0,0],[98.346,-10.878],[226.422,-15.967],[74.396,-60.045],[104.907,-44.312]],"o":[[0,0],[0,0],[-283.11,68.521],[-137.852,19.763],[-131.796,66.993],[-70.356,39.057]],"v":[[-867.71,544.118],[356.003,536.179],[264.316,433.132],[-179.922,237.739],[-441.999,383.05],[-766.335,403.047]],"c":true},"ix":2},"nm":"Path 1","mn":"ADBE Vector Shape - Group","hd":false},{"ty":"fl","c":{"a":0,"k":[0.529411764706,0.737254901961,0.964705882353,1],"ix":4},"o":{"a":0,"k":100,"ix":5},"r":1,"bm":0,"nm":"Fill 1","mn":"ADBE Vector Graphic - Fill","hd":false},{"ty":"tr","p":{"a":0,"k":[266.689,774.561],"ix":2},"a":{"a":0,"k":[0,0],"ix":1},"s":{"a":0,"k":[-43.757,40.329],"ix":3},"r":{"a":0,"k":0,"ix":6},"o":{"a":0,"k":100,"ix":7},"sk":{"a":0,"k":0,"ix":4},"sa":{"a":0,"k":0,"ix":5},"nm":"Transform"}],"nm":"Cloud 3","np":3,"cix":2,"bm":0,"ix":2,"mn":"ADBE Vector Group","hd":false}],"ip":141,"op":141,"st":0,"bm":0,"hidden":0},{"ddd":0,"ind":2,"ty":4,"nm":"Sparkle","sr":1,"ks":{"o":{"a":0,"k":100,"ix":11},"r":{"a":0,"k":0,"ix":10},"p":{"a":0,"k":[288,324,0],"ix":2},"a":{"a":0,"k":[0,0,0],"ix":1},"s":{"a":0,"k":[52,52,100],"ix":6}},"ao":0,"shapes":[{"ty":"gr","it":[{"ty":"rc","d":1,"s":{"a":0,"k":[1200,1200],"ix":2},"p":{"a":0,"k":[0,0],"ix":3},"r":{"a":0,"k":0,"ix":4},"nm":"Rectangle Path 1","mn":"ADBE Vector Shape - Rect","hd":false},{"ty":"fl","c":{"a":0,"k":[1,1,1,1],"ix":4},"o":{"a":0,"k":100,"ix":5},"r":1,"bm":0,"nm":"Fill 1","mn":"ADBE Vector Graphic - Fill","hd":false},{"ty":"tr","p":{"a":1,"k":[{"i":{"x":0,"y":1},"o":{"x":0.151,"y":0},"t":99,"s":[0,0],"to":[-71.333,28.5],"ti":[71.333,-28.5]},{"t":119,"s":[-428,171]}],"ix":2},"a":{"a":0,"k":[0,0],"ix":1},"s":{"a":1,"k":[{"i":{"x":[0.833,0.833],"y":[0.833,0.833]},"o":{"x":[0.167,0.167],"y":[0.167,0.167]},"t":99,"s":[3,3]},{"i":{"x":[0.833,0.833],"y":[0.833,0.833]},"o":{"x":[0.167,0.167],"y":[0.167,0.167]},"t":119,"s":[3,3]},{"t":124,"s":[1,1]}],"ix":3},"r":{"a":1,"k":[{"i":{"x":[0.027],"y":[0.842]},"o":{"x":[0.188],"y":[0]},"t":99,"s":[0]},{"i":{"x":[0.637],"y":[1]},"o":{"x":[0.305],"y":[0.047]},"t":119,"s":[-134.442]},{"t":124,"s":[-170]}],"ix":6},"o":{"a":1,"k":[{"i":{"x":[0.562],"y":[0.879]},"o":{"x":[0.195],"y":[0]},"t":99,"s":[0]},{"i":{"x":[0.843],"y":[1]},"o":{"x":[0.352],"y":[29.289]},"t":104,"s":[100]},{"i":{"x":[0],"y":[1]},"o":{"x":[0.267],"y":[0]},"t":119,"s":[100]},{"t":124,"s":[0]}],"ix":7},"sk":{"a":0,"k":0,"ix":4},"sa":{"a":0,"k":0,"ix":5},"nm":"Transform"}],"nm":"Rectangle 2","np":4,"cix":2,"bm":0,"ix":1,"mn":"ADBE Vector Group","hd":false},{"ty":"gr","it":[{"ty":"rc","d":1,"s":{"a":0,"k":[1200,1200],"ix":2},"p":{"a":0,"k":[0,0],"ix":3},"r":{"a":0,"k":0,"ix":4},"nm":"Rectangle Path 1","mn":"ADBE Vector Shape - Rect","hd":false},{"ty":"fl","c":{"a":0,"k":[1,1,1,1],"ix":4},"o":{"a":0,"k":100,"ix":5},"r":1,"bm":0,"nm":"Fill 1","mn":"ADBE Vector Graphic - Fill","hd":false},{"ty":"tr","p":{"a":1,"k":[{"i":{"x":0,"y":1},"o":{"x":0.151,"y":0},"t":97,"s":[0,0],"to":[40.167,-28.167],"ti":[-40.167,28.167]},{"t":117,"s":[241,-169]}],"ix":2},"a":{"a":0,"k":[0,0],"ix":1},"s":{"a":1,"k":[{"i":{"x":[0.833,0.833],"y":[0.833,0.833]},"o":{"x":[0.167,0.167],"y":[0.167,0.167]},"t":97,"s":[3,3]},{"i":{"x":[0.833,0.833],"y":[0.833,0.833]},"o":{"x":[0.167,0.167],"y":[0.167,0.167]},"t":117,"s":[3,3]},{"t":122,"s":[1,1]}],"ix":3},"r":{"a":1,"k":[{"i":{"x":[0.027],"y":[0.86]},"o":{"x":[0.188],"y":[0]},"t":97,"s":[0]},{"i":{"x":[0.637],"y":[1]},"o":{"x":[0.305],"y":[0.091]},"t":117,"s":[134.728]},{"t":122,"s":[151]}],"ix":6},"o":{"a":1,"k":[{"i":{"x":[0.572],"y":[0.858]},"o":{"x":[0.216],"y":[0]},"t":97,"s":[0]},{"i":{"x":[0.7],"y":[1]},"o":{"x":[0.298],"y":[29.612]},"t":102,"s":[100]},{"i":{"x":[0],"y":[1]},"o":{"x":[0.267],"y":[0]},"t":117,"s":[100]},{"t":122,"s":[0]}],"ix":7},"sk":{"a":0,"k":0,"ix":4},"sa":{"a":0,"k":0,"ix":5},"nm":"Transform"}],"nm":"Rectangle 1","np":4,"cix":2,"bm":0,"ix":2,"mn":"ADBE Vector Group","hd":false},{"ty":"gr","it":[{"d":1,"ty":"el","s":{"a":0,"k":[1200,1200],"ix":2},"p":{"a":0,"k":[0,0],"ix":3},"nm":"Ellipse Path 1","mn":"ADBE Vector Shape - Ellipse","hd":false},{"ty":"rc","d":1,"s":{"a":0,"k":[1200,1200],"ix":2},"p":{"a":0,"k":[0,0],"ix":3},"r":{"a":0,"k":0,"ix":4},"nm":"Rectangle Path 1","mn":"ADBE Vector Shape - Rect","hd":false},{"ty":"fl","c":{"a":0,"k":[1,1,1,1],"ix":4},"o":{"a":0,"k":100,"ix":5},"r":1,"bm":0,"nm":"Fill 1","mn":"ADBE Vector Graphic - Fill","hd":false},{"ty":"tr","p":{"a":1,"k":[{"i":{"x":0,"y":1},"o":{"x":0.151,"y":0},"t":101,"s":[0,0],"to":[15,37.5],"ti":[-15,-37.5]},{"t":121,"s":[90,225]}],"ix":2},"a":{"a":0,"k":[0,0],"ix":1},"s":{"a":0,"k":[3.5,3.5],"ix":3},"r":{"a":1,"k":[{"i":{"x":[0.667],"y":[1]},"o":{"x":[0.333],"y":[0]},"t":101,"s":[-20]},{"t":117,"s":[45]}],"ix":6},"o":{"a":1,"k":[{"i":{"x":[0.563],"y":[0.875]},"o":{"x":[0.187],"y":[0]},"t":101,"s":[0]},{"i":{"x":[0.842],"y":[1]},"o":{"x":[0.37],"y":[31.744]},"t":106,"s":[100]},{"i":{"x":[0],"y":[1]},"o":{"x":[0.267],"y":[0]},"t":121,"s":[100]},{"t":126,"s":[0]}],"ix":7},"sk":{"a":0,"k":0,"ix":4},"sa":{"a":0,"k":0,"ix":5},"nm":"Transform"}],"nm":"Ellipse 3","np":4,"cix":2,"bm":0,"ix":3,"mn":"ADBE Vector Group","hd":false},{"ty":"gr","it":[{"d":1,"ty":"el","s":{"a":0,"k":[1200,1200],"ix":2},"p":{"a":0,"k":[0,0],"ix":3},"nm":"Ellipse Path 1","mn":"ADBE Vector Shape - Ellipse","hd":false},{"ty":"rc","d":1,"s":{"a":0,"k":[1200,1200],"ix":2},"p":{"a":0,"k":[0,0],"ix":3},"r":{"a":0,"k":0,"ix":4},"nm":"Rectangle Path 1","mn":"ADBE Vector Shape - Rect","hd":false},{"ty":"fl","c":{"a":0,"k":[1,1,1,1],"ix":4},"o":{"a":0,"k":100,"ix":5},"r":1,"bm":0,"nm":"Fill 1","mn":"ADBE Vector Graphic - Fill","hd":false},{"ty":"tr","p":{"a":1,"k":[{"i":{"x":0,"y":1},"o":{"x":0.151,"y":0},"t":97,"s":[0,0],"to":[50.333,41.5],"ti":[-50.333,-41.5]},{"t":117,"s":[302,249]}],"ix":2},"a":{"a":0,"k":[0,0],"ix":1},"s":{"a":0,"k":[3.5,3.5],"ix":3},"r":{"a":1,"k":[{"i":{"x":[0.833],"y":[0.833]},"o":{"x":[0.167],"y":[0.167]},"t":97,"s":[-10]},{"t":109,"s":[45]}],"ix":6},"o":{"a":1,"k":[{"i":{"x":[0.569],"y":[0.817]},"o":{"x":[0.205],"y":[0]},"t":101,"s":[0]},{"i":{"x":[0.702],"y":[1]},"o":{"x":[0.312],"y":[29.118]},"t":106,"s":[100]},{"i":{"x":[0],"y":[1]},"o":{"x":[0.267],"y":[0]},"t":117,"s":[100]},{"t":122,"s":[0]}],"ix":7},"sk":{"a":0,"k":0,"ix":4},"sa":{"a":0,"k":0,"ix":5},"nm":"Transform"}],"nm":"Ellipse 2","np":4,"cix":2,"bm":0,"ix":4,"mn":"ADBE Vector Group","hd":false},{"ty":"gr","it":[{"d":1,"ty":"el","s":{"a":0,"k":[1200,1200],"ix":2},"p":{"a":0,"k":[0,0],"ix":3},"nm":"Ellipse Path 1","mn":"ADBE Vector Shape - Ellipse","hd":false},{"ty":"rc","d":1,"s":{"a":0,"k":[1200,1200],"ix":2},"p":{"a":0,"k":[0,0],"ix":3},"r":{"a":0,"k":0,"ix":4},"nm":"Rectangle Path 1","mn":"ADBE Vector Shape - Rect","hd":false},{"ty":"fl","c":{"a":0,"k":[0.98431372549,0.98431372549,0.98431372549,1],"ix":4},"o":{"a":0,"k":100,"ix":5},"r":1,"bm":0,"nm":"Fill 1","mn":"ADBE Vector Graphic - Fill","hd":false},{"ty":"tr","p":{"a":1,"k":[{"i":{"x":0,"y":1},"o":{"x":0.151,"y":0},"t":98,"s":[0,0],"to":[-43,-58.5],"ti":[43,58.5]},{"t":118,"s":[-258,-351]}],"ix":2},"a":{"a":0,"k":[0,0],"ix":1},"s":{"a":0,"k":[5.14,5.14],"ix":3},"r":{"a":1,"k":[{"i":{"x":[0.454],"y":[1]},"o":{"x":[0.32],"y":[0]},"t":97,"s":[-30]},{"t":118,"s":[45]}],"ix":6},"o":{"a":1,"k":[{"i":{"x":[0.562],"y":[1]},"o":{"x":[0.198],"y":[0]},"t":97,"s":[0]},{"i":{"x":[0.843],"y":[1]},"o":{"x":[0.348],"y":[0]},"t":102,"s":[100]},{"i":{"x":[0],"y":[1]},"o":{"x":[0.267],"y":[0]},"t":118,"s":[100]},{"t":123,"s":[0]}],"ix":7},"sk":{"a":0,"k":0,"ix":4},"sa":{"a":0,"k":0,"ix":5},"nm":"Transform"}],"nm":"Ellipse 1","np":4,"cix":2,"bm":0,"ix":5,"mn":"ADBE Vector Group","hd":false},{"ty":"gr","it":[{"ty":"rc","d":1,"s":{"a":0,"k":[8.25,75.25],"ix":2},"p":{"a":0,"k":[0,0],"ix":3},"r":{"a":0,"k":0,"ix":4},"nm":"Rectangle Path 1","mn":"ADBE Vector Shape - Rect","hd":false},{"ty":"fl","c":{"a":0,"k":[1,1,1,1],"ix":4},"o":{"a":0,"k":100,"ix":5},"r":1,"bm":0,"nm":"Fill 1","mn":"ADBE Vector Graphic - Fill","hd":false},{"ty":"tr","p":{"a":0,"k":[237.875,40.125],"ix":2},"a":{"a":0,"k":[0,0],"ix":1},"s":{"a":1,"k":[{"i":{"x":[0.276,0.276],"y":[1,1]},"o":{"x":[0.157,0.157],"y":[0,0]},"t":99,"s":[0,0]},{"i":{"x":[0.81,0.81],"y":[1,1]},"o":{"x":[0.485,0.485],"y":[0,0]},"t":119,"s":[220.039,24]},{"t":124,"s":[0,0]}],"ix":3},"r":{"a":1,"k":[{"i":{"x":[0.04],"y":[0.794]},"o":{"x":[0.225],"y":[0]},"t":99,"s":[9]},{"i":{"x":[0.629],"y":[1]},"o":{"x":[0.384],"y":[1.549]},"t":118,"s":[177.173]},{"t":124,"s":[180]}],"ix":6},"o":{"a":0,"k":100,"ix":7},"sk":{"a":0,"k":0,"ix":4},"sa":{"a":0,"k":0,"ix":5},"nm":"Transform"}],"nm":"Sparkle 4","np":3,"cix":2,"bm":0,"ix":6,"mn":"ADBE Vector Group","hd":false},{"ty":"gr","it":[{"ty":"rc","d":1,"s":{"a":0,"k":[8.25,75.25],"ix":2},"p":{"a":0,"k":[0,0],"ix":3},"r":{"a":0,"k":0,"ix":4},"nm":"Rectangle Path 1","mn":"ADBE Vector Shape - Rect","hd":false},{"ty":"fl","c":{"a":0,"k":[1,1,1,1],"ix":4},"o":{"a":0,"k":100,"ix":5},"r":1,"bm":0,"nm":"Fill 1","mn":"ADBE Vector Graphic - Fill","hd":false},{"ty":"tr","p":{"a":0,"k":[378.875,132.125],"ix":2},"a":{"a":0,"k":[0,0],"ix":1},"s":{"a":1,"k":[{"i":{"x":[0.276,0.276],"y":[1,1]},"o":{"x":[0.157,0.157],"y":[0,0]},"t":100,"s":[0,0]},{"i":{"x":[0.81,0.81],"y":[1,1]},"o":{"x":[0.485,0.485],"y":[0,0]},"t":120,"s":[220.039,24]},{"t":125,"s":[0,0]}],"ix":3},"r":{"a":1,"k":[{"i":{"x":[0.04],"y":[0.794]},"o":{"x":[0.225],"y":[0]},"t":100,"s":[9]},{"i":{"x":[0.629],"y":[1]},"o":{"x":[0.384],"y":[1.549]},"t":119,"s":[177.173]},{"t":125,"s":[180]}],"ix":6},"o":{"a":0,"k":100,"ix":7},"sk":{"a":0,"k":0,"ix":4},"sa":{"a":0,"k":0,"ix":5},"nm":"Transform"}],"nm":"Sparkle 3","np":3,"cix":2,"bm":0,"ix":7,"mn":"ADBE Vector Group","hd":false},{"ty":"gr","it":[{"ty":"rc","d":1,"s":{"a":0,"k":[8.25,75.25],"ix":2},"p":{"a":0,"k":[0,0],"ix":3},"r":{"a":0,"k":0,"ix":4},"nm":"Rectangle Path 1","mn":"ADBE Vector Shape - Rect","hd":false},{"ty":"fl","c":{"a":0,"k":[1,1,1,1],"ix":4},"o":{"a":0,"k":100,"ix":5},"r":1,"bm":0,"nm":"Fill 1","mn":"ADBE Vector Graphic - Fill","hd":false},{"ty":"tr","p":{"a":0,"k":[-323.125,-45.875],"ix":2},"a":{"a":0,"k":[0,0],"ix":1},"s":{"a":1,"k":[{"i":{"x":[0.276,0.276],"y":[1,1]},"o":{"x":[0.157,0.157],"y":[0,0]},"t":101,"s":[0,0]},{"i":{"x":[0.81,0.81],"y":[1,1]},"o":{"x":[0.485,0.485],"y":[0,0]},"t":121,"s":[220.039,24]},{"t":126,"s":[0,0]}],"ix":3},"r":{"a":1,"k":[{"i":{"x":[0.04],"y":[0.794]},"o":{"x":[0.225],"y":[0]},"t":101,"s":[9]},{"i":{"x":[0.629],"y":[1]},"o":{"x":[0.384],"y":[1.549]},"t":120,"s":[177.173]},{"t":126,"s":[180]}],"ix":6},"o":{"a":0,"k":100,"ix":7},"sk":{"a":0,"k":0,"ix":4},"sa":{"a":0,"k":0,"ix":5},"nm":"Transform"}],"nm":"Sparkle 2","np":3,"cix":2,"bm":0,"ix":8,"mn":"ADBE Vector Group","hd":false},{"ty":"gr","it":[{"ty":"rc","d":1,"s":{"a":0,"k":[8.25,75.25],"ix":2},"p":{"a":0,"k":[0,0],"ix":3},"r":{"a":0,"k":0,"ix":4},"nm":"Rectangle Path 1","mn":"ADBE Vector Shape - Rect","hd":false},{"ty":"fl","c":{"a":0,"k":[1,1,1,1],"ix":4},"o":{"a":0,"k":100,"ix":5},"r":1,"bm":0,"nm":"Fill 1","mn":"ADBE Vector Graphic - Fill","hd":false},{"ty":"tr","p":{"a":0,"k":[255.875,-360.875],"ix":2},"a":{"a":0,"k":[0,0],"ix":1},"s":{"a":1,"k":[{"i":{"x":[0.276,0.276],"y":[1,1]},"o":{"x":[0.157,0.157],"y":[0,0]},"t":98,"s":[0,0]},{"i":{"x":[0.81,0.81],"y":[1,1]},"o":{"x":[0.485,0.485],"y":[0,0]},"t":118,"s":[220.039,24]},{"t":123,"s":[0,0]}],"ix":3},"r":{"a":1,"k":[{"i":{"x":[0.04],"y":[0.794]},"o":{"x":[0.225],"y":[0]},"t":98,"s":[9]},{"i":{"x":[0.629],"y":[1]},"o":{"x":[0.384],"y":[1.549]},"t":117,"s":[177.173]},{"t":123,"s":[180]}],"ix":6},"o":{"a":0,"k":100,"ix":7},"sk":{"a":0,"k":0,"ix":4},"sa":{"a":0,"k":0,"ix":5},"nm":"Transform"}],"nm":"Sparkle 1","np":3,"cix":2,"bm":0,"ix":9,"mn":"ADBE Vector Group","hd":false}],"ip":127,"op":127,"st":97,"bm":0,"hidden":97},{"ddd":0,"ind":3,"ty":4,"nm":"Box","sr":1,"ks":{"o":{"a":1,"k":[{"i":{"x":[0.667],"y":[1]},"o":{"x":[0.333],"y":[0]},"t":123,"s":[100]},{"t":133,"s":[0]}],"ix":11},"r":{"a":0,"k":0,"ix":10},"p":{"a":0,"k":[285,292,0],"ix":2},"a":{"a":0,"k":[0,0,0],"ix":1},"s":{"a":0,"k":[33,33,100],"ix":6}},"ao":0,"shapes":[{"ty":"gr","it":[{"ind":0,"ty":"sh","ix":1,"ks":{"a":0,"k":{"i":[[275,0],[0,-42],[-50,0]],"o":[[-286,0],[10,0],[0,-45.25]],"v":[[5,6],[-258,376],[260,376.25]],"c":true},"ix":2},"nm":"Path 1","mn":"ADBE Vector Shape - Group","hd":false},{"ty":"fl","c":{"a":0,"k":[0.043137254902,0.337254901961,0.658823529412,1],"ix":4},"o":{"a":0,"k":100,"ix":5},"r":1,"bm":0,"nm":"Fill 1","mn":"ADBE Vector Graphic - Fill","hd":false},{"ty":"tr","p":{"a":0,"k":[0,0],"ix":2},"a":{"a":0,"k":[0,0],"ix":1},"s":{"a":0,"k":[100,100],"ix":3},"r":{"a":0,"k":0,"ix":6},"o":{"a":1,"k":[{"i":{"x":[0.667],"y":[1]},"o":{"x":[0.333],"y":[0]},"t":101,"s":[0]},{"t":107,"s":[100]}],"ix":7},"sk":{"a":0,"k":0,"ix":4},"sa":{"a":0,"k":0,"ix":5},"nm":"Transform"}],"nm":"Shape 1","np":3,"cix":2,"bm":0,"ix":1,"mn":"ADBE Vector Group","hd":false},{"ty":"gr","it":[{"d":1,"ty":"el","s":{"a":0,"k":[306,306],"ix":2},"p":{"a":0,"k":[0,-164],"ix":3},"nm":"Ellipse Path 1","mn":"ADBE Vector Shape - Ellipse","hd":false},{"ty":"fl","c":{"a":0,"k":[0.043137254902,0.337254901961,0.658823529412,1],"ix":4},"o":{"a":0,"k":100,"ix":5},"r":1,"bm":0,"nm":"Fill 1","mn":"ADBE Vector Graphic - Fill","hd":false},{"ty":"tr","p":{"a":0,"k":[0,0],"ix":2},"a":{"a":0,"k":[0,0],"ix":1},"s":{"a":0,"k":[100,100],"ix":3},"r":{"a":0,"k":0,"ix":6},"o":{"a":1,"k":[{"i":{"x":[0.667],"y":[1]},"o":{"x":[0.333],"y":[0]},"t":101,"s":[0]},{"t":107,"s":[100]}],"ix":7},"sk":{"a":0,"k":0,"ix":4},"sa":{"a":0,"k":0,"ix":5},"nm":"Transform"}],"nm":"Ellipse 4","np":3,"cix":2,"bm":0,"ix":2,"mn":"ADBE Vector Group","hd":false},{"ty":"gr","it":[{"d":1,"ty":"el","s":{"a":1,"k":[{"i":{"x":[0,0],"y":[1,1]},"o":{"x":[0.333,0.333],"y":[0,0]},"t":10,"s":[0,0]},{"i":{"x":[0.763,0.763],"y":[1,1]},"o":{"x":[0.845,0.845],"y":[0,0]},"t":20,"s":[1300,1300]},{"t":23,"s":[1200,1200]}],"ix":2},"p":{"a":0,"k":[0,0],"ix":3},"nm":"Ellipse Path 1","mn":"ADBE Vector Shape - Ellipse","hd":false},{"ty":"fl","c":{"a":1,"k":[{"i":{"x":[0.667],"y":[1]},"o":{"x":[0.333],"y":[0]},"t":35,"s":[1,1,1,1]},{"i":{"x":[0.667],"y":[1]},"o":{"x":[0.333],"y":[0]},"t":38,"s":[0.584313750267,0.592156887054,0.603921592236,1]},{"i":{"x":[0.667],"y":[1]},"o":{"x":[0.333],"y":[0]},"t":43,"s":[0.584313750267,0.592156887054,0.603921592236,1]},{"i":{"x":[0.667],"y":[1]},"o":{"x":[0.333],"y":[0]},"t":46,"s":[1,1,1,1]},{"i":{"x":[0.667],"y":[1]},"o":{"x":[0.333],"y":[0]},"t":68,"s":[1,1,1,1]},{"i":{"x":[0.667],"y":[1]},"o":{"x":[0.333],"y":[0]},"t":71,"s":[0.584313750267,0.592156887054,0.603921592236,1]},{"i":{"x":[0.667],"y":[1]},"o":{"x":[0.333],"y":[0]},"t":76,"s":[0.584313750267,0.592156887054,0.603921592236,1]},{"t":79,"s":[1,1,1,1]}],"ix":4},"o":{"a":1,"k":[{"i":{"x":[0.667],"y":[1]},"o":{"x":[0.333],"y":[0]},"t":84,"s":[100]},{"t":87,"s":[0]}],"ix":5},"r":1,"bm":0,"nm":"Fill 1","mn":"ADBE Vector Graphic - Fill","hd":false},{"ty":"tr","p":{"a":0,"k":[54,0],"ix":2},"a":{"a":0,"k":[0,0],"ix":1},"s":{"a":0,"k":[3.54,3.54],"ix":3},"r":{"a":0,"k":0,"ix":6},"o":{"a":0,"k":100,"ix":7},"sk":{"a":0,"k":0,"ix":4},"sa":{"a":0,"k":0,"ix":5},"nm":"Transform"}],"nm":"Ellipse 3","np":3,"cix":2,"bm":0,"ix":3,"mn":"ADBE Vector Group","hd":false},{"ty":"gr","it":[{"d":1,"ty":"el","s":{"a":1,"k":[{"i":{"x":[0,0],"y":[1,1]},"o":{"x":[0.333,0.333],"y":[0,0]},"t":5,"s":[0,0]},{"i":{"x":[0.763,0.763],"y":[1,1]},"o":{"x":[0.845,0.845],"y":[0,0]},"t":15,"s":[1300,1300]},{"t":18,"s":[1200,1200]}],"ix":2},"p":{"a":0,"k":[0,0],"ix":3},"nm":"Ellipse Path 1","mn":"ADBE Vector Shape - Ellipse","hd":false},{"ty":"fl","c":{"a":1,"k":[{"i":{"x":[0.667],"y":[1]},"o":{"x":[0.333],"y":[0]},"t":24,"s":[1,1,1,1]},{"i":{"x":[0.667],"y":[1]},"o":{"x":[0.333],"y":[0]},"t":27,"s":[0.584313750267,0.592156887054,0.603921592236,1]},{"i":{"x":[0.667],"y":[1]},"o":{"x":[0.333],"y":[0]},"t":32,"s":[0.584313750267,0.592156887054,0.603921592236,1]},{"i":{"x":[0.667],"y":[1]},"o":{"x":[0.333],"y":[0]},"t":35,"s":[1,1,1,1]},{"i":{"x":[0.667],"y":[1]},"o":{"x":[0.333],"y":[0]},"t":57,"s":[1,1,1,1]},{"i":{"x":[0.667],"y":[1]},"o":{"x":[0.333],"y":[0]},"t":60,"s":[0.584313750267,0.592156887054,0.603921592236,1]},{"i":{"x":[0.667],"y":[1]},"o":{"x":[0.333],"y":[0]},"t":65,"s":[0.584313750267,0.592156887054,0.603921592236,1]},{"t":68,"s":[1,1,1,1]}],"ix":4},"o":{"a":1,"k":[{"i":{"x":[0.667],"y":[1]},"o":{"x":[0.333],"y":[0]},"t":84,"s":[100]},{"t":87,"s":[0]}],"ix":5},"r":1,"bm":0,"nm":"Fill 1","mn":"ADBE Vector Graphic - Fill","hd":false},{"ty":"tr","p":{"a":0,"k":[-1,0],"ix":2},"a":{"a":0,"k":[0,0],"ix":1},"s":{"a":0,"k":[3.54,3.54],"ix":3},"r":{"a":0,"k":0,"ix":6},"o":{"a":0,"k":100,"ix":7},"sk":{"a":0,"k":0,"ix":4},"sa":{"a":0,"k":0,"ix":5},"nm":"Transform"}],"nm":"Ellipse 2","np":3,"cix":2,"bm":0,"ix":4,"mn":"ADBE Vector Group","hd":false},{"ty":"gr","it":[{"d":1,"ty":"el","s":{"a":1,"k":[{"i":{"x":[0,0],"y":[1,1]},"o":{"x":[0.333,0.333],"y":[0,0]},"t":0,"s":[0,0]},{"i":{"x":[0.763,0.763],"y":[1,1]},"o":{"x":[0.845,0.845],"y":[0,0]},"t":10,"s":[1300,1300]},{"t":13,"s":[1200,1200]}],"ix":2},"p":{"a":0,"k":[0,0],"ix":3},"nm":"Ellipse Path 1","mn":"ADBE Vector Shape - Ellipse","hd":false},{"ty":"fl","c":{"a":1,"k":[{"i":{"x":[0.667],"y":[1]},"o":{"x":[0.333],"y":[0]},"t":13,"s":[1,1,1,1]},{"i":{"x":[0.667],"y":[1]},"o":{"x":[0.333],"y":[0]},"t":16,"s":[0.584313750267,0.592156887054,0.603921592236,1]},{"i":{"x":[0.667],"y":[1]},"o":{"x":[0.333],"y":[0]},"t":21,"s":[0.584313750267,0.592156887054,0.603921592236,1]},{"i":{"x":[0.667],"y":[1]},"o":{"x":[0.333],"y":[0]},"t":24,"s":[1,1,1,1]},{"i":{"x":[0.667],"y":[1]},"o":{"x":[0.333],"y":[0]},"t":46,"s":[1,1,1,1]},{"i":{"x":[0.667],"y":[1]},"o":{"x":[0.333],"y":[0]},"t":49,"s":[0.584313750267,0.592156887054,0.603921592236,1]},{"i":{"x":[0.667],"y":[1]},"o":{"x":[0.333],"y":[0]},"t":54,"s":[0.584313750267,0.592156887054,0.603921592236,1]},{"t":57,"s":[1,1,1,1]}],"ix":4},"o":{"a":1,"k":[{"i":{"x":[0.667],"y":[1]},"o":{"x":[0.333],"y":[0]},"t":84,"s":[100]},{"t":87,"s":[0]}],"ix":5},"r":1,"bm":0,"nm":"Fill 1","mn":"ADBE Vector Graphic - Fill","hd":false},{"ty":"tr","p":{"a":0,"k":[-57,0],"ix":2},"a":{"a":0,"k":[0,0],"ix":1},"s":{"a":0,"k":[3.54,3.54],"ix":3},"r":{"a":0,"k":0,"ix":6},"o":{"a":0,"k":100,"ix":7},"sk":{"a":0,"k":0,"ix":4},"sa":{"a":0,"k":0,"ix":5},"nm":"Transform"}],"nm":"Ellipse 1","np":3,"cix":2,"bm":0,"ix":5,"mn":"ADBE Vector Group","hd":false},{"ty":"gr","it":[{"ty":"rc","d":1,"s":{"a":1,"k":[{"i":{"x":[0.2,0.2],"y":[1,1]},"o":{"x":[0.333,0.333],"y":[0,0]},"t":0,"s":[0,0]},{"i":{"x":[0.2,0.2],"y":[1,1]},"o":{"x":[0.802,0.802],"y":[0,0]},"t":8,"s":[581,224.831]},{"i":{"x":[0.598,0.598],"y":[1,1]},"o":{"x":[0.802,0.802],"y":[0,0]},"t":10,"s":[581,224.831]},{"i":{"x":[0.833,0.821],"y":[1,1]},"o":{"x":[0.167,0.167],"y":[0,0]},"t":14,"s":[522,202]},{"i":{"x":[0.833,0.821],"y":[1,1]},"o":{"x":[0.289,0.327],"y":[0,0]},"t":75,"s":[522,202]},{"i":{"x":[0.833,0.821],"y":[1,1]},"o":{"x":[0.289,0.327],"y":[0,0]},"t":78,"s":[522,174]},{"i":{"x":[0.667,0.667],"y":[1,1]},"o":{"x":[0.289,0.327],"y":[0,0]},"t":84,"s":[522,174]},{"i":{"x":[0.409,0.421],"y":[1,1]},"o":{"x":[1,0.921],"y":[0,0]},"t":87,"s":[192,1137]},{"i":{"x":[0.667,0.667],"y":[1,1]},"o":{"x":[0.556,0.758],"y":[0,0]},"t":95,"s":[865,165]},{"t":102,"s":[728,914]}],"ix":2},"p":{"a":0,"k":[0,0],"ix":3},"r":{"a":0,"k":84,"ix":4},"nm":"Rectangle Path 1","mn":"ADBE Vector Shape - Rect","hd":false},{"ty":"fl","c":{"a":0,"k":[0.83137254902,0.83137254902,0.83137254902,1],"ix":4},"o":{"a":0,"k":100,"ix":5},"r":1,"bm":0,"nm":"Fill 1","mn":"ADBE Vector Graphic - Fill","hd":false},{"ty":"tr","p":{"a":0,"k":[-3,1],"ix":2},"a":{"a":0,"k":[0,0],"ix":1},"s":{"a":0,"k":[100,100],"ix":3},"r":{"a":0,"k":0,"ix":6},"o":{"a":0,"k":100,"ix":7},"sk":{"a":0,"k":0,"ix":4},"sa":{"a":0,"k":0,"ix":5},"nm":"Transform"}],"nm":"Rectangle 1","np":3,"cix":2,"bm":0,"ix":6,"mn":"ADBE Vector Group","hd":false}],"ip":0,"op":137,"st":0,"bm":0},{"ddd":0,"ind":4,"ty":4,"nm":"Character","sr":1,"ks":{"o":{"a":0,"k":100,"ix":11},"r":{"a":0,"k":23,"ix":10},"p":{"a":0,"k":[584.298,709.14,0],"ix":2},"a":{"a":0,"k":[600,600,0],"ix":1},"s":{"a":0,"k":[100,100,100],"ix":6}},"ao":0,"shapes":[{"ty":"gr","it":[{"ind":0,"ty":"sh","ix":1,"ks":{"a":1,"k":[{"i":{"x":0.667,"y":1},"o":{"x":0.333,"y":0},"t":0,"s":[{"i":[[-10.31,0],[0,-10.31],[10.31,0],[0,10.31]],"o":[[10.31,0],[0,10.31],[-10.31,0],[0,-10.31]],"v":[[16.157,-19.441],[34.825,-0.774],[16.157,17.894],[-2.51,-0.774]],"c":true}]},{"i":{"x":0.667,"y":1},"o":{"x":0.333,"y":0},"t":8,"s":[{"i":[[-10.31,0],[0,-10.31],[10.31,0],[0,10.31]],"o":[[10.31,0],[0,10.31],[-10.31,0],[0,-10.31]],"v":[[-28.957,21.436],[-10.29,40.103],[-28.957,58.771],[-47.624,40.103]],"c":true}]},{"i":{"x":0.667,"y":1},"o":{"x":0.333,"y":0},"t":28,"s":[{"i":[[-10.31,0],[0,-10.31],[10.31,0],[0,10.31]],"o":[[10.31,0],[0,10.31],[-10.31,0],[0,-10.31]],"v":[[-28.957,21.436],[-10.29,40.103],[-28.957,58.771],[-47.624,40.103]],"c":true}]},{"i":{"x":0.667,"y":1},"o":{"x":0.333,"y":0},"t":40,"s":[{"i":[[-10.31,0],[0,-10.31],[10.31,0],[0,10.31]],"o":[[10.31,0],[0,10.31],[-10.31,0],[0,-10.31]],"v":[[19.019,-11.421],[37.686,7.246],[19.019,25.913],[0.352,7.246]],"c":true}]},{"i":{"x":0.667,"y":1},"o":{"x":0.333,"y":0},"t":50,"s":[{"i":[[-10.31,0],[0,-10.31],[10.31,0],[0,10.31]],"o":[[10.31,0],[0,10.31],[-10.31,0],[0,-10.31]],"v":[[19.019,-11.421],[37.686,7.246],[19.019,25.913],[0.352,7.246]],"c":true}]},{"i":{"x":0.667,"y":1},"o":{"x":0.333,"y":0},"t":55,"s":[{"i":[[-10.31,0],[0,-10.31],[10.31,0],[0,10.31]],"o":[[10.31,0],[0,10.31],[-10.31,0],[0,-10.31]],"v":[[-35.195,2.9],[-16.528,21.568],[-35.195,40.235],[-53.862,21.568]],"c":true}]},{"i":{"x":0.667,"y":1},"o":{"x":0.333,"y":0},"t":80,"s":[{"i":[[-10.31,0],[0,-10.31],[10.31,0],[0,10.31]],"o":[[10.31,0],[0,10.31],[-10.31,0],[0,-10.31]],"v":[[-35.195,2.9],[-16.528,21.568],[-35.195,40.235],[-53.862,21.568]],"c":true}]},{"i":{"x":0.667,"y":1},"o":{"x":0.333,"y":0},"t":90,"s":[{"i":[[-10.31,0],[0,-10.31],[10.31,0],[0,10.31]],"o":[[10.31,0],[0,10.31],[-10.31,0],[0,-10.31]],"v":[[63.772,-42.911],[82.44,-24.244],[63.772,-5.577],[45.105,-24.244]],"c":true}]},{"i":{"x":0.667,"y":1},"o":{"x":0.333,"y":0},"t":117,"s":[{"i":[[-10.31,0],[0,-10.31],[10.31,0],[0,10.31]],"o":[[10.31,0],[0,10.31],[-10.31,0],[0,-10.31]],"v":[[63.772,-42.911],[82.44,-24.244],[63.772,-5.577],[45.105,-24.244]],"c":true}]},{"t":124,"s":[{"i":[[-10.31,0],[0,-10.31],[10.31,0],[0,10.31]],"o":[[10.31,0],[0,10.31],[-10.31,0],[0,-10.31]],"v":[[16.157,-19.441],[34.825,-0.774],[16.157,17.893],[-2.51,-0.774]],"c":true}]}],"ix":2},"nm":"Path 1","mn":"ADBE Vector Shape - Group","hd":false},{"ty":"fl","c":{"a":0,"k":[0.015991210938,0.450988769531,0.917938232422,1],"ix":4},"o":{"a":0,"k":100,"ix":5},"r":1,"bm":0,"nm":"Fill 1","mn":"ADBE Vector Graphic - Fill","hd":false},{"ty":"tr","p":{"a":0,"k":[533.453,301.971],"ix":2},"a":{"a":0,"k":[0,0],"ix":1},"s":{"a":0,"k":[100,100],"ix":3},"r":{"a":0,"k":0,"ix":6},"o":{"a":0,"k":100,"ix":7},"sk":{"a":0,"k":0,"ix":4},"sa":{"a":0,"k":0,"ix":5},"nm":"Transform"}],"nm":"Hair Bobble","np":3,"cix":2,"bm":0,"ix":1,"mn":"ADBE Vector Group","hd":false},{"ty":"gr","it":[{"ind":0,"ty":"sh","ix":1,"ks":{"a":1,"k":[{"i":{"x":0.833,"y":1},"o":{"x":0.333,"y":0},"t":0,"s":[{"i":[[29.643,-35.012],[-16.556,-19.003],[-93.419,77.991],[34.942,40.576],[27.057,-27.892]],"o":[[0,0],[95.772,-74.288],[36.431,-31.988],[-26.472,-27.325],[-59.656,62.146]],"v":[[-66.707,41.364],[-34.669,76.45],[190.865,-105.379],[217.235,-196.109],[135.926,-173.973]],"c":true}]},{"i":{"x":0.833,"y":1},"o":{"x":0.167,"y":0},"t":6,"s":[{"i":[[29.643,-35.012],[-16.556,-19.003],[-91.451,78.786],[34.942,40.576],[27.056,-27.892]],"o":[[0,0],[93.315,-85.195],[36.431,-31.988],[-26.472,-27.325],[-57.702,66.749]],"v":[[-66.707,41.364],[-34.669,76.45],[181.183,-115.392],[207.553,-206.122],[126.244,-183.985]],"c":true}]},{"i":{"x":0.667,"y":1},"o":{"x":0.167,"y":0},"t":29,"s":[{"i":[[29.643,-35.012],[-16.556,-19.003],[-91.451,78.786],[34.942,40.576],[27.056,-27.892]],"o":[[0,0],[93.315,-85.195],[36.431,-31.988],[-26.472,-27.325],[-57.702,66.749]],"v":[[-66.707,41.364],[-34.669,76.45],[181.183,-115.392],[207.553,-206.122],[126.244,-183.985]],"c":true}]},{"i":{"x":0.667,"y":1},"o":{"x":0.333,"y":0},"t":35,"s":[{"i":[[29.643,-35.012],[-16.556,-19.003],[-93.419,77.991],[34.942,40.576],[27.057,-27.892]],"o":[[0,0],[95.772,-74.288],[36.431,-31.988],[-26.472,-27.325],[-59.656,62.146]],"v":[[-66.707,41.364],[-34.669,76.45],[190.865,-105.379],[217.235,-196.109],[135.926,-173.973]],"c":true}]},{"i":{"x":0.833,"y":0.833},"o":{"x":0.333,"y":0},"t":52,"s":[{"i":[[29.643,-35.012],[-16.556,-19.003],[-93.419,77.991],[34.942,40.576],[27.057,-27.892]],"o":[[0,0],[95.772,-74.288],[36.431,-31.988],[-26.472,-27.325],[-59.656,62.146]],"v":[[-66.707,41.364],[-34.669,76.45],[190.865,-105.379],[217.235,-196.109],[135.926,-173.973]],"c":true}]},{"i":{"x":0.833,"y":0.833},"o":{"x":0.167,"y":0.167},"t":57,"s":[{"i":[[29.643,-35.012],[-16.556,-19.003],[-92.336,78.429],[34.942,40.576],[27.056,-27.892]],"o":[[0,0],[94.42,-80.291],[36.431,-31.988],[-26.472,-27.325],[-58.58,64.679]],"v":[[-66.707,41.364],[-34.669,76.45],[185.537,-110.89],[211.907,-201.619],[130.598,-179.483]],"c":true}]},{"i":{"x":0.667,"y":1},"o":{"x":0.167,"y":0.167},"t":84,"s":[{"i":[[29.643,-35.012],[-16.556,-19.003],[-92.336,78.429],[34.942,40.576],[27.057,-27.892]],"o":[[0,0],[94.42,-80.291],[36.432,-31.988],[-26.472,-27.325],[-58.58,64.679]],"v":[[-66.707,41.364],[-34.669,76.45],[185.536,-110.89],[211.906,-201.619],[130.598,-179.483]],"c":true}]},{"i":{"x":0.667,"y":1},"o":{"x":0.333,"y":0},"t":90,"s":[{"i":[[29.643,-35.012],[-16.556,-19.003],[-93.419,77.991],[34.942,40.576],[27.057,-27.892]],"o":[[0,0],[95.772,-74.288],[36.431,-31.988],[-26.472,-27.325],[-59.656,62.146]],"v":[[-66.707,41.364],[-34.669,76.45],[190.865,-105.379],[217.235,-196.109],[135.926,-173.973]],"c":true}]},{"i":{"x":0.667,"y":1},"o":{"x":0.333,"y":0},"t":127,"s":[{"i":[[29.643,-35.012],[-16.556,-19.003],[-93.419,77.991],[34.942,40.576],[27.057,-27.892]],"o":[[0,0],[95.772,-74.288],[36.431,-31.988],[-26.472,-27.325],[-59.656,62.146]],"v":[[-66.707,41.364],[-34.669,76.45],[190.865,-105.379],[217.235,-196.109],[135.926,-173.973]],"c":true}]},{"t":134,"s":[{"i":[[29.643,-35.012],[-16.556,-19.003],[-93.419,77.991],[34.942,40.576],[27.057,-27.892]],"o":[[0,0],[95.772,-74.288],[36.431,-31.988],[-26.472,-27.325],[-59.656,62.146]],"v":[[-66.707,41.364],[-34.669,76.45],[190.865,-105.379],[217.235,-196.109],[135.926,-173.973]],"c":true}]}],"ix":2},"nm":"Path 1","mn":"ADBE Vector Shape - Group","hd":false},{"ty":"fl","c":{"a":0,"k":[0.694117647059,0.701960784314,0.713725490196,1],"ix":4},"o":{"a":0,"k":100,"ix":5},"r":1,"bm":0,"nm":"Fill 1","mn":"ADBE Vector Graphic - Fill","hd":false},{"ty":"tr","p":{"a":0,"k":[704.072,713.884],"ix":2},"a":{"a":0,"k":[0,0],"ix":1},"s":{"a":0,"k":[100,100],"ix":3},"r":{"a":0,"k":0,"ix":6},"o":{"a":0,"k":100,"ix":7},"sk":{"a":0,"k":0,"ix":4},"sa":{"a":0,"k":0,"ix":5},"nm":"Transform"}],"nm":"Right Leg ","np":2,"cix":2,"bm":0,"ix":2,"mn":"ADBE Vector Group","hd":false},{"ty":"gr","it":[{"ind":0,"ty":"sh","ix":1,"ks":{"a":0,"k":{"i":[[0,0],[26.622,25.08],[-13.283,-5.929]],"o":[[0,0],[-26.622,-25.08],[13.283,5.929]],"v":[[160.489,-17.253],[93.349,18.584],[143.918,-33.788]],"c":true},"ix":2},"nm":"Path 1","mn":"ADBE Vector Shape - Group","hd":false},{"ty":"fl","c":{"a":0,"k":[0.948999980852,0.791999966491,0.685999971278,1],"ix":4},"o":{"a":0,"k":100,"ix":5},"r":1,"bm":0,"nm":"Fill 1","mn":"ADBE Vector Graphic - Fill","hd":false},{"ty":"tr","p":{"a":0,"k":[509.018,792.5],"ix":2},"a":{"a":0,"k":[0,0],"ix":1},"s":{"a":0,"k":[100,100],"ix":3},"r":{"a":0,"k":0,"ix":6},"o":{"a":0,"k":100,"ix":7},"sk":{"a":0,"k":0,"ix":4},"sa":{"a":0,"k":0,"ix":5},"nm":"Transform"}],"nm":"Left Foot","np":2,"cix":2,"bm":0,"ix":3,"mn":"ADBE Vector Group","hd":false},{"ty":"gr","it":[{"ind":0,"ty":"sh","ix":1,"ks":{"a":1,"k":[{"i":{"x":0.833,"y":1},"o":{"x":0.333,"y":0},"t":0,"s":[{"i":[[0,0],[-66.644,1.673]],"o":[[0,0],[45.138,9.085]],"v":[[469.376,648.776],[735.883,643.2]],"c":false}]},{"i":{"x":0.833,"y":1},"o":{"x":0.167,"y":0},"t":6,"s":[{"i":[[0,0],[-83.101,14.09]],"o":[[0,0],[45.138,9.085]],"v":[[459.397,686.689],[728.072,642.713]],"c":false}]},{"i":{"x":0.833,"y":1},"o":{"x":0.167,"y":0},"t":29,"s":[{"i":[[0,0],[-83.101,14.09]],"o":[[0,0],[45.138,9.085]],"v":[[459.397,686.689],[728.072,642.713]],"c":false}]},{"i":{"x":0.833,"y":1},"o":{"x":0.167,"y":0},"t":35,"s":[{"i":[[0,0],[-87.551,10.004]],"o":[[0,0],[45.138,9.085]],"v":[[458.055,675.851],[735.883,643.2]],"c":false}]},{"i":{"x":0.833,"y":1},"o":{"x":0.167,"y":0},"t":52,"s":[{"i":[[0,0],[-87.551,10.004]],"o":[[0,0],[45.138,9.085]],"v":[[458.055,675.851],[735.883,643.2]],"c":false}]},{"i":{"x":0.833,"y":1},"o":{"x":0.167,"y":0},"t":57,"s":[{"i":[[0,0],[-87.998,6.392]],"o":[[0,0],[45.138,9.085]],"v":[[459.867,664.762],[735.883,643.2]],"c":false}]},{"i":{"x":0.667,"y":1},"o":{"x":0.167,"y":0},"t":84,"s":[{"i":[[0,0],[-87.998,6.392]],"o":[[0,0],[45.138,9.085]],"v":[[459.867,664.762],[735.883,643.2]],"c":false}]},{"i":{"x":0.667,"y":1},"o":{"x":0.333,"y":0},"t":90,"s":[{"i":[[0,0],[-66.644,1.673]],"o":[[0,0],[45.138,9.085]],"v":[[469.376,648.776],[735.883,643.2]],"c":false}]},{"t":134,"s":[{"i":[[0,0],[-66.644,1.673]],"o":[[0,0],[45.138,9.085]],"v":[[469.376,648.776],[735.883,643.2]],"c":false}]}],"ix":2},"nm":"Path 1","mn":"ADBE Vector Shape - Group","hd":false},{"ty":"st","c":{"a":0,"k":[0.426971435547,0.430999755859,0.442993164063,1],"ix":3},"o":{"a":0,"k":100,"ix":4},"w":{"a":0,"k":8,"ix":5},"lc":2,"lj":2,"bm":0,"nm":"Stroke 1","mn":"ADBE Vector Graphic - Stroke","hd":false},{"ty":"tr","p":{"a":0,"k":[0,0],"ix":2},"a":{"a":0,"k":[0,0],"ix":1},"s":{"a":0,"k":[100,100],"ix":3},"r":{"a":0,"k":0,"ix":6},"o":{"a":0,"k":100,"ix":7},"sk":{"a":0,"k":0,"ix":4},"sa":{"a":0,"k":0,"ix":5},"nm":"Transform"}],"nm":"Leg Line","np":3,"cix":2,"bm":0,"ix":4,"mn":"ADBE Vector Group","hd":false},{"ty":"gr","it":[{"ind":0,"ty":"sh","ix":1,"ks":{"a":1,"k":[{"i":{"x":0.833,"y":1},"o":{"x":0.333,"y":0},"t":0,"s":[{"i":[[22.703,55.49],[180.036,-6.766],[-8.163,-74.41],[-105.97,12.791],[-38.555,8.142],[-5.013,16.247]],"o":[[0,0],[-73.332,-3.508],[4.171,27.452],[79.787,-12.827],[11.248,-21.689],[-34.502,0.519]],"v":[[252.877,-70.9],[-20.153,-61.109],[-162.606,33.777],[-35.31,92.797],[303.742,38.979],[330.068,-23.87]],"c":true}]},{"i":{"x":0.833,"y":1},"o":{"x":0.167,"y":0},"t":6,"s":[{"i":[[22.703,55.49],[180.157,-23.083],[-11.424,-79.348],[-104.843,20.032],[-38.555,8.142],[-5.013,16.247]],"o":[[0,0],[-77.668,15.744],[7.749,33.642],[78.719,-18.271],[11.248,-21.689],[-34.502,0.519]],"v":[[239.947,-71.93],[-23.384,-38.041],[-158.99,66.397],[-27.944,116.543],[303.742,38.979],[330.068,-23.87]],"c":true}]},{"i":{"x":0.833,"y":0.833},"o":{"x":0.167,"y":0},"t":29,"s":[{"i":[[22.703,55.49],[180.157,-23.083],[-11.424,-79.348],[-104.843,20.032],[-38.555,8.142],[-5.013,16.247]],"o":[[0,0],[-77.668,15.744],[7.749,33.642],[78.719,-18.271],[11.248,-21.689],[-34.502,0.519]],"v":[[239.947,-71.93],[-23.384,-38.041],[-158.99,66.397],[-27.944,116.543],[303.742,38.979],[330.068,-23.87]],"c":true}]},{"i":{"x":0.833,"y":0.833},"o":{"x":0.167,"y":0.167},"t":35,"s":[{"i":[[22.703,55.49],[180.114,-17.221],[-10.252,-77.574],[-105.248,17.431],[-38.555,8.142],[-5.013,16.247]],"o":[[0,0],[-76.11,8.828],[6.464,31.418],[79.103,-16.315],[11.248,-21.689],[-34.502,0.519]],"v":[[251.831,-72.086],[-22.223,-46.328],[-160.289,54.678],[-30.59,108.013],[303.742,38.979],[330.068,-23.87]],"c":true}]},{"i":{"x":0.833,"y":1},"o":{"x":0.167,"y":0.167},"t":52,"s":[{"i":[[22.703,55.49],[180.114,-17.221],[-10.252,-77.574],[-105.248,17.431],[-38.555,8.142],[-5.013,16.247]],"o":[[0,0],[-76.11,8.828],[6.464,31.418],[79.103,-16.315],[11.248,-21.689],[-34.502,0.519]],"v":[[251.831,-72.086],[-22.223,-46.328],[-160.289,54.678],[-30.59,108.013],[303.742,38.979],[330.068,-23.87]],"c":true}]},{"i":{"x":0.833,"y":1},"o":{"x":0.167,"y":0},"t":57,"s":[{"i":[[22.703,55.49],[180.441,-13.37],[-8.593,-77.776],[-105.596,15.179],[-38.555,8.142],[-5.013,16.247]],"o":[[0,0],[-76.281,7.2],[5.791,31.549],[79.433,-14.622],[11.248,-21.689],[-34.502,0.519]],"v":[[239.947,-71.93],[-19.817,-55.117],[-160.009,42.917],[-31.479,99.01],[303.742,38.979],[330.068,-23.87]],"c":true}]},{"i":{"x":0.667,"y":1},"o":{"x":0.167,"y":0},"t":84,"s":[{"i":[[22.703,55.49],[180.441,-13.37],[-8.593,-77.776],[-105.596,15.179],[-38.555,8.142],[-5.013,16.247]],"o":[[0,0],[-76.281,7.2],[5.791,31.549],[79.433,-14.622],[11.248,-21.689],[-34.502,0.519]],"v":[[239.947,-71.93],[-19.817,-55.117],[-160.009,42.917],[-31.479,99.01],[303.742,38.979],[330.068,-23.87]],"c":true}]},{"i":{"x":0.667,"y":1},"o":{"x":0.333,"y":0},"t":90,"s":[{"i":[[22.703,55.49],[180.036,-6.766],[-8.163,-74.41],[-105.97,12.791],[-38.555,8.142],[-5.013,16.247]],"o":[[0,0],[-73.332,-3.508],[4.171,27.452],[79.787,-12.827],[11.248,-21.689],[-34.502,0.519]],"v":[[246.572,-70.397],[-20.153,-61.109],[-162.606,33.777],[-35.31,92.797],[303.742,38.98],[330.068,-23.87]],"c":true}]},{"i":{"x":0.667,"y":1},"o":{"x":0.333,"y":0},"t":127,"s":[{"i":[[22.703,55.49],[180.036,-6.766],[-8.163,-74.41],[-105.97,12.791],[-38.555,8.142],[-5.013,16.247]],"o":[[0,0],[-73.332,-3.508],[4.171,27.452],[79.787,-12.827],[11.248,-21.689],[-34.502,0.519]],"v":[[246.573,-70.397],[-20.153,-61.109],[-162.606,33.777],[-35.31,92.797],[303.742,38.979],[330.068,-23.87]],"c":true}]},{"t":134,"s":[{"i":[[22.703,55.49],[180.036,-6.766],[-8.163,-74.41],[-105.97,12.791],[-38.555,8.142],[-5.013,16.247]],"o":[[0,0],[-73.332,-3.508],[4.171,27.452],[79.787,-12.827],[11.248,-21.689],[-34.502,0.519]],"v":[[252.877,-70.9],[-20.153,-61.109],[-162.606,33.777],[-35.31,92.797],[303.742,38.979],[330.068,-23.87]],"c":true}]}],"ix":2},"nm":"Path 1","mn":"ADBE Vector Shape - Group","hd":false},{"ty":"fl","c":{"a":0,"k":[0.58431372549,0.592156862745,0.603921568627,1],"ix":4},"o":{"a":0,"k":100,"ix":5},"r":1,"bm":0,"nm":"Fill 1","mn":"ADBE Vector Graphic - Fill","hd":false},{"ty":"tr","p":{"a":0,"k":[540.759,669],"ix":2},"a":{"a":0,"k":[0,0],"ix":1},"s":{"a":0,"k":[100,100],"ix":3},"r":{"a":0,"k":0,"ix":6},"o":{"a":0,"k":100,"ix":7},"sk":{"a":0,"k":0,"ix":4},"sa":{"a":0,"k":0,"ix":5},"nm":"Transform"}],"nm":"Left Leg","np":2,"cix":2,"bm":0,"ix":5,"mn":"ADBE Vector Group","hd":false},{"ty":"gr","it":[{"ind":0,"ty":"sh","ix":1,"ks":{"a":0,"k":{"i":[[-8.061,-0.136],[-17.026,7.55],[47.913,1.068]],"o":[[0,0],[21.577,-9.568],[-47.913,-1.068]],"v":[[50.991,-78.612],[109.705,-78.981],[86.067,-111.635]],"c":true},"ix":2},"nm":"Path 1","mn":"ADBE Vector Shape - Group","hd":false},{"ty":"fl","c":{"a":0,"k":[0.948999980852,0.791999966491,0.685999971278,1],"ix":4},"o":{"a":0,"k":100,"ix":5},"r":1,"bm":0,"nm":"Fill 1","mn":"ADBE Vector Graphic - Fill","hd":false},{"ty":"tr","p":{"a":0,"k":[796.241,774],"ix":2},"a":{"a":0,"k":[0,0],"ix":1},"s":{"a":0,"k":[100,100],"ix":3},"r":{"a":0,"k":0,"ix":6},"o":{"a":0,"k":100,"ix":7},"sk":{"a":0,"k":0,"ix":4},"sa":{"a":0,"k":0,"ix":5},"nm":"Transform"}],"nm":"right Foot","np":2,"cix":2,"bm":0,"ix":6,"mn":"ADBE Vector Group","hd":false},{"ty":"gr","it":[{"ind":0,"ty":"sh","ix":1,"ks":{"a":1,"k":[{"i":{"x":0.667,"y":1},"o":{"x":0.333,"y":0},"t":0,"s":[{"i":[[0,0],[0,0]],"o":[[0,0],[0,0]],"v":[[536.265,614.409],[577.399,547.518]],"c":false}]},{"i":{"x":0.667,"y":1},"o":{"x":0.333,"y":0},"t":5,"s":[{"i":[[0,0],[0,0]],"o":[[0,0],[0,0]],"v":[[551.44,611.769],[566.383,562.514]],"c":false}]},{"i":{"x":0.833,"y":0.833},"o":{"x":0.333,"y":0},"t":28,"s":[{"i":[[0,0],[0,0]],"o":[[0,0],[0,0]],"v":[[551.44,611.769],[566.383,562.514]],"c":false}]},{"i":{"x":0.833,"y":0.833},"o":{"x":0.167,"y":0.167},"t":32,"s":[{"i":[[0,0],[0,0]],"o":[[0,0],[0,0]],"v":[[553.326,607.675],[564.217,555.858]],"c":false}]},{"i":{"x":0.833,"y":0.833},"o":{"x":0.167,"y":0.167},"t":45,"s":[{"i":[[0,0],[0,0]],"o":[[0,0],[0,0]],"v":[[553.326,607.675],[564.217,555.858]],"c":false}]},{"i":{"x":0.833,"y":0.833},"o":{"x":0.167,"y":0.167},"t":49,"s":[{"i":[[0,0],[0,0]],"o":[[0,0],[0,0]],"v":[[553.326,607.675],[564.217,555.858]],"c":false}]},{"i":{"x":0.833,"y":0.833},"o":{"x":0.167,"y":0.167},"t":56,"s":[{"i":[[0,0],[0,0]],"o":[[0,0],[0,0]],"v":[[536.884,609.639],[558.263,567.991]],"c":false}]},{"i":{"x":0.833,"y":0.833},"o":{"x":0.167,"y":0.167},"t":80,"s":[{"i":[[0,0],[0,0]],"o":[[0,0],[0,0]],"v":[[536.884,609.639],[558.263,567.991]],"c":false}]},{"i":{"x":0.667,"y":1},"o":{"x":0.167,"y":0.167},"t":86,"s":[{"i":[[0,0],[0,0]],"o":[[0,0],[0,0]],"v":[[537.112,594.425],[592.924,567.096]],"c":false}]},{"i":{"x":0.833,"y":0.833},"o":{"x":0.333,"y":0},"t":91,"s":[{"i":[[0,0],[0,0]],"o":[[0,0],[0,0]],"v":[[539.593,582.578],[602.539,568.351]],"c":false}]},{"i":{"x":0.667,"y":1},"o":{"x":0.167,"y":0.167},"t":93,"s":[{"i":[[0,0],[0,0]],"o":[[0,0],[0,0]],"v":[[539.593,582.578],[602.539,568.351]],"c":false}]},{"i":{"x":0.667,"y":1},"o":{"x":0.333,"y":0},"t":117,"s":[{"i":[[0,0],[0,0]],"o":[[0,0],[0,0]],"v":[[539.593,582.578],[602.539,568.351]],"c":false}]},{"t":126,"s":[{"i":[[0,0],[0,0]],"o":[[0,0],[0,0]],"v":[[536.265,614.409],[577.399,547.518]],"c":false}]}],"ix":2},"nm":"Path 1","mn":"ADBE Vector Shape - Group","hd":false},{"ty":"st","c":{"a":0,"k":[0.219604492188,0.823516845703,0,1],"ix":3},"o":{"a":0,"k":100,"ix":4},"w":{"a":0,"k":50,"ix":5},"lc":2,"lj":2,"bm":0,"nm":"Stroke 1","mn":"ADBE Vector Graphic - Stroke","hd":false},{"ty":"tr","p":{"a":0,"k":[0,0],"ix":2},"a":{"a":0,"k":[0,0],"ix":1},"s":{"a":0,"k":[100,100],"ix":3},"r":{"a":0,"k":0,"ix":6},"o":{"a":0,"k":100,"ix":7},"sk":{"a":0,"k":0,"ix":4},"sa":{"a":0,"k":0,"ix":5},"nm":"Transform"}],"nm":"New Left Arm Frnt","np":3,"cix":2,"bm":0,"ix":7,"mn":"ADBE Vector Group","hd":false},{"ty":"gr","it":[{"ind":0,"ty":"sh","ix":1,"ks":{"a":1,"k":[{"i":{"x":0.175,"y":1},"o":{"x":0.333,"y":0},"t":0,"s":[{"i":[[5.779,-15.43],[-16.054,17.571],[14.56,5.633]],"o":[[-3.6,9.6],[16.028,-17.544],[-30.149,-11.663]],"v":[[-22.48,6.092],[4.092,26],[11.52,-31.908]],"c":true}]},{"i":{"x":0.667,"y":1},"o":{"x":0.333,"y":0},"t":5,"s":[{"i":[[4.186,-15.936],[-14.183,19.113],[15.058,4.122]],"o":[[-2.605,9.916],[14.161,-19.083],[-31.179,-8.536]],"v":[[-34.107,22.132],[-5.648,39.233],[-4.148,-19.129]],"c":true}]},{"i":{"x":0.691,"y":1},"o":{"x":0.333,"y":0},"t":28,"s":[{"i":[[4.186,-15.936],[-14.183,19.113],[15.058,4.122]],"o":[[-2.605,9.916],[14.161,-19.083],[-31.179,-8.536]],"v":[[-34.107,22.132],[-5.648,39.233],[-4.148,-19.129]],"c":true}]},{"i":{"x":0.691,"y":1},"o":{"x":0.107,"y":0.008},"t":32,"s":[{"i":[[0.668,-16.463],[-9.749,21.712],[15.591,0.794]],"o":[[-0.415,10.244],[9.734,-21.678],[-32.284,-1.644]],"v":[[-37.551,18.988],[-6.085,29.582],[-17.149,-27.742]],"c":true}]},{"i":{"x":0.691,"y":1},"o":{"x":0.107,"y":0.008},"t":45,"s":[{"i":[[0.668,-16.463],[-9.749,21.712],[15.591,0.794]],"o":[[-0.415,10.244],[9.734,-21.678],[-32.284,-1.644]],"v":[[-37.551,18.988],[-6.085,29.582],[-17.149,-27.742]],"c":true}]},{"i":{"x":0.667,"y":1},"o":{"x":0.107,"y":0.008},"t":49,"s":[{"i":[[0.668,-16.463],[-9.749,21.712],[15.591,0.794]],"o":[[-0.415,10.244],[9.734,-21.678],[-32.284,-1.644]],"v":[[-37.551,18.988],[-6.085,29.582],[-17.149,-27.742]],"c":true}]},{"i":{"x":0.667,"y":1},"o":{"x":0.333,"y":0},"t":56,"s":[{"i":[[4.069,-15.966],[-14.042,19.217],[15.087,4.012]],"o":[[-2.532,9.935],[14.02,-19.187],[-31.241,-8.307]],"v":[[-33.531,22.243],[-4.947,39.135],[-3.875,-19.236]],"c":true}]},{"i":{"x":0.18,"y":1},"o":{"x":0.366,"y":0},"t":80,"s":[{"i":[[4.069,-15.966],[-14.042,19.217],[15.087,4.012]],"o":[[-2.532,9.935],[14.02,-19.187],[-31.241,-8.307]],"v":[[-33.531,22.243],[-4.947,39.135],[-3.875,-19.236]],"c":true}]},{"i":{"x":0.667,"y":1},"o":{"x":0.333,"y":0},"t":92,"s":[{"i":[[14.344,-8.108],[-23.59,3.156],[7.542,13.669]],"o":[[-8.926,5.045],[23.553,-3.151],[-15.616,-28.304]],"v":[[23.986,18.252],[31.565,50.577],[74.453,10.966]],"c":true}]},{"i":{"x":0.114,"y":1},"o":{"x":0.551,"y":0},"t":117,"s":[{"i":[[14.344,-8.108],[-23.59,3.156],[7.542,13.669]],"o":[[-8.926,5.045],[23.553,-3.151],[-15.616,-28.304]],"v":[[23.986,18.252],[31.565,50.577],[74.453,10.966]],"c":true}]},{"t":126,"s":[{"i":[[5.779,-15.43],[-16.054,17.571],[14.56,5.633]],"o":[[-3.6,9.6],[16.028,-17.544],[-30.149,-11.663]],"v":[[-22.48,6.092],[4.092,26],[11.52,-31.908]],"c":true}]}],"ix":2},"nm":"Path 1","mn":"ADBE Vector Shape - Group","hd":false},{"ty":"fl","c":{"a":0,"k":[0.948999980852,0.791999966491,0.685999971278,1],"ix":4},"o":{"a":0,"k":100,"ix":5},"r":1,"bm":0,"nm":"Fill 1","mn":"ADBE Vector Graphic - Fill","hd":false},{"ty":"tr","p":{"a":0,"k":[585.48,521.908],"ix":2},"a":{"a":0,"k":[0,0],"ix":1},"s":{"a":0,"k":[100,100],"ix":3},"r":{"a":0,"k":0,"ix":6},"o":{"a":0,"k":100,"ix":7},"sk":{"a":0,"k":0,"ix":4},"sa":{"a":0,"k":0,"ix":5},"nm":"Transform"}],"nm":"Hand","np":2,"cix":2,"bm":0,"ix":8,"mn":"ADBE Vector Group","hd":false},{"ty":"gr","it":[{"ind":0,"ty":"sh","ix":1,"ks":{"a":1,"k":[{"i":{"x":0.175,"y":1},"o":{"x":0.333,"y":0},"t":0,"s":[{"i":[[-2.755,0.185],[0,0],[-0.185,-2.755],[0,0],[2.755,-0.185],[0,0],[0.185,2.754],[0,0]],"o":[[0,0],[2.755,-0.185],[0,0],[0,0],[0,0],[-2.755,0.184],[0,0],[-0.185,-2.756]],"v":[[-25.734,-47.381],[19.166,-50.395],[24.489,-45.742],[30.389,42.058],[25.735,47.382],[-19.165,50.396],[-24.488,45.743],[-30.388,-42.057]],"c":true}]},{"i":{"x":0.667,"y":1},"o":{"x":0.333,"y":0},"t":5,"s":[{"i":[[-2.722,0.464],[0,0],[-0.464,-2.722],[0,0],[2.722,-0.464],[0,0],[0.464,2.721],[0,0]],"o":[[0,0],[2.722,-0.464],[0,0],[0.464,2.722],[0,0],[-2.722,0.463],[0,0],[-0.464,-2.723]],"v":[[-44.899,-30.423],[-0.539,-37.988],[5.23,-33.901],[20.029,52.844],[15.941,58.613],[-28.42,66.178],[-34.188,62.091],[-48.987,-24.654]],"c":true}]},{"i":{"x":0.691,"y":1},"o":{"x":0.333,"y":0},"t":28,"s":[{"i":[[-2.722,0.464],[0,0],[-0.464,-2.722],[0,0],[2.722,-0.464],[0,0],[0.464,2.721],[0,0]],"o":[[0,0],[2.722,-0.464],[0,0],[0.464,2.722],[0,0],[-2.722,0.463],[0,0],[-0.464,-2.723]],"v":[[-44.899,-30.423],[-0.539,-37.988],[5.23,-33.901],[20.029,52.844],[15.941,58.613],[-28.42,66.178],[-34.188,62.091],[-48.987,-24.654]],"c":true}]},{"i":{"x":0.691,"y":1},"o":{"x":0.107,"y":0.008},"t":32,"s":[{"i":[[-2.559,1.038],[0,0],[-1.038,-2.559],[0,0],[2.559,-1.038],[0,0],[1.037,2.558],[0,0]],"o":[[0,0],[2.559,-1.038],[0,0],[1.038,2.559],[0,0],[-2.559,1.037],[0,0],[-1.038,-2.56]],"v":[[-63.817,-29.113],[-22.115,-46.025],[-15.603,-43.271],[17.473,38.274],[14.718,44.787],[-26.984,61.699],[-33.496,58.945],[-66.572,-22.6]],"c":true}]},{"i":{"x":0.691,"y":1},"o":{"x":0.107,"y":0.008},"t":45,"s":[{"i":[[-2.559,1.038],[0,0],[-1.038,-2.559],[0,0],[2.559,-1.038],[0,0],[1.037,2.558],[0,0]],"o":[[0,0],[2.559,-1.038],[0,0],[1.038,2.559],[0,0],[-2.559,1.037],[0,0],[-1.038,-2.56]],"v":[[-63.817,-29.113],[-22.115,-46.025],[-15.603,-43.271],[17.473,38.274],[14.718,44.787],[-26.984,61.699],[-33.496,58.945],[-66.572,-22.6]],"c":true}]},{"i":{"x":0.667,"y":1},"o":{"x":0.107,"y":0.008},"t":49,"s":[{"i":[[-2.559,1.038],[0,0],[-1.038,-2.559],[0,0],[2.559,-1.038],[0,0],[1.037,2.558],[0,0]],"o":[[0,0],[2.559,-1.038],[0,0],[1.038,2.559],[0,0],[-2.559,1.037],[0,0],[-1.038,-2.56]],"v":[[-63.817,-29.113],[-22.115,-46.025],[-15.603,-43.271],[17.473,38.274],[14.718,44.787],[-26.984,61.699],[-33.496,58.945],[-66.572,-22.6]],"c":true}]},{"i":{"x":0.667,"y":1},"o":{"x":0.333,"y":0},"t":56,"s":[{"i":[[-2.718,0.484],[0,0],[-0.484,-2.718],[0,0],[2.718,-0.484],[0,0],[0.484,2.717],[0,0]],"o":[[0,0],[2.718,-0.484],[0,0],[0.484,2.718],[0,0],[-2.719,0.483],[0,0],[-0.484,-2.719]],"v":[[-44.862,-30.216],[-0.558,-38.107],[5.24,-34.062],[20.676,52.572],[16.63,58.371],[-27.674,66.262],[-33.472,62.217],[-48.908,-24.417]],"c":true}]},{"i":{"x":0.18,"y":1},"o":{"x":0.366,"y":0},"t":80,"s":[{"i":[[-2.718,0.484],[0,0],[-0.484,-2.718],[0,0],[2.718,-0.484],[0,0],[0.484,2.717],[0,0]],"o":[[0,0],[2.718,-0.484],[0,0],[0.484,2.718],[0,0],[-2.719,0.483],[0,0],[-0.484,-2.719]],"v":[[-44.862,-30.216],[-0.558,-38.107],[5.24,-34.062],[20.676,52.572],[16.63,58.371],[-27.674,66.262],[-33.472,62.217],[-48.908,-24.417]],"c":true}]},{"i":{"x":0.667,"y":1},"o":{"x":0.333,"y":0},"t":92,"s":[{"i":[[-2.23,-1.628],[0,0],[1.628,-2.23],[0,0],[2.23,1.628],[0,0],[-1.627,2.23],[0,0]],"o":[[0,0],[2.23,1.628],[0,0],[-1.628,2.23],[0,0],[-2.23,-1.629],[0,0],[1.628,-2.231]],"v":[[69.731,-21.209],[106.08,5.321],[107.171,12.306],[55.297,83.389],[48.311,84.48],[11.962,57.95],[10.871,50.965],[62.745,-20.118]],"c":true}]},{"i":{"x":0.114,"y":1},"o":{"x":0.551,"y":0},"t":117,"s":[{"i":[[-2.23,-1.628],[0,0],[1.628,-2.23],[0,0],[2.23,1.628],[0,0],[-1.627,2.23],[0,0]],"o":[[0,0],[2.23,1.628],[0,0],[-1.628,2.23],[0,0],[-2.23,-1.629],[0,0],[1.628,-2.231]],"v":[[69.731,-21.209],[106.08,5.321],[107.171,12.306],[55.297,83.389],[48.311,84.48],[11.962,57.95],[10.871,50.965],[62.745,-20.118]],"c":true}]},{"t":126,"s":[{"i":[[-2.755,0.185],[0,0],[-0.185,-2.755],[0,0],[2.755,-0.185],[0,0],[0.185,2.754],[0,0]],"o":[[0,0],[2.755,-0.185],[0,0],[0.185,2.755],[0,0],[-2.755,0.184],[0,0],[-0.185,-2.756]],"v":[[-25.734,-47.381],[19.166,-50.395],[24.489,-45.742],[30.389,42.058],[25.735,47.382],[-19.165,50.396],[-24.488,45.743],[-30.388,-42.057]],"c":true}]}],"ix":2},"nm":"Path 1","mn":"ADBE Vector Shape - Group","hd":false},{"ty":"fl","c":{"a":0,"k":[0.426999978458,0.430999995213,0.442999985639,1],"ix":4},"o":{"a":0,"k":100,"ix":5},"r":1,"bm":0,"nm":"Fill 1","mn":"ADBE Vector Graphic - Fill","hd":false},{"ty":"tr","p":{"a":0,"k":[583.503,500.998],"ix":2},"a":{"a":0,"k":[0,0],"ix":1},"s":{"a":0,"k":[100,100],"ix":3},"r":{"a":0,"k":0,"ix":6},"o":{"a":0,"k":100,"ix":7},"sk":{"a":0,"k":0,"ix":4},"sa":{"a":0,"k":0,"ix":5},"nm":"Transform"}],"nm":"Phone","np":2,"cix":2,"bm":0,"ix":9,"mn":"ADBE Vector Group","hd":false},{"ty":"gr","it":[{"ind":0,"ty":"sh","ix":1,"ks":{"a":1,"k":[{"i":{"x":0.667,"y":1},"o":{"x":0.333,"y":0},"t":0,"s":[{"i":[[-15.015,0],[0,-15.015],[17.088,-0.19]],"o":[[15.015,0],[-14.238,-0.342],[0,-15.015]],"v":[[0,-27.187],[27.187,0],[-27.187,0]],"c":true}]},{"i":{"x":0.667,"y":1},"o":{"x":0.333,"y":0},"t":8,"s":[{"i":[[-15.015,0],[0,-15.015],[0,15.015]],"o":[[15.015,0],[0,15.015],[0,-15.015]],"v":[[-22.433,14.115],[4.753,41.301],[-49.62,41.301]],"c":true}]},{"i":{"x":0.667,"y":1},"o":{"x":0.333,"y":0},"t":28,"s":[{"i":[[-15.015,0],[0,-15.015],[0,15.015]],"o":[[15.015,0],[0,15.015],[0,-15.015]],"v":[[-22.433,14.115],[4.753,41.301],[-49.62,41.301]],"c":true}]},{"i":{"x":0.667,"y":1},"o":{"x":0.333,"y":0},"t":40,"s":[{"i":[[-15.015,0],[0,-15.015],[0,15.015]],"o":[[15.015,0],[0,15.015],[0,-15.015]],"v":[[24.459,-14.938],[51.646,12.248],[-2.727,12.248]],"c":true}]},{"i":{"x":0.667,"y":1},"o":{"x":0.333,"y":0},"t":50,"s":[{"i":[[-15.015,0],[0,-15.015],[0,15.015]],"o":[[15.015,0],[0,15.015],[0,-15.015]],"v":[[24.459,-14.938],[51.646,12.248],[-2.727,12.248]],"c":true}]},{"i":{"x":0.667,"y":1},"o":{"x":0.333,"y":0},"t":55,"s":[{"i":[[-15.015,0],[0,-15.015],[0,15.015]],"o":[[15.015,0],[0,15.015],[0,-15.015]],"v":[[-24.884,-0.734],[2.302,26.452],[-52.071,26.452]],"c":true}]},{"i":{"x":0.667,"y":1},"o":{"x":0.333,"y":0},"t":80,"s":[{"i":[[-15.015,0],[0,-15.015],[0,15.015]],"o":[[15.015,0],[0,15.015],[0,-15.015]],"v":[[-24.884,-0.734],[2.302,26.452],[-52.071,26.452]],"c":true}]},{"i":{"x":0.667,"y":1},"o":{"x":0.333,"y":0},"t":90,"s":[{"i":[[-15.015,0],[0,-15.015],[9.806,1.938]],"o":[[15.015,0],[-14.386,0.442],[0,-15.015]],"v":[[53.72,-44.693],[80.907,-17.506],[26.533,-17.506]],"c":true}]},{"i":{"x":0.667,"y":1},"o":{"x":0.333,"y":0},"t":117,"s":[{"i":[[-15.015,0],[0,-15.015],[9.806,1.938]],"o":[[15.015,0],[-14.386,0.443],[0,-15.015]],"v":[[53.72,-44.693],[80.906,-17.506],[26.533,-17.506]],"c":true}]},{"t":124,"s":[{"i":[[-15.015,0],[0,-15.015],[17.088,-0.19]],"o":[[15.015,0],[-14.238,-0.342],[0,-15.015]],"v":[[0,-27.187],[27.187,0],[-27.187,0]],"c":true}]}],"ix":2},"nm":"Path 1","mn":"ADBE Vector Shape - Group","hd":false},{"ty":"fl","c":{"a":0,"k":[0.015991210938,0.450988769531,0.917907714844,1],"ix":4},"o":{"a":0,"k":100,"ix":5},"r":1,"bm":0,"nm":"Fill 1","mn":"ADBE Vector Graphic - Fill","hd":false},{"ty":"tr","p":{"a":0,"k":[524.197,336.695],"ix":2},"a":{"a":0,"k":[0,0],"ix":1},"s":{"a":0,"k":[112.81,112.81],"ix":3},"r":{"a":0,"k":0,"ix":6},"o":{"a":0,"k":100,"ix":7},"sk":{"a":0,"k":0,"ix":4},"sa":{"a":0,"k":0,"ix":5},"nm":"Transform"}],"nm":"Hair","np":3,"cix":2,"bm":0,"ix":10,"mn":"ADBE Vector Group","hd":false},{"ty":"gr","it":[{"ind":0,"ty":"sh","ix":1,"ks":{"a":1,"k":[{"i":{"x":0.667,"y":1},"o":{"x":0.333,"y":0},"t":0,"s":[{"i":[[-15.015,0],[0,-15.015],[15.015,0],[0,15.015]],"o":[[15.015,0],[0,15.015],[-15.015,0],[0,-15.015]],"v":[[0,-27.187],[27.187,0],[0,27.187],[-27.187,0]],"c":true}]},{"i":{"x":0.667,"y":1},"o":{"x":0.333,"y":0},"t":8,"s":[{"i":[[-15.015,0],[0,-15.015],[15.015,0],[0,15.015]],"o":[[15.015,0],[0,15.015],[-15.015,0],[0,-15.015]],"v":[[-22.433,14.115],[4.753,41.301],[-22.433,68.488],[-49.62,41.301]],"c":true}]},{"i":{"x":0.667,"y":1},"o":{"x":0.333,"y":0},"t":28,"s":[{"i":[[-15.015,0],[0,-15.015],[15.015,0],[0,15.015]],"o":[[15.015,0],[0,15.015],[-15.015,0],[0,-15.015]],"v":[[-22.433,14.115],[4.753,41.301],[-22.433,68.488],[-49.62,41.301]],"c":true}]},{"i":{"x":0.667,"y":1},"o":{"x":0.333,"y":0},"t":40,"s":[{"i":[[-15.015,0],[0,-15.015],[15.015,0],[0,15.015]],"o":[[15.015,0],[0,15.015],[-15.015,0],[0,-15.015]],"v":[[24.459,-14.938],[51.646,12.248],[24.459,39.435],[-2.727,12.248]],"c":true}]},{"i":{"x":0.667,"y":1},"o":{"x":0.333,"y":0},"t":50,"s":[{"i":[[-15.015,0],[0,-15.015],[15.015,0],[0,15.015]],"o":[[15.015,0],[0,15.015],[-15.015,0],[0,-15.015]],"v":[[24.459,-14.938],[51.646,12.248],[24.459,39.435],[-2.727,12.248]],"c":true}]},{"i":{"x":0.667,"y":1},"o":{"x":0.333,"y":0},"t":55,"s":[{"i":[[-15.015,0],[0,-15.015],[15.015,0],[0,15.015]],"o":[[15.015,0],[0,15.015],[-15.015,0],[0,-15.015]],"v":[[-24.884,-0.734],[2.302,26.452],[-24.884,53.639],[-52.071,26.452]],"c":true}]},{"i":{"x":0.667,"y":1},"o":{"x":0.333,"y":0},"t":80,"s":[{"i":[[-15.015,0],[0,-15.015],[15.015,0],[0,15.015]],"o":[[15.015,0],[0,15.015],[-15.015,0],[0,-15.015]],"v":[[-24.884,-0.734],[2.302,26.452],[-24.884,53.639],[-52.071,26.452]],"c":true}]},{"i":{"x":0.667,"y":1},"o":{"x":0.333,"y":0},"t":90,"s":[{"i":[[-15.015,0],[0,-15.015],[15.015,0],[0,15.015]],"o":[[15.015,0],[0,15.015],[-15.015,0],[0,-15.015]],"v":[[53.72,-44.693],[80.907,-17.506],[53.72,9.681],[26.533,-17.506]],"c":true}]},{"i":{"x":0.667,"y":1},"o":{"x":0.333,"y":0},"t":117,"s":[{"i":[[-15.015,0],[0,-15.015],[15.015,0],[0,15.015]],"o":[[15.015,0],[0,15.015],[-15.015,0],[0,-15.015]],"v":[[53.72,-44.693],[80.907,-17.506],[53.72,9.681],[26.533,-17.506]],"c":true}]},{"t":124,"s":[{"i":[[-15.015,0],[0,-15.015],[15.015,0],[0,15.015]],"o":[[15.015,0],[0,15.015],[-15.015,0],[0,-15.015]],"v":[[0,-27.187],[27.187,0],[0,27.187],[-27.187,0]],"c":true}]}],"ix":2},"nm":"Path 1","mn":"ADBE Vector Shape - Group","hd":false},{"ty":"fl","c":{"a":0,"k":[0.948944091797,0.791961669922,0.685943603516,1],"ix":4},"o":{"a":0,"k":100,"ix":5},"r":1,"bm":0,"nm":"Fill 1","mn":"ADBE Vector Graphic - Fill","hd":false},{"ty":"tr","p":{"a":0,"k":[524.197,336.695],"ix":2},"a":{"a":0,"k":[0,0],"ix":1},"s":{"a":0,"k":[112.81,112.81],"ix":3},"r":{"a":0,"k":0,"ix":6},"o":{"a":0,"k":100,"ix":7},"sk":{"a":0,"k":0,"ix":4},"sa":{"a":0,"k":0,"ix":5},"nm":"Transform"}],"nm":"New Head","np":3,"cix":2,"bm":0,"ix":11,"mn":"ADBE Vector Group","hd":false},{"ty":"gr","it":[{"ind":0,"ty":"sh","ix":1,"ks":{"a":1,"k":[{"i":{"x":0.833,"y":1},"o":{"x":0.167,"y":0},"t":0,"s":[{"i":[[-29.162,-53.346],[-75.595,-48.846]],"o":[[-0.123,16.347],[45.138,9.085]],"v":[[622.758,473.947],[758.899,575.853]],"c":false}]},{"i":{"x":0.833,"y":1},"o":{"x":0.167,"y":0},"t":6,"s":[{"i":[[-29.162,-53.346],[-127.008,-47.12]],"o":[[11.344,22.887],[45.138,9.085]],"v":[[597.378,503.731],[761.578,579.605]],"c":false}]},{"i":{"x":0.833,"y":1},"o":{"x":0.167,"y":0},"t":13,"s":[{"i":[[-29.162,-53.346],[-118.316,-35.6]],"o":[[11.344,22.887],[45.138,9.085]],"v":[[597.378,503.731],[754.071,567.039]],"c":false}]},{"i":{"x":0.833,"y":1},"o":{"x":0.167,"y":0},"t":21,"s":[{"i":[[-29.162,-53.346],[-118.316,-35.6]],"o":[[11.344,22.887],[45.138,9.085]],"v":[[597.378,503.731],[754.071,567.039]],"c":false}]},{"i":{"x":0.833,"y":1},"o":{"x":0.167,"y":0},"t":24,"s":[{"i":[[-29.162,-53.346],[-121.846,-40.077]],"o":[[11.344,22.887],[45.138,9.085]],"v":[[597.378,503.731],[760.475,575.728]],"c":false}]},{"i":{"x":0.833,"y":1},"o":{"x":0.167,"y":0},"t":29,"s":[{"i":[[-29.162,-53.346],[-121.846,-40.077]],"o":[[11.344,22.887],[45.138,9.085]],"v":[[597.378,503.731],[760.475,575.728]],"c":false}]},{"i":{"x":0.833,"y":1},"o":{"x":0.167,"y":0},"t":35,"s":[{"i":[[-29.162,-53.346],[-122.869,-66.802]],"o":[[15.195,29.4],[45.138,9.085]],"v":[[619.845,481.158],[763.671,581.976]],"c":false}]},{"i":{"x":0.833,"y":1},"o":{"x":0.167,"y":0},"t":50,"s":[{"i":[[-29.162,-53.346],[-122.869,-66.802]],"o":[[15.195,29.4],[45.138,9.085]],"v":[[619.845,481.158],[763.671,581.976]],"c":false}]},{"i":{"x":0.833,"y":0.833},"o":{"x":0.167,"y":0},"t":51,"s":[{"i":[[-29.162,-53.346],[-123.816,-58.795]],"o":[[14.848,34.979],[45.138,9.085]],"v":[[618.268,481.284],[764.619,582.931]],"c":false}]},{"i":{"x":0.833,"y":0.833},"o":{"x":0.167,"y":0.167},"t":52,"s":[{"i":[[-29.162,-53.346],[-126.253,-56.344]],"o":[[4.71,27.131],[45.138,9.085]],"v":[[616.675,483.249],[764.962,583.421]],"c":false}]},{"i":{"x":0.833,"y":0.833},"o":{"x":0.167,"y":0.167},"t":53,"s":[{"i":[[-29.162,-53.346],[-130.34,-52.234]],"o":[[5.055,25.192],[45.138,9.085]],"v":[[614.719,491.535],[764.66,583.065]],"c":false}]},{"i":{"x":0.833,"y":0.833},"o":{"x":0.167,"y":0.167},"t":54,"s":[{"i":[[-29.162,-53.346],[-134.426,-48.123]],"o":[[5.399,23.254],[45.138,9.085]],"v":[[608.117,495.275],[765.83,584.257]],"c":false}]},{"i":{"x":0.833,"y":1},"o":{"x":0.167,"y":0.167},"t":56,"s":[{"i":[[-29.162,-53.346],[-141.789,-40.718]],"o":[[6.02,19.761],[45.138,9.085]],"v":[[592.787,501.299],[764.642,583.128]],"c":false}]},{"i":{"x":0.833,"y":1},"o":{"x":0.167,"y":0},"t":57,"s":[{"i":[[-29.162,-53.346],[-144.372,-38.12]],"o":[[6.238,18.536],[45.138,9.085]],"v":[[593.18,502.797],[764.194,582.568]],"c":false}]},{"i":{"x":0.833,"y":0.833},"o":{"x":0.167,"y":0},"t":80,"s":[{"i":[[-29.162,-53.346],[-144.372,-38.12]],"o":[[6.238,18.536],[45.138,9.085]],"v":[[593.18,502.797],[764.194,582.568]],"c":false}]},{"i":{"x":0.833,"y":1},"o":{"x":0.167,"y":0.167},"t":83,"s":[{"i":[[-29.162,-53.346],[-87.017,-34.902]],"o":[[3.96,15.197],[45.138,9.085]],"v":[[631.984,477.244],[736.353,534.736]],"c":false}]},{"i":{"x":0.833,"y":1},"o":{"x":0.167,"y":0},"t":84,"s":[{"i":[[-29.162,-53.346],[-72.035,-34.061]],"o":[[3.364,14.324],[45.138,9.085]],"v":[[639.516,469.277],[729.081,522.242]],"c":false}]},{"i":{"x":0.833,"y":1},"o":{"x":0.167,"y":0},"t":90,"s":[{"i":[[-29.162,-53.346],[-65.8,-33.449]],"o":[[6.21,17.19],[45.138,9.085]],"v":[[652.675,461.248],[738.453,517.449]],"c":false}]},{"i":{"x":0.833,"y":1},"o":{"x":0.167,"y":0},"t":117,"s":[{"i":[[-29.162,-53.346],[-65.8,-33.449]],"o":[[6.21,17.19],[45.138,9.085]],"v":[[652.675,461.248],[738.453,517.449]],"c":false}]},{"i":{"x":0.833,"y":1},"o":{"x":0.167,"y":0},"t":126,"s":[{"i":[[-29.162,-53.346],[-75.595,-48.846]],"o":[[-0.123,16.347],[45.138,9.085]],"v":[[622.758,473.947],[758.899,575.853]],"c":false}]},{"t":134,"s":[{"i":[[-29.162,-53.346],[-75.595,-48.846]],"o":[[-0.123,16.347],[45.138,9.085]],"v":[[622.758,473.947],[758.899,575.853]],"c":false}]}],"ix":2},"nm":"Path 1","mn":"ADBE Vector Shape - Group","hd":false},{"ty":"st","c":{"a":0,"k":[0.137237548828,0.521545410156,0,1],"ix":3},"o":{"a":0,"k":100,"ix":4},"w":{"a":0,"k":8,"ix":5},"lc":2,"lj":2,"bm":0,"nm":"Stroke 1","mn":"ADBE Vector Graphic - Stroke","hd":false},{"ty":"tr","p":{"a":0,"k":[0,0],"ix":2},"a":{"a":0,"k":[0,0],"ix":1},"s":{"a":0,"k":[100,100],"ix":3},"r":{"a":0,"k":0,"ix":6},"o":{"a":0,"k":100,"ix":7},"sk":{"a":0,"k":0,"ix":4},"sa":{"a":0,"k":0,"ix":5},"nm":"Transform"}],"nm":"Arm Line","np":3,"cix":2,"bm":0,"ix":14,"mn":"ADBE Vector Group","hd":false},{"ty":"gr","it":[{"ind":0,"ty":"sh","ix":1,"ks":{"a":1,"k":[{"i":{"x":0.667,"y":1},"o":{"x":0.333,"y":0},"t":0,"s":[{"i":[[0,0],[0,0]],"o":[[0,0],[0,0]],"v":[[781.295,554.396],[646.777,476.787]],"c":false}]},{"i":{"x":0.667,"y":1},"o":{"x":0.333,"y":0},"t":6,"s":[{"i":[[0,0],[0,0]],"o":[[0,0],[0,0]],"v":[[758.127,552.281],[619.553,489.43]],"c":false}]},{"i":{"x":0.667,"y":1},"o":{"x":0.333,"y":0},"t":13,"s":[{"i":[[0,0],[0,0]],"o":[[0,0],[0,0]],"v":[[768.014,541.022],[619.553,489.43]],"c":false}]},{"i":{"x":0.667,"y":1},"o":{"x":0.333,"y":0},"t":21,"s":[{"i":[[0,0],[0,0]],"o":[[0,0],[0,0]],"v":[[768.014,541.022],[619.553,489.43]],"c":false}]},{"i":{"x":0.667,"y":1},"o":{"x":0.333,"y":0},"t":24,"s":[{"i":[[0,0],[0,0]],"o":[[0,0],[0,0]],"v":[[770.333,549.204],[619.553,489.43]],"c":false}]},{"i":{"x":0.667,"y":1},"o":{"x":0.333,"y":0},"t":29,"s":[{"i":[[0,0],[0,0]],"o":[[0,0],[0,0]],"v":[[770.333,549.204],[619.553,489.43]],"c":false}]},{"i":{"x":0.667,"y":1},"o":{"x":0.333,"y":0},"t":35,"s":[{"i":[[0,0],[0,0]],"o":[[0,0],[0,0]],"v":[[772.034,555.612],[644.142,479.535]],"c":false}]},{"i":{"x":0.667,"y":1},"o":{"x":0.333,"y":0},"t":52,"s":[{"i":[[0,0],[0,0]],"o":[[0,0],[0,0]],"v":[[772.034,555.612],[644.142,479.535]],"c":false}]},{"i":{"x":0.667,"y":1},"o":{"x":0.333,"y":0},"t":57,"s":[{"i":[[0,0],[0,0]],"o":[[0,0],[0,0]],"v":[[754.362,558.767],[618.536,498.552]],"c":false}]},{"i":{"x":0.667,"y":1},"o":{"x":0.333,"y":0},"t":80,"s":[{"i":[[0,0],[0,0]],"o":[[0,0],[0,0]],"v":[[754.362,558.767],[618.536,498.552]],"c":false}]},{"i":{"x":0.667,"y":1},"o":{"x":0.333,"y":0},"t":84,"s":[{"i":[[0,0],[0,0]],"o":[[0,0],[0,0]],"v":[[800.901,523.804],[666.399,460.31]],"c":false}]},{"i":{"x":0.667,"y":1},"o":{"x":0.333,"y":0},"t":90,"s":[{"i":[[0,0],[0,0]],"o":[[0,0],[0,0]],"v":[[815.337,525.823],[679.425,452.608]],"c":false}]},{"i":{"x":0.667,"y":1},"o":{"x":0.333,"y":0},"t":117,"s":[{"i":[[0,0],[0,0]],"o":[[0,0],[0,0]],"v":[[815.337,525.823],[679.425,452.608]],"c":false}]},{"i":{"x":0.667,"y":1},"o":{"x":0.333,"y":0},"t":124,"s":[{"i":[[0,0],[0,0]],"o":[[0,0],[0,0]],"v":[[780.388,550.979],[649.595,478.307]],"c":false}]},{"t":127,"s":[{"i":[[0,0],[0,0]],"o":[[0,0],[0,0]],"v":[[781.295,554.396],[646.777,476.787]],"c":false}]}],"ix":2},"nm":"Path 1","mn":"ADBE Vector Shape - Group","hd":false},{"ty":"st","c":{"a":0,"k":[0.219604492188,0.823486328125,0,1],"ix":3},"o":{"a":0,"k":100,"ix":4},"w":{"a":0,"k":50,"ix":5},"lc":2,"lj":2,"bm":0,"nm":"Stroke 1","mn":"ADBE Vector Graphic - Stroke","hd":false},{"ty":"tr","p":{"a":0,"k":[0,0],"ix":2},"a":{"a":0,"k":[0,0],"ix":1},"s":{"a":0,"k":[100,100],"ix":3},"r":{"a":0,"k":0,"ix":6},"o":{"a":0,"k":100,"ix":7},"sk":{"a":0,"k":0,"ix":4},"sa":{"a":0,"k":0,"ix":5},"nm":"Transform"}],"nm":"New Right Arm 2","np":3,"cix":2,"bm":0,"ix":15,"mn":"ADBE Vector Group","hd":false},{"ty":"gr","it":[{"ind":0,"ty":"sh","ix":1,"ks":{"a":1,"k":[{"i":{"x":0.667,"y":1},"o":{"x":0.333,"y":0},"t":0,"s":[{"i":[[0.042,-2.838],[5.163,16.614],[-9.029,31.371],[0.046,-19.492]],"o":[[-0.838,12.317],[-12.555,-24.825],[9.029,-31.371],[-0.046,19.492]],"v":[[26.324,-169.423],[-0.762,-158.561],[-3.071,-231.966],[30.441,-230.979]],"c":true}]},{"i":{"x":0.667,"y":1},"o":{"x":0.333,"y":0},"t":1,"s":[{"i":[[-1.784,-1.873],[14.147,7.625],[13.369,25.779],[-12.418,-12.714]],"o":[[7.292,8.533],[-19.65,-5.936],[-13.852,-25.99],[12.418,12.714]],"v":[[10.704,-182.215],[-3.616,-154.559],[-49.373,-204.768],[-25.79,-224.815]],"c":true}]},{"i":{"x":0.289,"y":1},"o":{"x":0.333,"y":0},"t":2,"s":[{"i":[[-2.732,-0.768],[17.382,-0.73],[28.007,16.771],[-18.829,-5.043]],"o":[[11.691,3.969],[-27.214,5.77],[-28.007,-16.771],[18.829,5.043]],"v":[[-0.837,-176.502],[2.717,-147.536],[-68.826,-164.127],[-59.278,-196.265]],"c":true}]},{"i":{"x":0.583,"y":1},"o":{"x":0.391,"y":0},"t":6,"s":[{"i":[[-2.774,-0.597],[17.303,-1.809],[28.995,14.998],[-19.106,-3.863]],"o":[[11.915,3.234],[-26.803,7.45],[-28.995,-14.998],[19.106,3.863]],"v":[[-6.897,-170.441],[-1.551,-141.752],[-79.954,-146.171],[-72.422,-178.841]],"c":true}]},{"i":{"x":0.667,"y":1},"o":{"x":0.333,"y":0},"t":9,"s":[{"i":[[-1.7,-2.273],[14.234,10.004],[12.008,30.356],[-11.867,-15.464]],"o":[[6.858,10.266],[-25.102,-11.991],[-12.008,-30.356],[11.867,15.464]],"v":[[-6.843,-152.578],[-21.659,-127.435],[-68.313,-184.153],[-41.173,-203.836]],"c":true}]},{"i":{"x":0.667,"y":1},"o":{"x":0.333,"y":0},"t":14,"s":[{"i":[[-2.821,-0.305],[17.021,-3.601],[27.589,17.45],[-18.7,-5.501]],"o":[[12.187,1.976],[-25.881,10.201],[-27.589,-17.45],[18.7,5.501]],"v":[[-9.521,-169.439],[-1.216,-141.463],[-77.254,-148.263],[-66.925,-180.158]],"c":true}]},{"i":{"x":0.833,"y":0.833},"o":{"x":0.333,"y":0},"t":16,"s":[{"i":[[-2.821,-0.305],[17.021,-3.601],[27.589,17.45],[-18.7,-5.501]],"o":[[12.187,1.976],[-25.881,10.201],[-27.589,-17.45],[18.7,5.501]],"v":[[-9.521,-169.439],[-1.216,-141.463],[-77.254,-148.263],[-66.925,-180.158]],"c":true}]},{"i":{"x":0.667,"y":1},"o":{"x":0.167,"y":0.167},"t":20,"s":[{"i":[[-2.491,-1.31],[17.014,2.885],[23.411,22.637],[-17.151,-9.164]],"o":[[10.521,6.267],[-27.594,-0.028],[-23.411,-22.637],[17.151,9.164]],"v":[[-5.669,-162.113],[-9.102,-131.542],[-70.09,-168.161],[-53.536,-197.222]],"c":true}]},{"i":{"x":0.667,"y":1},"o":{"x":0.333,"y":0},"t":21,"s":[{"i":[[-2.453,-1.427],[17.013,3.638],[22.926,23.239],[-16.971,-9.589]],"o":[[10.328,6.765],[-27.792,-1.215],[-22.926,-23.239],[16.971,9.589]],"v":[[-0.335,-165.459],[-4.134,-136.525],[-69.259,-170.47],[-51.982,-199.202]],"c":true}]},{"i":{"x":0.667,"y":1},"o":{"x":0.333,"y":0},"t":22,"s":[{"i":[[-2.584,-1.089],[17.132,1.424],[25.394,19.89],[-17.839,-7.262]],"o":[[10.973,5.33],[-27.391,2.307],[-25.394,-19.89],[17.839,7.262]],"v":[[-2.172,-169.935],[-2.253,-141.1],[-70.351,-166.172],[-57.035,-196.504]],"c":true}]},{"i":{"x":0.833,"y":0.833},"o":{"x":0.333,"y":0},"t":23,"s":[{"i":[[-2.771,-0.613],[17.314,-1.707],[28.906,15.168],[-19.083,-3.975]],"o":[[11.895,3.304],[-26.846,7.293],[-28.906,-15.168],[19.083,3.975]],"v":[[-7.239,-163.97],[-2.061,-135.25],[-74.424,-147.788],[-66.7,-180.412]],"c":true}]},{"i":{"x":0.833,"y":0.833},"o":{"x":0.167,"y":0.167},"t":26,"s":[{"i":[[-2.771,-0.613],[17.314,-1.707],[28.906,15.168],[-19.083,-3.975]],"o":[[11.895,3.304],[-26.846,7.293],[-28.906,-15.168],[19.083,3.975]],"v":[[-12.636,-160.049],[-6.928,-132.641],[-74.424,-147.788],[-66.7,-180.412]],"c":true}]},{"i":{"x":0.833,"y":0.833},"o":{"x":0.167,"y":0.167},"t":30,"s":[{"i":[[-2.771,-0.613],[17.314,-1.707],[28.906,15.168],[-19.083,-3.975]],"o":[[11.895,3.304],[-26.846,7.293],[-28.906,-15.168],[19.083,3.975]],"v":[[-12.636,-160.049],[-6.928,-132.641],[-74.424,-147.788],[-66.7,-180.412]],"c":true}]},{"i":{"x":0.667,"y":1},"o":{"x":0.167,"y":0.167},"t":32,"s":[{"i":[[-1.275,-1.76],[15.343,2.102],[8.926,27.186],[-8.906,-11.978]],"o":[[5.132,7.94],[-25.651,-9.489],[-11.505,-26.065],[12.572,13.007]],"v":[[9.09,-166.222],[-4.867,-142.497],[-59.142,-197.426],[-33.795,-213.479]],"c":true}]},{"i":{"x":0.667,"y":1},"o":{"x":0.333,"y":0},"t":35,"s":[{"i":[[0.128,-2.835],[13.495,5.673],[-9.974,31.083],[0.636,-19.482]],"o":[[-1.211,12.286],[-14.7,-23.64],[9.974,-31.083],[-0.636,19.482]],"v":[[18.247,-166.197],[-2.934,-151.739],[-9.24,-229.601],[24.226,-227.599]],"c":true}]},{"i":{"x":0.667,"y":1},"o":{"x":0.333,"y":0},"t":40,"s":[{"i":[[0.128,-2.835],[13.495,5.673],[-9.974,31.083],[0.636,-19.482]],"o":[[-1.211,12.286],[-14.7,-23.64],[9.974,-31.083],[-0.636,19.482]],"v":[[22.585,-167.495],[1.404,-153.038],[-4.903,-230.899],[28.564,-228.897]],"c":true}]},{"i":{"x":0.667,"y":1},"o":{"x":0.333,"y":0},"t":50,"s":[{"i":[[0.128,-2.835],[13.495,5.673],[-9.974,31.083],[0.636,-19.482]],"o":[[-1.211,12.286],[-14.7,-23.64],[9.974,-31.083],[-0.636,19.482]],"v":[[22.585,-167.495],[1.404,-153.038],[-4.903,-230.899],[28.564,-228.897]],"c":true}]},{"i":{"x":0.667,"y":1},"o":{"x":0.333,"y":0},"t":51,"s":[{"i":[[-1.94,-2.072],[13.486,-5.695],[15.278,28.848],[-13.498,-14.063]],"o":[[7.947,9.448],[-27.186,-5.991],[-15.278,-28.848],[13.498,14.063]],"v":[[20.803,-179.125],[16.356,-153.869],[-43.771,-203.737],[-18.964,-226.29]],"c":true}]},{"i":{"x":0.297,"y":1},"o":{"x":0.12,"y":0},"t":52,"s":[{"i":[[-2.553,-1.238],[10.547,-10.152],[24.607,21.451],[-17.643,-8.287]],"o":[[10.806,5.97],[-27.526,4.155],[-24.607,-21.451],[17.643,8.287]],"v":[[3.435,-175.758],[8.339,-150.587],[-65.671,-175.579],[-50.601,-205.527]],"c":true}]},{"i":{"x":0.667,"y":1},"o":{"x":0.333,"y":0},"t":56,"s":[{"i":[[-2.751,-0.697],[8.279,-12.073],[28.432,16.04],[-18.953,-4.553]],"o":[[11.789,3.665],[-26.12,9.629],[-28.432,-16.04],[18.953,4.553]],"v":[[-12.152,-162.682],[-2.265,-139.02],[-79.798,-148.55],[-71.086,-180.925]],"c":true}]},{"i":{"x":0.667,"y":1},"o":{"x":0.333,"y":0},"t":59,"s":[{"i":[[-1.735,-2.245],[13.963,-4.397],[12.487,30.162],[-12.111,-15.274]],"o":[[7.02,10.156],[-26.499,-8.531],[-12.487,-30.162],[12.111,15.274]],"v":[[-5.721,-153.223],[-12.533,-128.5],[-67.684,-183.822],[-40.859,-203.932]],"c":true}]},{"i":{"x":0.667,"y":1},"o":{"x":0.333,"y":0},"t":64,"s":[{"i":[[-2.734,-0.762],[8.561,-11.875],[28.047,16.704],[-18.841,-4.998]],"o":[[11.7,3.941],[-26.339,9.012],[-28.047,-16.704],[18.841,4.998]],"v":[[-8.333,-159.813],[0.995,-135.925],[-76.292,-147.276],[-66.821,-179.437]],"c":true}]},{"i":{"x":0.814,"y":1},"o":{"x":0.454,"y":0},"t":66,"s":[{"i":[[-2.734,-0.762],[8.561,-11.875],[28.047,16.704],[-18.841,-4.998]],"o":[[11.7,3.941],[-26.339,9.012],[-28.047,-16.704],[18.841,4.998]],"v":[[-8.333,-159.813],[0.995,-135.925],[-76.292,-147.276],[-66.821,-179.437]],"c":true}]},{"i":{"x":1,"y":1},"o":{"x":0.801,"y":0},"t":71,"s":[{"i":[[-2.433,-1.46],[11.407,-9.175],[22.604,23.552],[-16.837,-9.822]],"o":[[10.233,6.906],[-27.786,1.694],[-22.604,-23.552],[16.837,9.822]],"v":[[-0.036,-165.882],[2.613,-140.374],[-68.885,-171.841],[-51.214,-200.332]],"c":true}]},{"i":{"x":0.667,"y":1},"o":{"x":0.333,"y":0},"t":73,"s":[{"i":[[-2.741,-0.735],[8.444,-11.958],[28.209,16.429],[-18.889,-4.814]],"o":[[11.738,3.826],[-26.25,9.269],[-28.209,-16.429],[18.889,4.814]],"v":[[-5.343,-160.656],[4.218,-136.86],[-73.177,-147.455],[-64.021,-179.707]],"c":true}]},{"i":{"x":0.445,"y":1},"o":{"x":0.052,"y":0},"t":80,"s":[{"i":[[-2.741,-0.734],[8.438,-11.962],[28.217,16.416],[-18.891,-4.804]],"o":[[11.74,3.82],[-26.245,9.282],[-28.217,-16.416],[18.891,4.804]],"v":[[-9.557,-159.801],[0.015,-136.01],[-77.384,-146.567],[-68.244,-178.823]],"c":true}]},{"i":{"x":0.667,"y":1},"o":{"x":0.333,"y":0},"t":86,"s":[{"i":[[-2.788,-0.527],[7.523,-12.558],[29.362,14.267],[-19.197,-3.383]],"o":[[11.992,2.935],[-25.48,11.212],[-29.362,-14.267],[19.197,3.383]],"v":[[36.816,-200.371],[48.135,-177.36],[-29.836,-182.119],[-23.125,-214.967]],"c":true}]},{"i":{"x":0.667,"y":1},"o":{"x":0.333,"y":0},"t":90,"s":[{"i":[[-2.788,-0.527],[7.523,-12.558],[29.362,14.267],[-19.197,-3.383]],"o":[[11.992,2.935],[-25.48,11.212],[-29.362,-14.267],[19.197,3.383]],"v":[[46.677,-204.014],[59.294,-176.665],[-19.975,-185.762],[-13.265,-218.609]],"c":true}]},{"i":{"x":0.833,"y":0.833},"o":{"x":0.21,"y":0},"t":119,"s":[{"i":[[-2.788,-0.527],[7.523,-12.558],[29.362,14.267],[-19.197,-3.383]],"o":[[11.992,2.935],[-25.48,11.212],[-29.362,-14.267],[19.197,3.383]],"v":[[46.677,-204.014],[59.294,-176.665],[-19.975,-185.762],[-13.265,-218.609]],"c":true}]},{"i":{"x":0.833,"y":0.833},"o":{"x":0.167,"y":0.167},"t":121,"s":[{"i":[[-2.009,-1.164],[6.873,-4.52],[8.382,23.691],[-9.118,-11.4]],"o":[[8.457,5.52],[-21.919,1.283],[-9.448,-22.548],[9.016,8.939]],"v":[[42.567,-200.551],[39.399,-166.313],[-22.424,-221.399],[3.279,-238.576]],"c":true}]},{"i":{"x":0.667,"y":1},"o":{"x":0.167,"y":0.167},"t":123,"s":[{"i":[[-0.929,-2.045],[5.972,6.609],[-5.622,28.866],[-1.915,-15.309]],"o":[[3.562,9.099],[-16.988,-12.465],[3.948,-25.535],[1.915,15.309]],"v":[[33.304,-181.287],[16.739,-161.827],[-5.525,-238.231],[23.968,-239.947]],"c":true}]},{"t":126,"s":[{"i":[[0.042,-2.838],[5.163,16.614],[-9.029,31.371],[0.046,-19.492]],"o":[[-0.838,12.317],[-12.555,-24.825],[9.029,-31.371],[-0.046,19.492]],"v":[[26.324,-169.423],[-0.762,-158.561],[-3.071,-231.966],[30.441,-230.979]],"c":true}]}],"ix":2},"nm":"Path 1","mn":"ADBE Vector Shape - Group","hd":false},{"ty":"fl","c":{"a":0,"k":[0.948999980852,0.791999966491,0.685999971278,1],"ix":4},"o":{"a":0,"k":100,"ix":5},"r":1,"bm":0,"nm":"Fill 1","mn":"ADBE Vector Graphic - Fill","hd":false},{"ty":"tr","p":{"a":0,"k":[625.2,637.85],"ix":2},"a":{"a":0,"k":[0,0],"ix":1},"s":{"a":0,"k":[100,100],"ix":3},"r":{"a":0,"k":0,"ix":6},"o":{"a":0,"k":100,"ix":7},"sk":{"a":0,"k":0,"ix":4},"sa":{"a":0,"k":0,"ix":5},"nm":"Transform"}],"nm":"hand","np":2,"cix":2,"bm":0,"ix":16,"mn":"ADBE Vector Group","hd":false},{"ty":"gr","it":[{"ind":0,"ty":"sh","ix":1,"ks":{"a":1,"k":[{"i":{"x":0.667,"y":1},"o":{"x":0.333,"y":0},"t":0,"s":[{"i":[[0,0],[0,0],[0,0]],"o":[[0,0],[0,0],[0,0]],"v":[[630.151,405.627],[781.295,554.396],[646.777,476.787]],"c":false}]},{"i":{"x":0.667,"y":1},"o":{"x":0.333,"y":0},"t":6,"s":[{"i":[[0,0],[0,0],[0,0]],"o":[[0,0],[0,0],[0,0]],"v":[[616.469,413.064],[758.127,552.281],[619.553,489.43]],"c":false}]},{"i":{"x":0.667,"y":1},"o":{"x":0.333,"y":0},"t":13,"s":[{"i":[[0,0],[0,0],[0,0]],"o":[[0,0],[0,0],[0,0]],"v":[[617.32,413.789],[768.014,541.022],[619.553,489.43]],"c":false}]},{"i":{"x":0.667,"y":1},"o":{"x":0.333,"y":0},"t":21,"s":[{"i":[[0,0],[0,0],[0,0]],"o":[[0,0],[0,0],[0,0]],"v":[[617.32,413.789],[768.014,541.022],[619.553,489.43]],"c":false}]},{"i":{"x":0.667,"y":1},"o":{"x":0.333,"y":0},"t":24,"s":[{"i":[[0,0],[0,0],[0,0]],"o":[[0,0],[0,0],[0,0]],"v":[[618.436,413.859],[770.333,549.204],[619.553,489.43]],"c":false}]},{"i":{"x":0.667,"y":1},"o":{"x":0.333,"y":0},"t":29,"s":[{"i":[[0,0],[0,0],[0,0]],"o":[[0,0],[0,0],[0,0]],"v":[[618.436,413.859],[770.333,549.204],[619.553,489.43]],"c":false}]},{"i":{"x":0.667,"y":1},"o":{"x":0.333,"y":0},"t":35,"s":[{"i":[[0,0],[0,0],[0,0]],"o":[[0,0],[0,0],[0,0]],"v":[[637.949,409.921],[772.034,555.612],[644.142,479.535]],"c":false}]},{"i":{"x":0.667,"y":1},"o":{"x":0.333,"y":0},"t":52,"s":[{"i":[[0,0],[0,0],[0,0]],"o":[[0,0],[0,0],[0,0]],"v":[[637.949,409.921],[772.034,555.612],[644.142,479.535]],"c":false}]},{"i":{"x":0.667,"y":1},"o":{"x":0.333,"y":0},"t":57,"s":[{"i":[[0,0],[0,0],[0,0]],"o":[[0,0],[0,0],[0,0]],"v":[[613.721,410.428],[754.362,558.767],[618.536,498.552]],"c":false}]},{"i":{"x":0.667,"y":1},"o":{"x":0.333,"y":0},"t":80,"s":[{"i":[[0,0],[0,0],[0,0]],"o":[[0,0],[0,0],[0,0]],"v":[[613.721,410.428],[754.362,558.767],[618.536,498.552]],"c":false}]},{"i":{"x":0.833,"y":0.833},"o":{"x":0.213,"y":0},"t":84,"s":[{"i":[[0,0],[0,0],[0,0]],"o":[[0,0],[0,0],[0,0]],"v":[[635.062,409.517],[800.901,523.804],[666.399,460.31]],"c":false}]},{"i":{"x":0.684,"y":1},"o":{"x":0.167,"y":0.167},"t":88,"s":[{"i":[[0,0],[0,0],[0,0]],"o":[[0,0],[0,0],[0,0]],"v":[[646.741,399.591],[811.595,525.3],[676.048,454.605]],"c":false}]},{"i":{"x":0.667,"y":1},"o":{"x":0.333,"y":0},"t":90,"s":[{"i":[[0,0],[0,0],[0,0]],"o":[[0,0],[0,0],[0,0]],"v":[[653.833,392.315],[815.337,525.823],[679.425,452.608]],"c":false}]},{"i":{"x":0.667,"y":1},"o":{"x":0.333,"y":0},"t":117,"s":[{"i":[[0,0],[0,0],[0,0]],"o":[[0,0],[0,0],[0,0]],"v":[[653.833,392.315],[815.337,525.823],[679.425,452.608]],"c":false}]},{"i":{"x":0.667,"y":1},"o":{"x":0.333,"y":0},"t":124,"s":[{"i":[[0,0],[0,0],[0,0]],"o":[[0,0],[0,0],[0,0]],"v":[[635.088,401.901],[780.388,550.979],[649.595,478.307]],"c":false}]},{"t":127,"s":[{"i":[[0,0],[0,0],[0,0]],"o":[[0,0],[0,0],[0,0]],"v":[[630.151,405.627],[781.295,554.396],[646.777,476.787]],"c":false}]}],"ix":2},"nm":"Path 1","mn":"ADBE Vector Shape - Group","hd":false},{"ty":"st","c":{"a":0,"k":[0.219604492188,0.823486328125,0,1],"ix":3},"o":{"a":0,"k":100,"ix":4},"w":{"a":0,"k":50,"ix":5},"lc":2,"lj":2,"bm":0,"nm":"Stroke 1","mn":"ADBE Vector Graphic - Stroke","hd":false},{"ty":"tr","p":{"a":0,"k":[0,0],"ix":2},"a":{"a":0,"k":[0,0],"ix":1},"s":{"a":0,"k":[100,100],"ix":3},"r":{"a":0,"k":0,"ix":6},"o":{"a":0,"k":100,"ix":7},"sk":{"a":0,"k":0,"ix":4},"sa":{"a":0,"k":0,"ix":5},"nm":"Transform"}],"nm":"New Right Arm ","np":3,"cix":2,"bm":0,"ix":17,"mn":"ADBE Vector Group","hd":false},{"ty":"gr","it":[{"ind":0,"ty":"sh","ix":1,"ks":{"a":1,"k":[{"i":{"x":0.667,"y":1},"o":{"x":0.333,"y":0},"t":0,"s":[{"i":[[0,0],[0,0],[0,0]],"o":[[0,0],[0,0],[0,0]],"v":[[542.151,469.596],[536.265,614.409],[577.399,547.518]],"c":false}]},{"i":{"x":0.667,"y":1},"o":{"x":0.333,"y":0},"t":5,"s":[{"i":[[0,0],[0,0],[0,0]],"o":[[0,0],[0,0],[0,0]],"v":[[530.158,482.292],[551.44,611.769],[566.383,562.514]],"c":false}]},{"i":{"x":0.667,"y":1},"o":{"x":0.333,"y":0},"t":28,"s":[{"i":[[0,0],[0,0],[0,0]],"o":[[0,0],[0,0],[0,0]],"v":[[530.158,482.292],[551.44,611.769],[566.383,562.514]],"c":false}]},{"i":{"x":0.667,"y":1},"o":{"x":0.333,"y":0},"t":35,"s":[{"i":[[0,0],[0,0],[0,0]],"o":[[0,0],[0,0],[0,0]],"v":[[541.118,464.603],[554.55,605.018],[562.81,551.538]],"c":false}]},{"i":{"x":0.667,"y":1},"o":{"x":0.333,"y":0},"t":45,"s":[{"i":[[0,0],[0,0],[0,0]],"o":[[0,0],[0,0],[0,0]],"v":[[541.118,464.603],[551.814,598.574],[563.492,544.187]],"c":false}]},{"i":{"x":0.667,"y":1},"o":{"x":0.333,"y":0},"t":49,"s":[{"i":[[0,0],[0,0],[0,0]],"o":[[0,0],[0,0],[0,0]],"v":[[541.118,464.603],[552.827,607.039],[564.436,556.008]],"c":false}]},{"i":{"x":0.667,"y":1},"o":{"x":0.333,"y":0},"t":58,"s":[{"i":[[0,0],[0,0],[0,0]],"o":[[0,0],[0,0],[0,0]],"v":[[532.264,480.854],[533.851,610.001],[557.165,570.229]],"c":false}]},{"i":{"x":0.833,"y":0.833},"o":{"x":0.333,"y":0},"t":80,"s":[{"i":[[0,0],[0,0],[0,0]],"o":[[0,0],[0,0],[0,0]],"v":[[532.264,480.854],[533.851,610.001],[557.165,570.229]],"c":false}]},{"i":{"x":0.667,"y":1},"o":{"x":0.167,"y":0.167},"t":86,"s":[{"i":[[0,0],[0,0],[0,0]],"o":[[0,0],[0,0],[0,0]],"v":[[546.576,461.513],[537.112,594.425],[592.924,567.096]],"c":false}]},{"i":{"x":0.667,"y":1},"o":{"x":0.333,"y":0},"t":91,"s":[{"i":[[0,0],[0,0],[0,0]],"o":[[0,0],[0,0],[0,0]],"v":[[557.462,446.802],[539.593,582.578],[602.539,568.351]],"c":false}]},{"i":{"x":0.667,"y":1},"o":{"x":0.333,"y":0},"t":117,"s":[{"i":[[0,0],[0,0],[0,0]],"o":[[0,0],[0,0],[0,0]],"v":[[557.462,446.802],[539.593,582.578],[602.539,568.351]],"c":false}]},{"t":126,"s":[{"i":[[0,0],[0,0],[0,0]],"o":[[0,0],[0,0],[0,0]],"v":[[542.151,469.596],[536.265,614.409],[577.399,547.518]],"c":false}]}],"ix":2},"nm":"Path 1","mn":"ADBE Vector Shape - Group","hd":false},{"ty":"st","c":{"a":0,"k":[0.219604492188,0.823516845703,0,1],"ix":3},"o":{"a":0,"k":100,"ix":4},"w":{"a":0,"k":50,"ix":5},"lc":2,"lj":2,"bm":0,"nm":"Stroke 1","mn":"ADBE Vector Graphic - Stroke","hd":false},{"ty":"tr","p":{"a":0,"k":[0,0],"ix":2},"a":{"a":0,"k":[0,0],"ix":1},"s":{"a":0,"k":[100,100],"ix":3},"r":{"a":0,"k":0,"ix":6},"o":{"a":0,"k":100,"ix":7},"sk":{"a":0,"k":0,"ix":4},"sa":{"a":0,"k":0,"ix":5},"nm":"Transform"}],"nm":"New Left Arm ","np":3,"cix":2,"bm":0,"ix":18,"mn":"ADBE Vector Group","hd":false},{"ty":"gr","it":[{"ind":0,"ty":"sh","ix":1,"ks":{"a":1,"k":[{"i":{"x":0.667,"y":1},"o":{"x":0.167,"y":0},"t":0,"s":[{"i":[[0,0],[27.773,44.132],[-26.866,-28.18],[-95.536,-139.705],[83.378,93.167]],"o":[[0,0],[-30.366,-40.369],[29.511,34.255],[7.3,10.863],[0,0]],"v":[[-28.188,61.88],[-100.178,-75.934],[19.02,-180.4],[163.855,42.737],[-18.25,70.26]],"c":false}]},{"i":{"x":0.833,"y":1},"o":{"x":0.333,"y":0},"t":5,"s":[{"i":[[0,0],[27.773,44.132],[-26.866,-28.18],[-95.536,-139.705],[83.378,93.167]],"o":[[0,0],[-30.366,-40.369],[29.511,34.255],[7.3,10.863],[0,0]],"v":[[-28.188,61.88],[-111.893,-67.702],[7.305,-172.168],[163.855,42.737],[-18.25,70.26]],"c":false}]},{"i":{"x":0.833,"y":1},"o":{"x":0.167,"y":0},"t":29,"s":[{"i":[[0,0],[27.773,44.132],[-26.866,-28.18],[-95.536,-139.705],[83.378,93.167]],"o":[[0,0],[-30.366,-40.369],[29.511,34.255],[7.3,10.863],[0,0]],"v":[[-28.188,61.88],[-111.893,-67.702],[7.305,-172.168],[163.855,42.737],[-18.25,70.26]],"c":false}]},{"i":{"x":0.833,"y":1},"o":{"x":0.167,"y":0},"t":35,"s":[{"i":[[0,0],[20.806,47.813],[-22.313,-31.907],[-95.536,-139.705],[83.378,93.167]],"o":[[0,0],[-23.936,-44.483],[24.013,38.31],[7.3,10.863],[0,0]],"v":[[-28.188,61.88],[-102.615,-88.494],[30.963,-173.807],[163.855,42.737],[-18.25,70.26]],"c":false}]},{"i":{"x":0.833,"y":1},"o":{"x":0.167,"y":0},"t":52,"s":[{"i":[[0,0],[20.806,47.813],[-22.313,-31.907],[-95.536,-139.705],[83.378,93.167]],"o":[[0,0],[-23.936,-44.483],[24.013,38.31],[7.3,10.863],[0,0]],"v":[[-28.188,61.88],[-102.615,-88.494],[30.963,-173.807],[163.855,42.737],[-18.25,70.26]],"c":false}]},{"i":{"x":0.833,"y":1},"o":{"x":0.167,"y":0},"t":57,"s":[{"i":[[0,0],[28.585,43.61],[-27.383,-27.678],[-95.536,-139.705],[83.378,93.167]],"o":[[0,0],[-31.108,-39.8],[30.14,33.703],[7.3,10.863],[0,0]],"v":[[-28.188,61.88],[-109.486,-66.457],[7.758,-173.112],[163.855,42.737],[-18.25,70.26]],"c":false}]},{"i":{"x":0.833,"y":0.833},"o":{"x":0.067,"y":0},"t":80,"s":[{"i":[[0,0],[28.585,43.61],[-27.383,-27.678],[-95.536,-139.705],[83.378,93.167]],"o":[[0,0],[-31.108,-39.8],[30.14,33.703],[7.3,10.863],[0,0]],"v":[[-28.188,61.88],[-109.486,-66.457],[7.758,-173.112],[163.855,42.737],[-18.25,70.26]],"c":false}]},{"i":{"x":0.833,"y":0.833},"o":{"x":0.167,"y":0.167},"t":83,"s":[{"i":[[0,0],[25.363,45.214],[-27.916,-37.975],[-88.947,-143.612],[83.378,93.167]],"o":[[0,0],[-26.712,-42.638],[27.584,35.494],[7.3,10.863],[0,0]],"v":[[-28.188,61.88],[-105.211,-75.471],[22.586,-172.283],[163.855,42.738],[-18.25,70.26]],"c":false}]},{"i":{"x":0.92,"y":1},"o":{"x":0.167,"y":0.167},"t":86,"s":[{"i":[[0,0],[21.821,46.976],[-28.501,-49.291],[-81.704,-147.907],[83.378,93.167]],"o":[[0,0],[-21.881,-45.758],[24.775,37.462],[7.3,10.863],[0,0]],"v":[[-28.188,61.88],[-95.801,-93.078],[38.883,-171.372],[163.855,42.738],[-18.25,70.26]],"c":false}]},{"i":{"x":0.949,"y":1},"o":{"x":0.167,"y":0},"t":90,"s":[{"i":[[0,0],[17.55,49.102],[-16.579,-34.864],[-72.97,-153.086],[83.378,93.167]],"o":[[0,0],[-16.054,-49.52],[21.387,39.836],[7.3,10.863],[0,0]],"v":[[-28.188,61.88],[-87.16,-109.888],[51.844,-186.041],[163.855,42.737],[-18.25,70.26]],"c":false}]},{"i":{"x":0.833,"y":1},"o":{"x":0.167,"y":0},"t":117,"s":[{"i":[[0,0],[17.55,49.102],[-16.579,-34.864],[-72.97,-153.086],[83.378,93.167]],"o":[[0,0],[-16.055,-49.52],[21.387,39.836],[7.3,10.863],[0,0]],"v":[[-28.188,61.88],[-87.16,-109.888],[51.844,-186.041],[163.855,42.737],[-18.25,70.26]],"c":false}]},{"t":127,"s":[{"i":[[0,0],[27.773,44.132],[-26.866,-28.18],[-95.536,-139.705],[83.378,93.167]],"o":[[0,0],[-30.366,-40.369],[29.511,34.255],[7.3,10.863],[0,0]],"v":[[-28.188,61.88],[-100.178,-75.934],[19.02,-180.4],[163.855,42.737],[-18.25,70.26]],"c":false}]}],"ix":2},"nm":"Path 1","mn":"ADBE Vector Shape - Group","hd":false},{"ty":"fl","c":{"a":0,"k":[0.219607843137,0.823529411765,0,1],"ix":4},"o":{"a":0,"k":100,"ix":5},"r":1,"bm":0,"nm":"Fill 1","mn":"ADBE Vector Graphic - Fill","hd":false},{"ty":"tr","p":{"a":0,"k":[622.281,564.387],"ix":2},"a":{"a":0,"k":[0,0],"ix":1},"s":{"a":0,"k":[100,100],"ix":3},"r":{"a":0,"k":0,"ix":6},"o":{"a":0,"k":100,"ix":7},"sk":{"a":0,"k":0,"ix":4},"sa":{"a":0,"k":0,"ix":5},"nm":"Transform"}],"nm":"Body","np":2,"cix":2,"bm":0,"ix":19,"mn":"ADBE Vector Group","hd":false}],"ip":0,"op":141,"st":0,"bm":0},{"ddd":0,"ind":5,"ty":4,"nm":"Cushion","sr":1,"ks":{"o":{"a":0,"k":100,"ix":11},"r":{"a":0,"k":0,"ix":10},"p":{"a":0,"k":[600,600,0],"ix":2},"a":{"a":0,"k":[600,600,0],"ix":1},"s":{"a":0,"k":[100,100,100],"ix":6}},"ao":0,"shapes":[{"ty":"gr","it":[{"ind":0,"ty":"sh","ix":1,"ks":{"a":0,"k":{"i":[[47.737,1.587],[9,-28.034],[-6.529,-21.687],[-14.155,0],[-18.155,2.887],[-12.746,0.638],[-38.46,-4.297],[-24.72,-3.352],[-11.058,-3.97],[-30.672,15.702],[10.502,10.209],[28.45,11.228],[0,0],[63.591,8.015]],"o":[[-40.486,-1.346],[-4.329,13.486],[4.529,13.371],[30.236,0],[23.088,-3.672],[40,-2],[38.461,4.296],[24.721,3.353],[11.059,3.97],[32,-16.383],[-10.503,-10.208],[-28.449,-11.228],[0,0],[-63.59,-8.015]],"v":[[-247.749,-71.882],[-323.236,-37.093],[-327.236,12.359],[-288.236,35.282],[-225.743,28.719],[-155.236,19.143],[-27.372,25.202],[121.196,42.143],[185.765,57.525],[301.764,57.525],[318.423,-0.649],[282.214,-24.63],[179.823,-34.221],[-37.646,-31.843]],"c":true},"ix":2},"nm":"Path 1","mn":"ADBE Vector Shape - Group","hd":false},{"ty":"fl","c":{"a":0,"k":[0.043000000598,0.337000020345,0.658999992819,1],"ix":4},"o":{"a":0,"k":100,"ix":5},"r":1,"bm":0,"nm":"Fill 1","mn":"ADBE Vector Graphic - Fill","hd":false},{"ty":"tr","p":{"a":0,"k":[611.235,772.857],"ix":2},"a":{"a":0,"k":[0,0],"ix":1},"s":{"a":0,"k":[100,100],"ix":3},"r":{"a":0,"k":0,"ix":6},"o":{"a":0,"k":100,"ix":7},"sk":{"a":0,"k":0,"ix":4},"sa":{"a":0,"k":0,"ix":5},"nm":"Transform"}],"nm":"Group 1","np":2,"cix":2,"bm":0,"ix":1,"mn":"ADBE Vector Group","hd":false},{"ty":"gr","it":[{"ind":0,"ty":"sh","ix":1,"ks":{"a":0,"k":{"i":[[8.854,93.589],[-19.973,1.038],[-125.8,-9.884],[-98,-11],[3.82,-139.34],[42,2],[123.174,3.249],[75,0]],"o":[[-7.355,-131.556],[77,-4],[133,10.45],[19,4],[-3.184,91.138],[-81,1],[-123.251,-3.251],[-60,-1]],"v":[[-356.732,10],[-256.732,-138],[-11.732,-97],[262.538,-97.291],[360.267,41],[222.267,140],[-14.732,140],[-219.732,140]],"c":true},"ix":2},"nm":"Path 1","mn":"ADBE Vector Shape - Group","hd":false},{"ty":"fl","c":{"a":0,"k":[0.016000001571,0.451000019148,0.917999985639,1],"ix":4},"o":{"a":0,"k":100,"ix":5},"r":1,"bm":0,"nm":"Fill 1","mn":"ADBE Vector Graphic - Fill","hd":false},{"ty":"tr","p":{"a":0,"k":[596.732,839],"ix":2},"a":{"a":0,"k":[0,0],"ix":1},"s":{"a":0,"k":[100,100],"ix":3},"r":{"a":0,"k":0,"ix":6},"o":{"a":0,"k":100,"ix":7},"sk":{"a":0,"k":0,"ix":4},"sa":{"a":0,"k":0,"ix":5},"nm":"Transform"}],"nm":"Group 2","np":2,"cix":2,"bm":0,"ix":2,"mn":"ADBE Vector Group","hd":false}],"ip":0,"op":141,"st":0,"bm":0},{"ddd":0,"ind":6,"ty":4,"nm":"Top Clouds","sr":1,"ks":{"o":{"a":0,"k":100,"ix":11},"r":{"a":0,"k":0,"ix":10},"p":{"a":0,"k":[600,600,0],"ix":2},"a":{"a":0,"k":[600,600,0],"ix":1},"s":{"a":0,"k":[100,100,100],"ix":6}},"ao":0,"shapes":[{"ty":"gr","it":[{"ind":0,"ty":"sh","ix":1,"ks":{"a":0,"k":{"i":[[21.841,0],[0,0],[-80.822,-6.192],[-186.077,-9.089],[-61.14,-34.179],[-86.215,-25.224]],"o":[[0,0],[0,0],[232.665,39.004],[113.289,11.249],[108.313,38.135],[57.82,22.232]],"v":[[-760.724,444.935],[-1766.394,440.415],[-1691.044,381.758],[-1325.961,270.534],[-1110.581,353.25],[-844.036,364.633]],"c":true},"ix":2},"nm":"Path 1","mn":"ADBE Vector Shape - Group","hd":false},{"ty":"fl","c":{"a":0,"k":[0.015991210938,0.450988769531,0.91796875,1],"ix":4},"o":{"a":0,"k":100,"ix":5},"r":1,"bm":0,"nm":"Fill 1","mn":"ADBE Vector Graphic - Fill","hd":false},{"ty":"tr","p":{"a":0,"k":[372.689,188.561],"ix":2},"a":{"a":0,"k":[0,0],"ix":1},"s":{"a":0,"k":[-43.757,40.329],"ix":3},"r":{"a":0,"k":0,"ix":6},"o":{"a":0,"k":50,"ix":7},"sk":{"a":0,"k":0,"ix":4},"sa":{"a":0,"k":0,"ix":5},"nm":"Transform"}],"nm":"Cloud 2","np":3,"cix":2,"bm":0,"ix":1,"mn":"ADBE Vector Group","hd":false},{"ty":"gr","it":[{"ind":0,"ty":"sh","ix":1,"ks":{"a":0,"k":{"i":[[17.674,0],[0,0],[-65.402,-6.794],[-150.574,-9.973],[-49.475,-37.503],[-69.765,-27.677]],"o":[[0,0],[0,0],[188.273,42.797],[91.674,12.344],[87.647,41.843],[46.788,24.394]],"v":[[399.288,105.72],[-414.504,100.76],[-353.53,36.398],[-58.104,-85.643],[116.182,5.118],[331.871,17.607]],"c":true},"ix":2},"nm":"Path 1","mn":"ADBE Vector Shape - Group","hd":false},{"ty":"st","c":{"a":0,"k":[0.015991210938,0.450988769531,0.91796875,1],"ix":3},"o":{"a":0,"k":100,"ix":4},"w":{"a":0,"k":15,"ix":5},"lc":1,"lj":1,"ml":4,"bm":0,"nm":"Stroke 1","mn":"ADBE Vector Graphic - Stroke","hd":false},{"ty":"tr","p":{"a":0,"k":[372.689,188.561],"ix":2},"a":{"a":0,"k":[0,0],"ix":1},"s":{"a":0,"k":[-43.757,40.329],"ix":3},"r":{"a":0,"k":0,"ix":6},"o":{"a":0,"k":30,"ix":7},"sk":{"a":0,"k":0,"ix":4},"sa":{"a":0,"k":0,"ix":5},"nm":"Transform"}],"nm":"Cloud","np":2,"cix":2,"bm":0,"ix":2,"mn":"ADBE Vector Group","hd":false}],"ip":141,"op":141,"st":0,"bm":0,"hidden":0}],"markers":[]}