{"v":"5.5.7","meta":{"g":"LottieFiles AE 0.1.21","a":"","k":"","d":"","tc":""},"fr":25,"ip":3,"op":121,"w":1200,"h":1200,"nm":"CreditCard_Payment","ddd":0,"assets":[{"id":"comp_0","layers":[{"ddd":0,"ind":1,"ty":4,"nm":"Sparkle 2","sr":1,"ks":{"o":{"a":0,"k":100,"ix":11},"r":{"a":1,"k":[{"i":{"x":[0.04],"y":[0.798]},"o":{"x":[0.225],"y":[0]},"t":3,"s":[9]},{"i":{"x":[0.629],"y":[1]},"o":{"x":[0.297],"y":[0.054]},"t":22,"s":[134.173]},{"t":28,"s":[180]}],"ix":10},"p":{"a":0,"k":[671.75,249,0],"ix":2},"a":{"a":0,"k":[0,0,0],"ix":1},"s":{"a":1,"k":[{"i":{"x":[0.336,0.336,0.667],"y":[1,1,1]},"o":{"x":[0.333,0.333,0.333],"y":[0,0,0]},"t":3,"s":[0,0,100]},{"i":{"x":[0,0,0.667],"y":[1,1,1]},"o":{"x":[0.333,0.333,0.333],"y":[0,0,0]},"t":23,"s":[250,250,100]},{"t":28,"s":[0,0,100]}],"ix":6}},"ao":0,"shapes":[{"ty":"gr","it":[{"ty":"rc","d":1,"s":{"a":0,"k":[8.25,75.25],"ix":2},"p":{"a":0,"k":[0,0],"ix":3},"r":{"a":0,"k":0,"ix":4},"nm":"Rectangle Path 1","mn":"ADBE Vector Shape - Rect","hd":false},{"ty":"fl","c":{"a":0,"k":[1,1,1,1],"ix":4},"o":{"a":0,"k":100,"ix":5},"r":1,"bm":0,"nm":"Fill 1","mn":"ADBE Vector Graphic - Fill","hd":false},{"ty":"tr","p":{"a":0,"k":[-0.125,0.125],"ix":2},"a":{"a":0,"k":[0,0],"ix":1},"s":{"a":0,"k":[220.039,24],"ix":3},"r":{"a":0,"k":90,"ix":6},"o":{"a":0,"k":100,"ix":7},"sk":{"a":0,"k":0,"ix":4},"sa":{"a":0,"k":0,"ix":5},"nm":"Transform"}],"nm":"Rectangle 1","np":3,"cix":2,"bm":0,"ix":2,"mn":"ADBE Vector Group","hd":false}],"ip":3,"op":30,"st":3,"bm":0},{"ddd":0,"ind":2,"ty":4,"nm":"Sparkle 3","sr":1,"ks":{"o":{"a":0,"k":100,"ix":11},"r":{"a":1,"k":[{"i":{"x":[0.049],"y":[0.798]},"o":{"x":[0.233],"y":[0]},"t":4,"s":[9]},{"i":{"x":[0.621],"y":[1]},"o":{"x":[0.29],"y":[0.126]},"t":22,"s":[133.357]},{"t":29,"s":[157]}],"ix":10},"p":{"a":0,"k":[1023.75,640.5,0],"ix":2},"a":{"a":0,"k":[0,0,0],"ix":1},"s":{"a":1,"k":[{"i":{"x":[0.627,0.627,0.667],"y":[1,1,1]},"o":{"x":[0.37,0.37,0.333],"y":[0,0,0]},"t":4,"s":[0,0,100]},{"i":{"x":[0,0,0.667],"y":[1,1,1]},"o":{"x":[0.333,0.333,0.333],"y":[0,0,0]},"t":24,"s":[200,1602.312,100]},{"t":29,"s":[0,0,100]}],"ix":6}},"ao":0,"shapes":[{"ty":"gr","it":[{"ty":"rc","d":1,"s":{"a":0,"k":[8.25,75.25],"ix":2},"p":{"a":0,"k":[0,0],"ix":3},"r":{"a":0,"k":20,"ix":4},"nm":"Rectangle Path 1","mn":"ADBE Vector Shape - Rect","hd":false},{"ty":"fl","c":{"a":0,"k":[1,1,1,1],"ix":4},"o":{"a":0,"k":100,"ix":5},"r":1,"bm":0,"nm":"Fill 1","mn":"ADBE Vector Graphic - Fill","hd":false},{"ty":"tr","p":{"a":0,"k":[-0.125,0.125],"ix":2},"a":{"a":0,"k":[0,0],"ix":1},"s":{"a":0,"k":[25,24],"ix":3},"r":{"a":0,"k":90,"ix":6},"o":{"a":0,"k":100,"ix":7},"sk":{"a":0,"k":0,"ix":4},"sa":{"a":0,"k":0,"ix":5},"nm":"Transform"}],"nm":"Rectangle 1","np":3,"cix":2,"bm":0,"ix":2,"mn":"ADBE Vector Group","hd":false}],"ip":4,"op":28,"st":4,"bm":0},{"ddd":0,"ind":3,"ty":4,"nm":"Sparkle","sr":1,"ks":{"o":{"a":0,"k":100,"ix":11},"r":{"a":1,"k":[{"i":{"x":[0.024],"y":[0.9]},"o":{"x":[0.211],"y":[0]},"t":1,"s":[9]},{"i":{"x":[0.643],"y":[1]},"o":{"x":[0.31],"y":[0.019]},"t":22,"s":[224.995]},{"t":26,"s":[295]}],"ix":10},"p":{"a":0,"k":[142.75,606.5,0],"ix":2},"a":{"a":0,"k":[0,0,0],"ix":1},"s":{"a":1,"k":[{"i":{"x":[0.336,0.336,0.667],"y":[1,1,1]},"o":{"x":[0.333,0.333,0.333],"y":[0,0,0]},"t":1,"s":[0,0,100]},{"i":{"x":[0,0,0.667],"y":[1,1,1]},"o":{"x":[0.333,0.333,0.333],"y":[0,0,0]},"t":21,"s":[150,1405.525,100]},{"t":26,"s":[0,0,100]}],"ix":6}},"ao":0,"shapes":[{"ty":"gr","it":[{"ty":"rc","d":1,"s":{"a":0,"k":[8.25,75.25],"ix":2},"p":{"a":0,"k":[0,0],"ix":3},"r":{"a":0,"k":0,"ix":4},"nm":"Rectangle Path 1","mn":"ADBE Vector Shape - Rect","hd":false},{"ty":"fl","c":{"a":0,"k":[1,1,1,1],"ix":4},"o":{"a":0,"k":100,"ix":5},"r":1,"bm":0,"nm":"Fill 1","mn":"ADBE Vector Graphic - Fill","hd":false},{"ty":"tr","p":{"a":0,"k":[-0.125,0.125],"ix":2},"a":{"a":0,"k":[0,0],"ix":1},"s":{"a":0,"k":[25,24],"ix":3},"r":{"a":0,"k":90,"ix":6},"o":{"a":0,"k":100,"ix":7},"sk":{"a":0,"k":0,"ix":4},"sa":{"a":0,"k":0,"ix":5},"nm":"Transform"}],"nm":"Rectangle 1","np":3,"cix":2,"bm":0,"ix":2,"mn":"ADBE Vector Group","hd":false}],"ip":1,"op":30,"st":1,"bm":0},{"ddd":0,"ind":4,"ty":4,"nm":"Shape Layer 1","sr":1,"ks":{"o":{"a":0,"k":100,"ix":11},"r":{"a":0,"k":0,"ix":10},"p":{"a":0,"k":[600,600,0],"ix":2},"a":{"a":0,"k":[0,0,0],"ix":1},"s":{"a":0,"k":[100,100,100],"ix":6}},"ao":0,"shapes":[{"ty":"gr","it":[{"ty":"rc","d":1,"s":{"a":0,"k":[1200,1200],"ix":2},"p":{"a":0,"k":[0,0],"ix":3},"r":{"a":0,"k":0,"ix":4},"nm":"Rectangle Path 1","mn":"ADBE Vector Shape - Rect","hd":false},{"ty":"fl","c":{"a":0,"k":[1,1,1,1],"ix":4},"o":{"a":0,"k":100,"ix":5},"r":1,"bm":0,"nm":"Fill 1","mn":"ADBE Vector Graphic - Fill","hd":false},{"ty":"tr","p":{"a":1,"k":[{"i":{"x":0,"y":1},"o":{"x":0.151,"y":0},"t":2,"s":[0,0],"to":[-71.333,28.5],"ti":[71.333,-28.5]},{"t":22,"s":[-428,171]}],"ix":2},"a":{"a":0,"k":[0,0],"ix":1},"s":{"a":1,"k":[{"i":{"x":[0.833,0.833],"y":[0.833,0.833]},"o":{"x":[0.167,0.167],"y":[0.167,0.167]},"t":2,"s":[3,3]},{"i":{"x":[0.833,0.833],"y":[0.833,0.833]},"o":{"x":[0.167,0.167],"y":[0.167,0.167]},"t":22,"s":[3,3]},{"t":27,"s":[1,1]}],"ix":3},"r":{"a":1,"k":[{"i":{"x":[0.027],"y":[0.842]},"o":{"x":[0.188],"y":[0]},"t":2,"s":[0]},{"i":{"x":[0.637],"y":[1]},"o":{"x":[0.305],"y":[0.047]},"t":22,"s":[-134.442]},{"t":27,"s":[-170]}],"ix":6},"o":{"a":1,"k":[{"i":{"x":[0.562],"y":[0.879]},"o":{"x":[0.195],"y":[0]},"t":2,"s":[0]},{"i":{"x":[0.843],"y":[1]},"o":{"x":[0.352],"y":[29.289]},"t":7,"s":[100]},{"i":{"x":[0],"y":[1]},"o":{"x":[0.267],"y":[0]},"t":22,"s":[100]},{"t":27,"s":[0]}],"ix":7},"sk":{"a":0,"k":0,"ix":4},"sa":{"a":0,"k":0,"ix":5},"nm":"Transform"}],"nm":"Rectangle 2","np":4,"cix":2,"bm":0,"ix":1,"mn":"ADBE Vector Group","hd":false},{"ty":"gr","it":[{"ty":"rc","d":1,"s":{"a":0,"k":[1200,1200],"ix":2},"p":{"a":0,"k":[0,0],"ix":3},"r":{"a":0,"k":0,"ix":4},"nm":"Rectangle Path 1","mn":"ADBE Vector Shape - Rect","hd":false},{"ty":"fl","c":{"a":0,"k":[1,1,1,1],"ix":4},"o":{"a":0,"k":100,"ix":5},"r":1,"bm":0,"nm":"Fill 1","mn":"ADBE Vector Graphic - Fill","hd":false},{"ty":"tr","p":{"a":1,"k":[{"i":{"x":0,"y":1},"o":{"x":0.151,"y":0},"t":0,"s":[0,0],"to":[40.167,-28.167],"ti":[-40.167,28.167]},{"t":20,"s":[241,-169]}],"ix":2},"a":{"a":0,"k":[0,0],"ix":1},"s":{"a":1,"k":[{"i":{"x":[0.833,0.833],"y":[0.833,0.833]},"o":{"x":[0.167,0.167],"y":[0.167,0.167]},"t":0,"s":[3,3]},{"i":{"x":[0.833,0.833],"y":[0.833,0.833]},"o":{"x":[0.167,0.167],"y":[0.167,0.167]},"t":20,"s":[3,3]},{"t":25,"s":[1,1]}],"ix":3},"r":{"a":1,"k":[{"i":{"x":[0.027],"y":[0.86]},"o":{"x":[0.188],"y":[0]},"t":0,"s":[0]},{"i":{"x":[0.637],"y":[1]},"o":{"x":[0.305],"y":[0.091]},"t":20,"s":[134.728]},{"t":25,"s":[151]}],"ix":6},"o":{"a":1,"k":[{"i":{"x":[0.572],"y":[0.858]},"o":{"x":[0.216],"y":[0]},"t":0,"s":[0]},{"i":{"x":[0.7],"y":[1]},"o":{"x":[0.298],"y":[29.612]},"t":5,"s":[100]},{"i":{"x":[0],"y":[1]},"o":{"x":[0.267],"y":[0]},"t":20,"s":[100]},{"t":25,"s":[0]}],"ix":7},"sk":{"a":0,"k":0,"ix":4},"sa":{"a":0,"k":0,"ix":5},"nm":"Transform"}],"nm":"Rectangle 1","np":4,"cix":2,"bm":0,"ix":2,"mn":"ADBE Vector Group","hd":false},{"ty":"gr","it":[{"d":1,"ty":"el","s":{"a":0,"k":[1200,1200],"ix":2},"p":{"a":0,"k":[0,0],"ix":3},"nm":"Ellipse Path 1","mn":"ADBE Vector Shape - Ellipse","hd":false},{"ty":"rc","d":1,"s":{"a":0,"k":[1200,1200],"ix":2},"p":{"a":0,"k":[0,0],"ix":3},"r":{"a":0,"k":0,"ix":4},"nm":"Rectangle Path 1","mn":"ADBE Vector Shape - Rect","hd":false},{"ty":"fl","c":{"a":0,"k":[1,1,1,1],"ix":4},"o":{"a":0,"k":100,"ix":5},"r":1,"bm":0,"nm":"Fill 1","mn":"ADBE Vector Graphic - Fill","hd":false},{"ty":"tr","p":{"a":1,"k":[{"i":{"x":0,"y":1},"o":{"x":0.151,"y":0},"t":4,"s":[0,0],"to":[15,37.5],"ti":[-15,-37.5]},{"t":24,"s":[90,225]}],"ix":2},"a":{"a":0,"k":[0,0],"ix":1},"s":{"a":0,"k":[3.5,3.5],"ix":3},"r":{"a":1,"k":[{"i":{"x":[0.667],"y":[1]},"o":{"x":[0.333],"y":[0]},"t":4,"s":[-20]},{"t":20,"s":[45]}],"ix":6},"o":{"a":1,"k":[{"i":{"x":[0.563],"y":[0.875]},"o":{"x":[0.187],"y":[0]},"t":4,"s":[0]},{"i":{"x":[0.842],"y":[1]},"o":{"x":[0.37],"y":[31.744]},"t":9,"s":[100]},{"i":{"x":[0],"y":[1]},"o":{"x":[0.267],"y":[0]},"t":24,"s":[100]},{"t":29,"s":[0]}],"ix":7},"sk":{"a":0,"k":0,"ix":4},"sa":{"a":0,"k":0,"ix":5},"nm":"Transform"}],"nm":"Ellipse 3","np":4,"cix":2,"bm":0,"ix":3,"mn":"ADBE Vector Group","hd":false},{"ty":"gr","it":[{"d":1,"ty":"el","s":{"a":0,"k":[1200,1200],"ix":2},"p":{"a":0,"k":[0,0],"ix":3},"nm":"Ellipse Path 1","mn":"ADBE Vector Shape - Ellipse","hd":false},{"ty":"rc","d":1,"s":{"a":0,"k":[1200,1200],"ix":2},"p":{"a":0,"k":[0,0],"ix":3},"r":{"a":0,"k":0,"ix":4},"nm":"Rectangle Path 1","mn":"ADBE Vector Shape - Rect","hd":false},{"ty":"fl","c":{"a":0,"k":[1,1,1,1],"ix":4},"o":{"a":0,"k":100,"ix":5},"r":1,"bm":0,"nm":"Fill 1","mn":"ADBE Vector Graphic - Fill","hd":false},{"ty":"tr","p":{"a":1,"k":[{"i":{"x":0,"y":1},"o":{"x":0.151,"y":0},"t":0,"s":[0,0],"to":[50.333,41.5],"ti":[-50.333,-41.5]},{"t":20,"s":[302,249]}],"ix":2},"a":{"a":0,"k":[0,0],"ix":1},"s":{"a":0,"k":[3.5,3.5],"ix":3},"r":{"a":1,"k":[{"i":{"x":[0.833],"y":[0.833]},"o":{"x":[0.167],"y":[0.167]},"t":0,"s":[-10]},{"t":12,"s":[45]}],"ix":6},"o":{"a":1,"k":[{"i":{"x":[0.569],"y":[0.817]},"o":{"x":[0.205],"y":[0]},"t":4,"s":[0]},{"i":{"x":[0.702],"y":[1]},"o":{"x":[0.312],"y":[29.118]},"t":9,"s":[100]},{"i":{"x":[0],"y":[1]},"o":{"x":[0.267],"y":[0]},"t":20,"s":[100]},{"t":25,"s":[0]}],"ix":7},"sk":{"a":0,"k":0,"ix":4},"sa":{"a":0,"k":0,"ix":5},"nm":"Transform"}],"nm":"Ellipse 2","np":4,"cix":2,"bm":0,"ix":4,"mn":"ADBE Vector Group","hd":false},{"ty":"gr","it":[{"d":1,"ty":"el","s":{"a":0,"k":[1200,1200],"ix":2},"p":{"a":0,"k":[0,0],"ix":3},"nm":"Ellipse Path 1","mn":"ADBE Vector Shape - Ellipse","hd":false},{"ty":"rc","d":1,"s":{"a":0,"k":[1200,1200],"ix":2},"p":{"a":0,"k":[0,0],"ix":3},"r":{"a":0,"k":0,"ix":4},"nm":"Rectangle Path 1","mn":"ADBE Vector Shape - Rect","hd":false},{"ty":"fl","c":{"a":0,"k":[0.98431372549,0.98431372549,0.98431372549,1],"ix":4},"o":{"a":0,"k":100,"ix":5},"r":1,"bm":0,"nm":"Fill 1","mn":"ADBE Vector Graphic - Fill","hd":false},{"ty":"tr","p":{"a":1,"k":[{"i":{"x":0,"y":1},"o":{"x":0.151,"y":0},"t":1,"s":[0,0],"to":[-43,-58.5],"ti":[43,58.5]},{"t":21,"s":[-258,-351]}],"ix":2},"a":{"a":0,"k":[0,0],"ix":1},"s":{"a":0,"k":[5.14,5.14],"ix":3},"r":{"a":1,"k":[{"i":{"x":[0.454],"y":[1]},"o":{"x":[0.32],"y":[0]},"t":0,"s":[-30]},{"t":21,"s":[45]}],"ix":6},"o":{"a":1,"k":[{"i":{"x":[0.562],"y":[1]},"o":{"x":[0.198],"y":[0]},"t":0,"s":[0]},{"i":{"x":[0.843],"y":[1]},"o":{"x":[0.348],"y":[0]},"t":5,"s":[100]},{"i":{"x":[0],"y":[1]},"o":{"x":[0.267],"y":[0]},"t":21,"s":[100]},{"t":26,"s":[0]}],"ix":7},"sk":{"a":0,"k":0,"ix":4},"sa":{"a":0,"k":0,"ix":5},"nm":"Transform"}],"nm":"Ellipse 1","np":4,"cix":2,"bm":0,"ix":5,"mn":"ADBE Vector Group","hd":false}],"ip":0,"op":30,"st":0,"bm":0}]},{"id":"comp_1","layers":[{"ddd":0,"ind":1,"ty":4,"nm":"Layer 14","parent":9,"sr":1,"ks":{"o":{"a":0,"k":100,"ix":11},"r":{"a":0,"k":-180,"ix":10},"p":{"a":0,"k":[-154.777,-100.318,0],"ix":2},"a":{"a":0,"k":[0,0,0],"ix":1},"s":{"a":1,"k":[{"i":{"x":[0.21,0.21,0.21],"y":[1,1,1]},"o":{"x":[0.79,0.79,0.79],"y":[0,0,0]},"t":24,"s":[0,0,100]},{"i":{"x":[0.21,0.21,0.21],"y":[1,1,1]},"o":{"x":[0.79,0.79,0.79],"y":[0,0,0]},"t":31,"s":[120,120,100]},{"i":{"x":[0.21,0.21,0.21],"y":[1,1,1]},"o":{"x":[0.79,0.79,0.79],"y":[0,0,0]},"t":36,"s":[90,90,100]},{"t":41,"s":[100,100,100]}],"ix":6}},"ao":0,"shapes":[{"ty":"gr","it":[{"ind":0,"ty":"sh","ix":1,"ks":{"a":0,"k":{"i":[[6.508,0],[0,0],[0,6.508],[0,0],[-6.508,0],[0,0],[0,-6.508],[0,0]],"o":[[0,0],[-6.508,0],[0,0],[0,-6.508],[0,0],[6.508,0],[0,0],[0,6.508]],"v":[[21.975,11.783],[-21.975,11.783],[-33.758,0],[-33.758,0],[-21.975,-11.783],[21.975,-11.783],[33.758,0],[33.758,0]],"c":true},"ix":2},"nm":"Path 1","mn":"ADBE Vector Shape - Group","hd":false},{"ty":"fl","c":{"a":0,"k":[0.341176480055,0.635294139385,0.949019610882,1],"ix":4},"o":{"a":0,"k":100,"ix":5},"r":1,"bm":0,"nm":"Fill 1","mn":"ADBE Vector Graphic - Fill","hd":false},{"ty":"tr","p":{"a":0,"k":[0,0],"ix":2},"a":{"a":0,"k":[0,0],"ix":1},"s":{"a":0,"k":[100,100],"ix":3},"r":{"a":0,"k":0,"ix":6},"o":{"a":0,"k":100,"ix":7},"sk":{"a":0,"k":0,"ix":4},"sa":{"a":0,"k":0,"ix":5},"nm":"Transform"}],"nm":"Group 1","np":2,"cix":2,"bm":0,"ix":1,"mn":"ADBE Vector Group","hd":false}],"ip":0,"op":125,"st":0,"bm":0},{"ddd":0,"ind":2,"ty":4,"nm":"Layer 13","parent":9,"sr":1,"ks":{"o":{"a":0,"k":100,"ix":11},"r":{"a":0,"k":-180,"ix":10},"p":{"a":0,"k":[-55.414,-100.318,0],"ix":2},"a":{"a":0,"k":[0,0,0],"ix":1},"s":{"a":1,"k":[{"i":{"x":[0.21,0.21,0.21],"y":[1,1,1]},"o":{"x":[0.79,0.79,0.79],"y":[0,0,0]},"t":23,"s":[0,0,100]},{"i":{"x":[0.21,0.21,0.21],"y":[1,1,1]},"o":{"x":[0.79,0.79,0.79],"y":[0,0,0]},"t":30,"s":[120,120,100]},{"i":{"x":[0.21,0.21,0.21],"y":[1,1,1]},"o":{"x":[0.79,0.79,0.79],"y":[0,0,0]},"t":35,"s":[90,90,100]},{"t":40,"s":[100,100,100]}],"ix":6}},"ao":0,"shapes":[{"ty":"gr","it":[{"ind":0,"ty":"sh","ix":1,"ks":{"a":0,"k":{"i":[[6.508,0],[0,0],[0,6.508],[0,0],[-6.508,0],[0,0],[0,-6.508],[0,0]],"o":[[0,0],[-6.508,0],[0,0],[0,-6.508],[0,0],[6.508,0],[0,0],[0,6.508]],"v":[[21.975,11.783],[-21.975,11.783],[-33.758,0],[-33.758,0],[-21.975,-11.783],[21.975,-11.783],[33.758,0],[33.758,0]],"c":true},"ix":2},"nm":"Path 1","mn":"ADBE Vector Shape - Group","hd":false},{"ty":"fl","c":{"a":0,"k":[0.341176480055,0.635294139385,0.949019610882,1],"ix":4},"o":{"a":0,"k":100,"ix":5},"r":1,"bm":0,"nm":"Fill 1","mn":"ADBE Vector Graphic - Fill","hd":false},{"ty":"tr","p":{"a":0,"k":[0,0],"ix":2},"a":{"a":0,"k":[0,0],"ix":1},"s":{"a":0,"k":[100,100],"ix":3},"r":{"a":0,"k":0,"ix":6},"o":{"a":0,"k":100,"ix":7},"sk":{"a":0,"k":0,"ix":4},"sa":{"a":0,"k":0,"ix":5},"nm":"Transform"}],"nm":"Group 1","np":2,"cix":2,"bm":0,"ix":1,"mn":"ADBE Vector Group","hd":false}],"ip":0,"op":125,"st":0,"bm":0},{"ddd":0,"ind":3,"ty":4,"nm":"Layer 12","parent":9,"sr":1,"ks":{"o":{"a":0,"k":100,"ix":11},"r":{"a":0,"k":-180,"ix":10},"p":{"a":0,"k":[55.732,-100.318,0],"ix":2},"a":{"a":0,"k":[0,0,0],"ix":1},"s":{"a":1,"k":[{"i":{"x":[0.21,0.21,0.21],"y":[1,1,1]},"o":{"x":[0.79,0.79,0.79],"y":[0,0,0]},"t":21,"s":[0,0,100]},{"i":{"x":[0.21,0.21,0.21],"y":[1,1,1]},"o":{"x":[0.79,0.79,0.79],"y":[0,0,0]},"t":28,"s":[120,120,100]},{"i":{"x":[0.21,0.21,0.21],"y":[1,1,1]},"o":{"x":[0.79,0.79,0.79],"y":[0,0,0]},"t":33,"s":[90,90,100]},{"t":38,"s":[100,100,100]}],"ix":6}},"ao":0,"shapes":[{"ty":"gr","it":[{"ind":0,"ty":"sh","ix":1,"ks":{"a":0,"k":{"i":[[6.508,0],[0,0],[0,6.508],[0,0],[-6.508,0],[0,0],[0,-6.508],[0,0]],"o":[[0,0],[-6.508,0],[0,0],[0,-6.508],[0,0],[6.508,0],[0,0],[0,6.508]],"v":[[21.975,11.783],[-21.975,11.783],[-33.758,0],[-33.758,0],[-21.975,-11.783],[21.975,-11.783],[33.758,0],[33.758,0]],"c":true},"ix":2},"nm":"Path 1","mn":"ADBE Vector Shape - Group","hd":false},{"ty":"fl","c":{"a":0,"k":[0.341176480055,0.635294139385,0.949019610882,1],"ix":4},"o":{"a":0,"k":100,"ix":5},"r":1,"bm":0,"nm":"Fill 1","mn":"ADBE Vector Graphic - Fill","hd":false},{"ty":"tr","p":{"a":0,"k":[0,0],"ix":2},"a":{"a":0,"k":[0,0],"ix":1},"s":{"a":0,"k":[100,100],"ix":3},"r":{"a":0,"k":0,"ix":6},"o":{"a":0,"k":100,"ix":7},"sk":{"a":0,"k":0,"ix":4},"sa":{"a":0,"k":0,"ix":5},"nm":"Transform"}],"nm":"Group 1","np":2,"cix":2,"bm":0,"ix":1,"mn":"ADBE Vector Group","hd":false}],"ip":0,"op":125,"st":0,"bm":0},{"ddd":0,"ind":4,"ty":4,"nm":"Layer 11","parent":9,"sr":1,"ks":{"o":{"a":0,"k":100,"ix":11},"r":{"a":0,"k":-180,"ix":10},"p":{"a":0,"k":[155.096,-100.318,0],"ix":2},"a":{"a":0,"k":[0,0,0],"ix":1},"s":{"a":1,"k":[{"i":{"x":[0.21,0.21,0.21],"y":[1,1,1]},"o":{"x":[0.79,0.79,0.79],"y":[0,0,0]},"t":19,"s":[0,0,100]},{"i":{"x":[0.21,0.21,0.21],"y":[1,1,1]},"o":{"x":[0.79,0.79,0.79],"y":[0,0,0]},"t":26,"s":[120,120,100]},{"i":{"x":[0.21,0.21,0.21],"y":[1,1,1]},"o":{"x":[0.79,0.79,0.79],"y":[0,0,0]},"t":31,"s":[90,90,100]},{"t":36,"s":[100,100,100]}],"ix":6}},"ao":0,"shapes":[{"ty":"gr","it":[{"ind":0,"ty":"sh","ix":1,"ks":{"a":0,"k":{"i":[[6.508,0],[0,0],[0,6.508],[0,0],[-6.508,0],[0,0],[0,-6.508],[0,0]],"o":[[0,0],[-6.508,0],[0,0],[0,-6.508],[0,0],[6.508,0],[0,0],[0,6.508]],"v":[[21.975,11.783],[-21.975,11.783],[-33.758,0],[-33.758,0],[-21.975,-11.783],[21.975,-11.783],[33.758,0],[33.758,0]],"c":true},"ix":2},"nm":"Path 1","mn":"ADBE Vector Shape - Group","hd":false},{"ty":"fl","c":{"a":0,"k":[0.341176480055,0.635294139385,0.949019610882,1],"ix":4},"o":{"a":0,"k":100,"ix":5},"r":1,"bm":0,"nm":"Fill 1","mn":"ADBE Vector Graphic - Fill","hd":false},{"ty":"tr","p":{"a":0,"k":[0,0],"ix":2},"a":{"a":0,"k":[0,0],"ix":1},"s":{"a":0,"k":[100,100],"ix":3},"r":{"a":0,"k":0,"ix":6},"o":{"a":0,"k":100,"ix":7},"sk":{"a":0,"k":0,"ix":4},"sa":{"a":0,"k":0,"ix":5},"nm":"Transform"}],"nm":"Group 1","np":2,"cix":2,"bm":0,"ix":1,"mn":"ADBE Vector Group","hd":false}],"ip":0,"op":125,"st":0,"bm":0},{"ddd":0,"ind":5,"ty":4,"nm":"Layer 10","parent":9,"sr":1,"ks":{"o":{"a":0,"k":100,"ix":11},"r":{"a":0,"k":-180,"ix":10},"p":{"a":0,"k":[-1.274,-43.631,0],"ix":2},"a":{"a":0,"k":[0,0,0],"ix":1},"s":{"a":0,"k":[100,100,100],"ix":6}},"ao":0,"shapes":[{"ty":"gr","it":[{"ind":0,"ty":"sh","ix":1,"ks":{"a":0,"k":{"i":[[6.508,0],[0,0],[0,6.508],[0,0],[-6.508,0],[0,0],[0,-6.508],[0,0]],"o":[[0,0],[-6.508,0],[0,0],[0,-6.508],[0,0],[6.508,0],[0,0],[0,6.508]],"v":[[178.344,11.783],[-178.344,11.783],[-190.127,0],[-190.127,0],[-178.344,-11.783],[178.344,-11.783],[190.127,0],[190.127,0]],"c":true},"ix":2},"nm":"Path 1","mn":"ADBE Vector Shape - Group","hd":false},{"ty":"fl","c":{"a":0,"k":[0.341176480055,0.635294139385,0.949019610882,1],"ix":4},"o":{"a":0,"k":100,"ix":5},"r":1,"bm":0,"nm":"Fill 1","mn":"ADBE Vector Graphic - Fill","hd":false},{"ty":"tr","p":{"a":1,"k":[{"i":{"x":0.667,"y":1},"o":{"x":0.333,"y":0},"t":18,"s":[-176,0],"to":[29.333,0],"ti":[-29.333,0]},{"t":32,"s":[0,0]}],"ix":2},"a":{"a":0,"k":[0,0],"ix":1},"s":{"a":1,"k":[{"i":{"x":[0.667,0.667],"y":[1,1]},"o":{"x":[0.333,0.333],"y":[0,0]},"t":18,"s":[0,100]},{"t":32,"s":[100,100]}],"ix":3},"r":{"a":0,"k":0,"ix":6},"o":{"a":0,"k":100,"ix":7},"sk":{"a":0,"k":0,"ix":4},"sa":{"a":0,"k":0,"ix":5},"nm":"Transform"}],"nm":"Group 1","np":2,"cix":2,"bm":0,"ix":1,"mn":"ADBE Vector Group","hd":false}],"ip":0,"op":125,"st":0,"bm":0},{"ddd":0,"ind":6,"ty":4,"nm":"Layer 9","parent":9,"sr":1,"ks":{"o":{"a":0,"k":100,"ix":11},"r":{"a":0,"k":-180,"ix":10},"p":{"a":0,"k":[-146.178,59.873,0],"ix":2},"a":{"a":0,"k":[0,0,0],"ix":1},"s":{"a":0,"k":[100,100,100],"ix":6}},"ao":0,"shapes":[{"ty":"gr","it":[{"ind":0,"ty":"sh","ix":1,"ks":{"a":0,"k":{"i":[[4.925,0],[0,0],[0,4.925],[0,0],[-4.925,0],[0,0],[0,-4.925],[0,0]],"o":[[0,0],[-4.925,0],[0,0],[0,-4.925],[0,0],[4.925,0],[0,0],[0,4.925]],"v":[[36.306,28.025],[-36.306,28.025],[-45.223,19.108],[-45.223,-19.108],[-36.306,-28.025],[36.306,-28.025],[45.223,-19.108],[45.223,19.108]],"c":true},"ix":2},"nm":"Path 1","mn":"ADBE Vector Shape - Group","hd":false},{"ty":"fl","c":{"a":0,"k":[0.454901963472,0.874509811401,0.298039227724,1],"ix":4},"o":{"a":0,"k":100,"ix":5},"r":1,"bm":0,"nm":"Fill 1","mn":"ADBE Vector Graphic - Fill","hd":false},{"ty":"tr","p":{"a":1,"k":[{"i":{"x":0.667,"y":1},"o":{"x":0.333,"y":0},"t":15,"s":[-95,0],"to":[15.833,0],"ti":[-15.833,0]},{"t":25,"s":[0,0]}],"ix":2},"a":{"a":0,"k":[0,0],"ix":1},"s":{"a":1,"k":[{"i":{"x":[0.667,0.667],"y":[1,1]},"o":{"x":[0.333,0.333],"y":[0,0]},"t":15,"s":[0,100]},{"t":25,"s":[100,100]}],"ix":3},"r":{"a":0,"k":0,"ix":6},"o":{"a":0,"k":100,"ix":7},"sk":{"a":0,"k":0,"ix":4},"sa":{"a":0,"k":0,"ix":5},"nm":"Transform"}],"nm":"Group 1","np":2,"cix":2,"bm":0,"ix":1,"mn":"ADBE Vector Group","hd":false}],"ip":0,"op":125,"st":0,"bm":0},{"ddd":0,"ind":7,"ty":4,"nm":"Layer 8","parent":9,"sr":1,"ks":{"o":{"a":0,"k":100,"ix":11},"r":{"a":0,"k":-180,"ix":10},"p":{"a":0,"k":[89.49,53.866,0],"ix":2},"a":{"a":0,"k":[0,0,0],"ix":1},"s":{"a":1,"k":[{"i":{"x":[0.21,0.21,0.21],"y":[1,1,1]},"o":{"x":[0.79,0.79,0.79],"y":[0,0,0]},"t":16,"s":[0,0,100]},{"i":{"x":[0.21,0.21,0.21],"y":[1,1,1]},"o":{"x":[0.79,0.79,0.79],"y":[0,0,0]},"t":23,"s":[150,150,100]},{"i":{"x":[0.21,0.21,0.21],"y":[1,1,1]},"o":{"x":[0.167,0.167,0.167],"y":[0,0,0]},"t":31,"s":[80,80,100]},{"t":36,"s":[100,100,100]}],"ix":6}},"ao":0,"shapes":[{"ty":"gr","it":[{"ind":0,"ty":"sh","ix":1,"ks":{"a":0,"k":{"i":[[0,-24.976],[24.976,0],[0,24.976],[-24.976,0]],"o":[[0,24.976],[-24.976,0],[0,-24.976],[24.976,0]],"v":[[45.223,0],[0,45.223],[-45.223,0],[0,-45.223]],"c":true},"ix":2},"nm":"Path 1","mn":"ADBE Vector Shape - Group","hd":false},{"ty":"fl","c":{"a":0,"k":[0.341176480055,0.635294139385,0.949019610882,1],"ix":4},"o":{"a":0,"k":100,"ix":5},"r":1,"bm":0,"nm":"Fill 1","mn":"ADBE Vector Graphic - Fill","hd":false},{"ty":"tr","p":{"a":0,"k":[0,0],"ix":2},"a":{"a":0,"k":[0,0],"ix":1},"s":{"a":0,"k":[100,100],"ix":3},"r":{"a":0,"k":0,"ix":6},"o":{"a":0,"k":100,"ix":7},"sk":{"a":0,"k":0,"ix":4},"sa":{"a":0,"k":0,"ix":5},"nm":"Transform"}],"nm":"Group 1","np":2,"cix":2,"bm":0,"ix":1,"mn":"ADBE Vector Group","hd":false}],"ip":0,"op":125,"st":0,"bm":0},{"ddd":0,"ind":8,"ty":4,"nm":"Layer 7","parent":9,"sr":1,"ks":{"o":{"a":0,"k":100,"ix":11},"r":{"a":0,"k":-180,"ix":10},"p":{"a":0,"k":[143.631,53.866,0],"ix":2},"a":{"a":0,"k":[0,0,0],"ix":1},"s":{"a":1,"k":[{"i":{"x":[0.21,0.21,0.21],"y":[1,1,1]},"o":{"x":[0.79,0.79,0.79],"y":[0,0,0]},"t":14,"s":[0,0,100]},{"i":{"x":[0.21,0.21,0.21],"y":[1,1,1]},"o":{"x":[0.79,0.79,0.79],"y":[0,0,0]},"t":21,"s":[110,110,100]},{"t":26,"s":[100,100,100]}],"ix":6}},"ao":0,"shapes":[{"ty":"gr","it":[{"ind":0,"ty":"sh","ix":1,"ks":{"a":0,"k":{"i":[[0,-24.976],[24.976,0],[0,24.976],[-24.976,0]],"o":[[0,24.976],[-24.976,0],[0,-24.976],[24.976,0]],"v":[[45.223,0],[0,45.223],[-45.223,0],[0,-45.223]],"c":true},"ix":2},"nm":"Path 1","mn":"ADBE Vector Shape - Group","hd":false},{"ty":"fl","c":{"a":0,"k":[0.015686275437,0.450980395079,0.917647063732,1],"ix":4},"o":{"a":0,"k":100,"ix":5},"r":1,"bm":0,"nm":"Fill 1","mn":"ADBE Vector Graphic - Fill","hd":false},{"ty":"tr","p":{"a":0,"k":[0,0],"ix":2},"a":{"a":0,"k":[0,0],"ix":1},"s":{"a":0,"k":[100,100],"ix":3},"r":{"a":0,"k":0,"ix":6},"o":{"a":0,"k":100,"ix":7},"sk":{"a":0,"k":0,"ix":4},"sa":{"a":0,"k":0,"ix":5},"nm":"Transform"}],"nm":"Group 1","np":2,"cix":2,"bm":0,"ix":1,"mn":"ADBE Vector Group","hd":false}],"ip":0,"op":125,"st":0,"bm":0},{"ddd":0,"ind":9,"ty":4,"nm":"MainCard","sr":1,"ks":{"o":{"a":0,"k":100,"ix":11},"r":{"a":1,"k":[{"i":{"x":[0.23],"y":[1]},"o":{"x":[0.77],"y":[0]},"t":0,"s":[0]},{"t":31,"s":[180]}],"ix":10},"p":{"a":1,"k":[{"i":{"x":0.28,"y":1},"o":{"x":0.72,"y":0},"t":9,"s":[600,600,0],"to":[-4.701,-19.538,0],"ti":[4.701,19.538,0]},{"t":19,"s":[571.792,482.769,0]}],"ix":2},"a":{"a":0,"k":[0,0,0],"ix":1},"s":{"a":1,"k":[{"i":{"x":[0.28,0.28,0.28],"y":[1,1,1]},"o":{"x":[0.72,0.72,0.72],"y":[0,0,0]},"t":0,"s":[0,0,100]},{"i":{"x":[0.28,0.28,0.28],"y":[1,1,1]},"o":{"x":[0.72,0.72,0.72],"y":[0,0,0]},"t":6,"s":[110,110,100]},{"t":11,"s":[100,100,100]}],"ix":6}},"ao":0,"shapes":[{"ty":"gr","it":[{"ind":0,"ty":"sh","ix":1,"ks":{"a":0,"k":{"i":[[-14.423,0],[0,0],[0,-14.423],[0,0],[14.423,0],[0,0],[0,14.423],[0,0]],"o":[[0,0],[14.423,0],[0,0],[0,14.423],[0,0],[-14.423,0],[0,0],[0,-14.423]],"v":[[-209.236,-146.497],[209.236,-146.497],[235.35,-120.382],[235.35,120.382],[209.236,146.497],[-209.236,146.497],[-235.35,120.382],[-235.35,-120.382]],"c":true},"ix":2},"nm":"Path 1","mn":"ADBE Vector Shape - Group","hd":false},{"ty":"fl","c":{"a":0,"k":[0.219607844949,0.823529422283,0,1],"ix":4},"o":{"a":0,"k":100,"ix":5},"r":1,"bm":0,"nm":"Fill 1","mn":"ADBE Vector Graphic - Fill","hd":false},{"ty":"tr","p":{"a":0,"k":[0,0],"ix":2},"a":{"a":0,"k":[0,0],"ix":1},"s":{"a":0,"k":[100,100],"ix":3},"r":{"a":0,"k":0,"ix":6},"o":{"a":0,"k":100,"ix":7},"sk":{"a":0,"k":0,"ix":4},"sa":{"a":0,"k":0,"ix":5},"nm":"Transform"}],"nm":"Group 1","np":2,"cix":2,"bm":0,"ix":1,"mn":"ADBE Vector Group","hd":false}],"ip":0,"op":125,"st":0,"bm":0},{"ddd":0,"ind":10,"ty":4,"nm":"BackCard_Line","parent":11,"sr":1,"ks":{"o":{"a":0,"k":100,"ix":11},"r":{"a":0,"k":0,"ix":10},"p":{"a":0,"k":[-35.191,-35.191,0],"ix":2},"a":{"a":0,"k":[0,0,0],"ix":1},"s":{"a":0,"k":[100,100,100],"ix":6}},"ao":0,"shapes":[{"ty":"gr","it":[{"ind":0,"ty":"sh","ix":1,"ks":{"a":0,"k":{"i":[[0,0],[0,0],[0,0],[0,0]],"o":[[0,0],[0,0],[0,0],[0,0]],"v":[[-194.443,138.392],[138.392,-194.443],[194.443,-138.392],[-138.392,194.443]],"c":true},"ix":2},"nm":"Path 1","mn":"ADBE Vector Shape - Group","hd":false},{"ty":"fl","c":{"a":0,"k":[0.454901963472,0.874509811401,0.298039227724,1],"ix":4},"o":{"a":0,"k":100,"ix":5},"r":1,"bm":0,"nm":"Fill 1","mn":"ADBE Vector Graphic - Fill","hd":false},{"ty":"tr","p":{"a":0,"k":[0,0],"ix":2},"a":{"a":0,"k":[0,0],"ix":1},"s":{"a":0,"k":[100,100],"ix":3},"r":{"a":0,"k":0,"ix":6},"o":{"a":0,"k":100,"ix":7},"sk":{"a":0,"k":0,"ix":4},"sa":{"a":0,"k":0,"ix":5},"nm":"Transform"}],"nm":"Group 1","np":2,"cix":2,"bm":0,"ix":1,"mn":"ADBE Vector Group","hd":false}],"ip":16,"op":125,"st":0,"bm":0},{"ddd":0,"ind":11,"ty":4,"nm":"BackCard","sr":1,"ks":{"o":{"a":0,"k":100,"ix":11},"r":{"a":1,"k":[{"i":{"x":[0.12],"y":[1]},"o":{"x":[0.77],"y":[0]},"t":9,"s":[-103]},{"t":37,"s":[0]}],"ix":10},"p":{"a":1,"k":[{"i":{"x":0.12,"y":1},"o":{"x":0.77,"y":0},"t":9,"s":[600,584.374,0],"to":[21.413,10.667,0],"ti":[-21.413,-10.667,0]},{"t":37,"s":[728.48,648.374,0]}],"ix":2},"a":{"a":0,"k":[0,0,0],"ix":1},"s":{"a":1,"k":[{"i":{"x":[0.12,0.12,0.12],"y":[1,1,1]},"o":{"x":[0.77,0.77,0.77],"y":[0,0,0]},"t":9,"s":[95,95,100]},{"t":37,"s":[100,100,100]}],"ix":6}},"ao":0,"shapes":[{"ty":"gr","it":[{"ind":0,"ty":"sh","ix":1,"ks":{"a":0,"k":{"i":[[-10.198,10.198],[0,0],[-10.198,-10.198],[0,0],[10.198,-10.198],[0,0],[10.198,10.198],[0,0]],"o":[[0,0],[10.198,-10.198],[0,0],[10.198,10.198],[0,0],[-10.198,10.198],[0,0],[-10.198,-10.198]],"v":[[-251.541,44.363],[44.363,-251.541],[81.295,-251.541],[251.541,-81.295],[251.541,-44.363],[-44.363,251.541],[-81.295,251.541],[-251.541,81.295]],"c":true},"ix":2},"nm":"Path 1","mn":"ADBE Vector Shape - Group","hd":false},{"ty":"fl","c":{"a":0,"k":[0.137254908681,0.521568655968,0,1],"ix":4},"o":{"a":0,"k":100,"ix":5},"r":1,"bm":0,"nm":"Fill 1","mn":"ADBE Vector Graphic - Fill","hd":false},{"ty":"tr","p":{"a":0,"k":[0,0],"ix":2},"a":{"a":0,"k":[0,0],"ix":1},"s":{"a":0,"k":[100,100],"ix":3},"r":{"a":0,"k":0,"ix":6},"o":{"a":0,"k":100,"ix":7},"sk":{"a":0,"k":0,"ix":4},"sa":{"a":0,"k":0,"ix":5},"nm":"Transform"}],"nm":"Group 1","np":2,"cix":2,"bm":0,"ix":1,"mn":"ADBE Vector Group","hd":false}],"ip":16,"op":125,"st":0,"bm":0}]}],"layers":[{"ddd":0,"ind":1,"ty":4,"nm":"Tick","sr":1,"ks":{"o":{"a":0,"k":100,"ix":11},"r":{"a":0,"k":0,"ix":10},"p":{"a":0,"k":[600,610,0],"ix":2},"a":{"a":0,"k":[55.206,-18,0],"ix":1},"s":{"a":1,"k":[{"i":{"x":[0.16,0.16,0.16],"y":[1,1,1]},"o":{"x":[0.84,0.84,0.84],"y":[0,0,0]},"t":52,"s":[0,0,100]},{"i":{"x":[0.16,0.16,0.16],"y":[1,1,1]},"o":{"x":[0.84,0.84,0.84],"y":[0,0,0]},"t":63,"s":[110,110,100]},{"i":{"x":[0.19,0.19,0.19],"y":[1,1,1]},"o":{"x":[0.84,0.84,0.84],"y":[0,0,0]},"t":76,"s":[90,90,100]},{"i":{"x":[0.833,0.833,0.833],"y":[0.833,1,-0.515]},"o":{"x":[0.81,0.81,0.81],"y":[0,0,0]},"t":112,"s":[100,100,100]},{"t":120,"s":[0,100,100]}],"ix":6}},"ao":0,"shapes":[{"ty":"gr","it":[{"ind":0,"ty":"sh","ix":1,"ks":{"a":0,"k":{"i":[[17.893,16.48],[0,0],[16.48,-17.893],[0,0],[0,0],[16.48,-17.893],[0,0],[-17.893,-16.48],[0,0],[0,0],[0,0],[0,0]],"o":[[0,0],[-17.893,-16.481],[0,0],[0,0],[-17.893,-16.48],[0,0],[-16.48,17.893],[0,0],[0,0],[0,0],[0,0],[16.48,-17.893]],"v":[[317.941,-262.349],[317.941,-262.35],[255.702,-259.791],[-75.339,99.63],[-203.848,-18.731],[-266.087,-16.173],[-266.087,-16.173],[-263.529,46.066],[-73.9,220.722],[-73.856,220.674],[-70.179,224.062],[320.5,-200.11]],"c":true},"ix":2},"nm":"Path 1","mn":"ADBE Vector Shape - Group","hd":false},{"ty":"fl","c":{"a":0,"k":[0.137254908681,0.521568655968,0,1],"ix":4},"o":{"a":0,"k":100,"ix":5},"r":1,"bm":0,"nm":"Fill 1","mn":"ADBE Vector Graphic - Fill","hd":false},{"ty":"tr","p":{"a":0,"k":[0,0],"ix":2},"a":{"a":0,"k":[0,0],"ix":1},"s":{"a":0,"k":[100,100],"ix":3},"r":{"a":0,"k":0,"ix":6},"o":{"a":0,"k":100,"ix":7},"sk":{"a":0,"k":0,"ix":4},"sa":{"a":0,"k":0,"ix":5},"nm":"Transform"}],"nm":"Group 1","np":2,"cix":2,"bm":0,"ix":1,"mn":"ADBE Vector Group","hd":false}],"ip":-5,"op":140,"st":-5,"bm":0},{"ddd":0,"ind":2,"ty":0,"nm":"Pops_03","refId":"comp_0","sr":1,"ks":{"o":{"a":0,"k":100,"ix":11},"r":{"a":0,"k":0,"ix":10},"p":{"a":0,"k":[622,600,0],"ix":2},"a":{"a":0,"k":[600,600,0],"ix":1},"s":{"a":0,"k":[120,120,100],"ix":6}},"ao":0,"w":1200,"h":1200,"ip":87,"op":87,"st":57,"bm":0,"hidden":57},{"ddd":0,"ind":3,"ty":0,"nm":"Card_Anim","refId":"comp_1","sr":1,"ks":{"o":{"a":0,"k":100,"ix":11},"r":{"a":0,"k":0,"ix":10},"p":{"a":0,"k":[600,600,0],"ix":2},"a":{"a":0,"k":[600,600,0],"ix":1},"s":{"a":1,"k":[{"i":{"x":[0.2,0.2,0.2],"y":[1,1,1]},"o":{"x":[0.167,0.167,0.167],"y":[0.167,0,0]},"t":3,"s":[0,100,100]},{"i":{"x":[0.2,0.2,0.2],"y":[1,1,1]},"o":{"x":[0.8,0.8,0.8],"y":[0,0,0]},"t":11,"s":[100,100,100]},{"i":{"x":[0.833,0.833,0.833],"y":[0.833,1,1]},"o":{"x":[0.8,0.8,0.8],"y":[0,0,0]},"t":38,"s":[100,100,100]},{"t":46,"s":[0,100,100]}],"ix":6}},"ao":0,"w":1200,"h":1200,"ip":-5,"op":120,"st":-5,"bm":0},{"ddd":0,"ind":4,"ty":4,"nm":"Coin_Turn","sr":1,"ks":{"o":{"a":0,"k":100,"ix":11},"r":{"a":0,"k":0,"ix":10},"p":{"a":0,"k":[600,600,0],"ix":2},"a":{"a":0,"k":[600,600,0],"ix":1},"s":{"a":1,"k":[{"i":{"x":[0.5,0.5,0.5],"y":[1,1,1]},"o":{"x":[0.5,0.5,0.5],"y":[0,0,0]},"t":3,"s":[117,117,100]},{"i":{"x":[0.5,0.5,0.5],"y":[1,1,1]},"o":{"x":[0.5,0.5,0.5],"y":[0,0,0]},"t":12,"s":[90,90,100]},{"i":{"x":[0.5,0.5,0.5],"y":[1,1,1]},"o":{"x":[0.167,0.167,0.167],"y":[0,0,0]},"t":18,"s":[105,105,100]},{"i":{"x":[0.833,0.833,0.833],"y":[1,1,1]},"o":{"x":[0.167,0.167,0.167],"y":[0,0,0]},"t":25,"s":[100,100,100]},{"i":{"x":[0.5,0.5,0.5],"y":[1,1,1]},"o":{"x":[0.5,0.5,0.5],"y":[0,0,0]},"t":38,"s":[100,100,100]},{"i":{"x":[0.5,0.5,0.5],"y":[1,1,1]},"o":{"x":[0.5,0.5,0.5],"y":[0,0,0]},"t":46,"s":[117,117,100]},{"i":{"x":[0.5,0.5,0.5],"y":[1,1,1]},"o":{"x":[0.5,0.5,0.5],"y":[0,0,0]},"t":55,"s":[90,90,100]},{"i":{"x":[0.5,0.5,0.5],"y":[1,1,1]},"o":{"x":[0.167,0.167,0.167],"y":[0,0,0]},"t":61,"s":[105,105,100]},{"i":{"x":[0.833,0.833,0.833],"y":[1,1,1]},"o":{"x":[0.167,0.167,0.167],"y":[0,0,0]},"t":68,"s":[100,100,100]},{"i":{"x":[0.5,0.5,0.5],"y":[1,1,1]},"o":{"x":[0.5,0.5,0.5],"y":[0,0,0]},"t":112,"s":[100,100,100]},{"t":120,"s":[117,117,100]}],"ix":6}},"ao":0,"shapes":[{"ty":"gr","it":[{"ty":"gr","it":[{"ind":0,"ty":"sh","ix":1,"ks":{"a":1,"k":[{"i":{"x":0.11,"y":1},"o":{"x":0.167,"y":0.167},"t":3,"s":[{"i":[[0,-234.383],[1.932,-3.079],[8.965,6.286],[0,233.855],[-5.968,1.346],[-3.803,-3.498]],"o":[[0,233.214],[-3.209,5.116],[-7.408,-5.194],[0,-234.08],[14.812,-3.341],[1.877,1.727]],"v":[[56.466,0.001],[50.959,450.634],[-49.09,450.839],[-64.466,0.001],[-48.438,-450.909],[47.553,-451.002]],"c":true}]},{"i":{"x":0.833,"y":1},"o":{"x":0.167,"y":0},"t":11,"s":[{"i":[[0,-394],[-0.065,0.106],[16.787,1.884],[0,233.152],[-226.69,25.102],[-0.058,0.039]],"o":[[0,394],[-0.065,0.106],[-226.365,-25.408],[0,-233.383],[16.57,-1.835],[-0.058,0.039]],"v":[[-410.534,0],[0.065,452.894],[-51.143,450.614],[-453.466,0],[-50.469,-450.689],[0.058,-453.039]],"c":true}]},{"i":{"x":0.833,"y":0.833},"o":{"x":0.89,"y":0},"t":38,"s":[{"i":[[0,-394],[-0.065,0.106],[16.787,1.884],[0,233.152],[-226.69,25.102],[-0.058,0.039]],"o":[[0,394],[-0.065,0.106],[-226.365,-25.408],[0,-233.383],[16.57,-1.835],[-0.058,0.039]],"v":[[-410.534,0],[0.065,452.894],[-51.143,450.614],[-453.466,0],[-50.469,-450.689],[0.058,-453.039]],"c":true}]},{"i":{"x":0.11,"y":1},"o":{"x":0.167,"y":0.167},"t":46,"s":[{"i":[[0,-234.383],[1.932,-3.079],[8.965,6.286],[0,233.855],[-5.968,1.346],[-3.803,-3.498]],"o":[[0,233.214],[-3.209,5.116],[-7.408,-5.194],[0,-234.08],[14.812,-3.341],[1.877,1.727]],"v":[[56.466,0.001],[50.959,450.634],[-49.09,450.839],[-64.466,0.001],[-48.438,-450.909],[47.553,-451.002]],"c":true}]},{"i":{"x":0.11,"y":1},"o":{"x":0.167,"y":0},"t":54,"s":[{"i":[[0,-233.695],[225.439,-26.276],[0.143,-0.114],[0,393],[-0.031,-0.061],[-16.276,-1.769]],"o":[[0,232.491],[-17.406,2.029],[0.143,-0.114],[0,-393],[-0.031,-0.061],[227.128,24.687]],"v":[[453.466,0],[53.065,450.394],[-0.143,453.114],[415.534,0],[0.031,-452.939],[49.558,-450.789]],"c":true}]},{"i":{"x":0.833,"y":0.833},"o":{"x":0.89,"y":0},"t":112,"s":[{"i":[[0,-233.695],[225.439,-26.276],[0.143,-0.114],[0,393],[-0.031,-0.061],[-16.276,-1.769]],"o":[[0,232.491],[-17.406,2.029],[0.143,-0.114],[0,-393],[-0.031,-0.061],[227.128,24.687]],"v":[[453.466,0],[53.065,450.394],[-0.143,453.114],[415.534,0],[0.031,-452.939],[49.558,-450.789]],"c":true}]},{"t":120,"s":[{"i":[[0,-234.383],[1.932,-3.079],[8.965,6.286],[0,233.855],[-5.968,1.346],[-3.803,-3.498]],"o":[[0,233.214],[-3.209,5.116],[-7.408,-5.194],[0,-234.08],[14.812,-3.341],[1.877,1.727]],"v":[[56.466,0.001],[50.959,450.634],[-49.09,450.839],[-64.466,0.001],[-48.438,-450.909],[47.553,-451.002]],"c":true}]}],"ix":2},"nm":"Path 1","mn":"ADBE Vector Shape - Group","hd":false},{"ty":"fl","c":{"a":1,"k":[{"i":{"x":[0.833],"y":[0.833]},"o":{"x":[0.167],"y":[0.167]},"t":0,"s":[0.219607844949,0.823529422283,0,1]},{"i":{"x":[0.833],"y":[0.833]},"o":{"x":[0.167],"y":[0.167]},"t":6,"s":[0.529411792755,0.737254917622,0.964705884457,1]},{"i":{"x":[0.833],"y":[0.833]},"o":{"x":[0.167],"y":[0.167]},"t":43,"s":[0.529411792755,0.737254917622,0.964705884457,1]},{"i":{"x":[0.833],"y":[0.833]},"o":{"x":[0.167],"y":[0.167]},"t":49,"s":[0.219607844949,0.823529422283,0,1]},{"i":{"x":[0.833],"y":[0.833]},"o":{"x":[0.167],"y":[0.167]},"t":117,"s":[0.219607844949,0.823529422283,0,1]},{"t":124,"s":[0.529411792755,0.737254917622,0.964705884457,1]}],"ix":4},"o":{"a":0,"k":100,"ix":5},"r":1,"bm":0,"nm":"Fill 1","mn":"ADBE Vector Graphic - Fill","hd":false},{"ty":"tr","p":{"a":0,"k":[0,0],"ix":2},"a":{"a":0,"k":[0,0],"ix":1},"s":{"a":0,"k":[100,100],"ix":3},"r":{"a":0,"k":0,"ix":6},"o":{"a":0,"k":100,"ix":7},"sk":{"a":0,"k":0,"ix":4},"sa":{"a":0,"k":0,"ix":5},"nm":"Transform"}],"nm":"Group 1","np":2,"cix":2,"bm":0,"ix":1,"mn":"ADBE Vector Group","hd":false},{"ty":"tr","p":{"a":0,"k":[600,600],"ix":2},"a":{"a":0,"k":[0,0],"ix":1},"s":{"a":0,"k":[100,100],"ix":3},"r":{"a":0,"k":0,"ix":6},"o":{"a":0,"k":100,"ix":7},"sk":{"a":0,"k":0,"ix":4},"sa":{"a":0,"k":0,"ix":5},"nm":"Transform"}],"nm":"Layer 10","np":1,"cix":2,"bm":0,"ix":1,"mn":"ADBE Vector Group","hd":false},{"ty":"gr","it":[{"ty":"gr","it":[{"ind":0,"ty":"sh","ix":1,"ks":{"a":1,"k":[{"i":{"x":0.11,"y":1},"o":{"x":0.167,"y":0.167},"t":3,"s":[{"i":[[0,-234.383],[1.932,-3.079],[17.228,0],[8.965,6.286],[0,233.855],[-5.968,1.346],[-16.363,0],[-3.803,-3.498]],"o":[[0,233.214],[-3.209,5.116],[-16.587,0],[-7.408,-5.194],[0,-234.08],[14.812,-3.341],[16.059,0],[1.877,1.727]],"v":[[56.466,0.001],[50.959,450.634],[-2.125,455.466],[-49.09,450.839],[-64.466,0.001],[-48.438,-450.909],[0,-453.966],[47.553,-451.002]],"c":true}]},{"i":{"x":0.833,"y":1},"o":{"x":0.167,"y":0},"t":11,"s":[{"i":[[0,-233.695],[225.439,-26.276],[17.951,0],[16.787,1.884],[0,233.152],[-226.69,25.102],[-17.059,0],[-16.276,-1.769]],"o":[[0,232.491],[-17.407,2.029],[-17.291,0],[-226.366,-25.408],[0,-233.383],[16.57,-1.835],[16.747,0],[227.128,24.687]],"v":[[453.466,0],[53.065,450.394],[0,453.466],[-51.143,450.614],[-453.466,0],[-50.469,-450.689],[0,-453.466],[49.558,-450.789]],"c":true}]},{"i":{"x":0.833,"y":0.833},"o":{"x":0.89,"y":0},"t":38,"s":[{"i":[[0,-233.695],[225.439,-26.276],[17.951,0],[16.787,1.884],[0,233.152],[-226.69,25.102],[-17.059,0],[-16.276,-1.769]],"o":[[0,232.491],[-17.407,2.029],[-17.291,0],[-226.366,-25.408],[0,-233.383],[16.57,-1.835],[16.747,0],[227.128,24.687]],"v":[[453.466,0],[53.065,450.394],[0,453.466],[-51.143,450.614],[-453.466,0],[-50.469,-450.689],[0,-453.466],[49.558,-450.789]],"c":true}]},{"i":{"x":0.11,"y":1},"o":{"x":0.167,"y":0.167},"t":46,"s":[{"i":[[0,-234.383],[1.932,-3.079],[17.228,0],[8.965,6.286],[0,233.855],[-5.968,1.346],[-16.363,0],[-3.803,-3.498]],"o":[[0,233.214],[-3.209,5.116],[-16.587,0],[-7.408,-5.194],[0,-234.08],[14.812,-3.341],[16.059,0],[1.877,1.727]],"v":[[56.466,0.001],[50.959,450.634],[-2.125,455.466],[-49.09,450.839],[-64.466,0.001],[-48.438,-450.909],[0,-453.966],[47.553,-451.002]],"c":true}]},{"i":{"x":0.11,"y":1},"o":{"x":0.167,"y":0},"t":54,"s":[{"i":[[0,-233.695],[225.439,-26.276],[17.951,0],[16.787,1.884],[0,233.152],[-226.69,25.102],[-17.059,0],[-16.276,-1.769]],"o":[[0,232.491],[-17.407,2.029],[-17.291,0],[-226.366,-25.408],[0,-233.383],[16.57,-1.835],[16.747,0],[227.128,24.687]],"v":[[453.466,0],[53.065,450.394],[0,453.466],[-51.143,450.614],[-453.466,0],[-50.469,-450.689],[0,-453.466],[49.558,-450.789]],"c":true}]},{"i":{"x":0.833,"y":0.833},"o":{"x":0.89,"y":0},"t":112,"s":[{"i":[[0,-233.695],[225.439,-26.276],[17.951,0],[16.787,1.884],[0,233.152],[-226.69,25.102],[-17.059,0],[-16.276,-1.769]],"o":[[0,232.491],[-17.407,2.029],[-17.291,0],[-226.366,-25.408],[0,-233.383],[16.57,-1.835],[16.747,0],[227.128,24.687]],"v":[[453.466,0],[53.065,450.394],[0,453.466],[-51.143,450.614],[-453.466,0],[-50.469,-450.689],[0,-453.466],[49.558,-450.789]],"c":true}]},{"t":120,"s":[{"i":[[0,-234.383],[1.932,-3.079],[17.228,0],[8.965,6.286],[0,233.855],[-5.968,1.346],[-16.363,0],[-3.803,-3.498]],"o":[[0,233.214],[-3.209,5.116],[-16.587,0],[-7.408,-5.194],[0,-234.08],[14.812,-3.341],[16.059,0],[1.877,1.727]],"v":[[56.466,0.001],[50.959,450.634],[-2.125,455.466],[-49.09,450.839],[-64.466,0.001],[-48.438,-450.909],[0,-453.966],[47.553,-451.002]],"c":true}]}],"ix":2},"nm":"Path 1","mn":"ADBE Vector Shape - Group","hd":false},{"ty":"fl","c":{"a":1,"k":[{"i":{"x":[0.833],"y":[0.833]},"o":{"x":[0.167],"y":[0.167]},"t":0,"s":[0.607843160629,0.909803926945,0.501960813999,1]},{"i":{"x":[0.833],"y":[0.833]},"o":{"x":[0.167],"y":[0.167]},"t":6,"s":[0.811764717102,0.89411765337,0.984313726425,1]},{"i":{"x":[0.833],"y":[0.833]},"o":{"x":[0.167],"y":[0.167]},"t":43,"s":[0.811764717102,0.89411765337,0.984313726425,1]},{"i":{"x":[0.833],"y":[0.833]},"o":{"x":[0.167],"y":[0.167]},"t":49,"s":[0.607843160629,0.909803926945,0.501960813999,1]},{"i":{"x":[0.833],"y":[0.833]},"o":{"x":[0.167],"y":[0.167]},"t":117,"s":[0.607843160629,0.909803926945,0.501960813999,1]},{"t":124,"s":[0.811764717102,0.89411765337,0.984313726425,1]}],"ix":4},"o":{"a":0,"k":100,"ix":5},"r":1,"bm":0,"nm":"Fill 1","mn":"ADBE Vector Graphic - Fill","hd":false},{"ty":"tr","p":{"a":0,"k":[0,0],"ix":2},"a":{"a":0,"k":[0,0],"ix":1},"s":{"a":0,"k":[100,100],"ix":3},"r":{"a":0,"k":0,"ix":6},"o":{"a":0,"k":100,"ix":7},"sk":{"a":0,"k":0,"ix":4},"sa":{"a":0,"k":0,"ix":5},"nm":"Transform"}],"nm":"Group 1","np":2,"cix":2,"bm":0,"ix":1,"mn":"ADBE Vector Group","hd":false},{"ty":"tr","p":{"a":0,"k":[600,600],"ix":2},"a":{"a":0,"k":[0,0],"ix":1},"s":{"a":0,"k":[100,100],"ix":3},"r":{"a":0,"k":0,"ix":6},"o":{"a":0,"k":100,"ix":7},"sk":{"a":0,"k":0,"ix":4},"sa":{"a":0,"k":0,"ix":5},"nm":"Transform"}],"nm":"Layer 8","np":1,"cix":2,"bm":0,"ix":2,"mn":"ADBE Vector Group","hd":false}],"ip":-5,"op":140,"st":-5,"bm":0}],"markers":[]}