{"v":"5.5.7","meta":{"g":"LottieFiles AE 0.1.21","a":"","k":"","d":"","tc":""},"fr":25,"ip":0,"op":81,"w":1200,"h":1200,"nm":"Wealth Lending 2","ddd":0,"assets":[],"layers":[{"ddd":0,"ind":1,"ty":4,"nm":"Woman","sr":1,"ks":{"o":{"a":0,"k":100,"ix":11},"r":{"a":0,"k":0,"ix":10},"p":{"a":0,"k":[823.123,882.242,0],"ix":2},"a":{"a":0,"k":[823.123,882.242,0],"ix":1},"s":{"a":0,"k":[100,100,100],"ix":6}},"ao":0,"shapes":[{"ty":"gr","it":[{"ty":"gr","it":[{"ind":0,"ty":"sh","ix":1,"ks":{"a":0,"k":{"i":[[6.202,-13.023],[14.783,7.04],[-6.202,13.023],[-14.783,-7.04]],"o":[[-6.202,13.023],[-14.783,-7.04],[6.202,-13.023],[14.783,7.04]],"v":[[26.767,12.747],[-11.229,23.581],[-26.767,-12.747],[11.229,-23.581]],"c":true},"ix":2},"nm":"Path 1","mn":"ADBE Vector Shape - Group","hd":false},{"ty":"fl","c":{"a":0,"k":[0.529411792755,0.737254917622,0.964705884457,1],"ix":4},"o":{"a":0,"k":100,"ix":5},"r":1,"bm":0,"nm":"Fill 1","mn":"ADBE Vector Graphic - Fill","hd":false},{"ty":"tr","p":{"a":0,"k":[887.599,723.755],"ix":2},"a":{"a":0,"k":[0,0],"ix":1},"s":{"a":0,"k":[100,100],"ix":3},"r":{"a":0,"k":0,"ix":6},"o":{"a":0,"k":100,"ix":7},"sk":{"a":0,"k":0,"ix":4},"sa":{"a":0,"k":0,"ix":5},"nm":"Transform"}],"nm":"Group 1","np":2,"cix":2,"bm":0,"ix":1,"mn":"ADBE Vector Group","hd":false},{"ty":"gr","it":[{"ind":0,"ty":"sh","ix":1,"ks":{"a":0,"k":{"i":[[3.268,-6.864],[41.181,19.611],[-3.268,6.864],[-41.181,-19.611]],"o":[[-3.268,6.864],[-41.181,-19.611],[3.268,-6.864],[41.181,19.611]],"v":[[74.565,35.508],[-5.918,12.428],[-74.565,-35.508],[5.918,-12.428]],"c":true},"ix":2},"nm":"Path 1","mn":"ADBE Vector Shape - Group","hd":false},{"ty":"fl","c":{"a":0,"k":[0.529411792755,0.737254917622,0.964705884457,1],"ix":4},"o":{"a":0,"k":100,"ix":5},"r":1,"bm":0,"nm":"Fill 1","mn":"ADBE Vector Graphic - Fill","hd":false},{"ty":"tr","p":{"a":0,"k":[883.593,737.093],"ix":2},"a":{"a":0,"k":[0,0],"ix":1},"s":{"a":0,"k":[100,100],"ix":3},"r":{"a":0,"k":0,"ix":6},"o":{"a":0,"k":100,"ix":7},"sk":{"a":0,"k":0,"ix":4},"sa":{"a":0,"k":0,"ix":5},"nm":"Transform"}],"nm":"Group 2","np":2,"cix":2,"bm":0,"ix":2,"mn":"ADBE Vector Group","hd":false},{"ty":"gr","it":[{"ind":0,"ty":"sh","ix":1,"ks":{"a":0,"k":{"i":[[0,0],[18.263,-10.386],[0,0],[-6.975,-12.265],[0,0],[0,0]],"o":[[9.133,16.06],[0,0],[14.437,-5.552],[0,0],[0,0],[0,0]],"v":[[38.899,10.612],[22.375,58.498],[-42.813,-56.134],[-5.495,-44.991],[33.093,3.342],[33.119,3.364]],"c":true},"ix":2},"nm":"Path 1","mn":"ADBE Vector Shape - Group","hd":false},{"ty":"tr","p":{"a":0,"k":[910.947,787.695],"ix":2},"a":{"a":0,"k":[0,0],"ix":1},"s":{"a":0,"k":[100,100],"ix":3},"r":{"a":0,"k":0,"ix":6},"o":{"a":0,"k":100,"ix":7},"sk":{"a":0,"k":0,"ix":4},"sa":{"a":0,"k":0,"ix":5},"nm":"Transform"}],"nm":"Group 3","np":1,"cix":2,"bm":0,"ix":3,"mn":"ADBE Vector Group","hd":false},{"ty":"fl","c":{"a":0,"k":[0.13725490196078433,0.5215686274509804,0,1],"ix":4},"o":{"a":0,"k":100,"ix":5},"r":1,"bm":0,"nm":"Fill 1","mn":"ADBE Vector Graphic - Fill","hd":false},{"ty":"gr","it":[{"ind":0,"ty":"sh","ix":1,"ks":{"a":0,"k":{"i":[[0,-14.814],[14.814,0],[0,14.814],[-14.814,0]],"o":[[0,14.814],[-14.814,0],[0,-14.814],[14.814,0]],"v":[[26.824,0],[0,26.824],[-26.824,0],[0,-26.824]],"c":true},"ix":2},"nm":"Path 1","mn":"ADBE Vector Shape - Group","hd":false},{"ty":"fl","c":{"a":0,"k":[0.698039233685,0.54509806633,0.403921574354,1],"ix":4},"o":{"a":0,"k":100,"ix":5},"r":1,"bm":0,"nm":"Fill 1","mn":"ADBE Vector Graphic - Fill","hd":false},{"ty":"tr","p":{"a":0,"k":[872.941,740.941],"ix":2},"a":{"a":0,"k":[0,0],"ix":1},"s":{"a":0,"k":[100,100],"ix":3},"r":{"a":0,"k":0,"ix":6},"o":{"a":0,"k":100,"ix":7},"sk":{"a":0,"k":0,"ix":4},"sa":{"a":0,"k":0,"ix":5},"nm":"Transform"}],"nm":"Group 11","np":2,"cix":2,"bm":0,"ix":5,"mn":"ADBE Vector Group","hd":false},{"ty":"tr","p":{"a":1,"k":[{"i":{"x":0.833,"y":0.866},"o":{"x":0.333,"y":0},"t":5,"s":[802.093,767.569],"to":[12.5,-5.5],"ti":[-16.333,6.167]},{"i":{"x":0.833,"y":0.946},"o":{"x":0.167,"y":0.28},"t":15,"s":[877.093,734.569],"to":[16.333,-6.167],"ti":[-5.167,0.667]},{"i":{"x":0.833,"y":0.233},"o":{"x":0.167,"y":0.289},"t":21,"s":[900.093,730.569],"to":[5.167,-0.667],"ti":[16.333,-6.167]},{"i":{"x":0.667,"y":1},"o":{"x":0.167,"y":0.05},"t":51,"s":[908.093,730.569],"to":[-16.333,6.167],"ti":[17.667,-6.167]},{"t":61,"s":[802.093,767.569]}],"ix":2},"a":{"a":0,"k":[868.093,744.569],"ix":1},"s":{"a":0,"k":[100,100],"ix":3},"r":{"a":1,"k":[{"i":{"x":[0.833],"y":[0.833]},"o":{"x":[0.333],"y":[0]},"t":5,"s":[-46]},{"i":{"x":[0.833],"y":[0.833]},"o":{"x":[0.167],"y":[0.167]},"t":15,"s":[0]},{"i":{"x":[0.833],"y":[0.833]},"o":{"x":[0.167],"y":[0.167]},"t":21,"s":[15]},{"i":{"x":[0.667],"y":[1]},"o":{"x":[0.167],"y":[0.167]},"t":51,"s":[15]},{"t":61,"s":[-46]}],"ix":6},"o":{"a":0,"k":100,"ix":7},"sk":{"a":0,"k":0,"ix":4},"sa":{"a":0,"k":0,"ix":5},"nm":"Transform"}],"nm":"Head","np":5,"cix":2,"bm":0,"ix":1,"mn":"ADBE Vector Group","hd":false},{"ty":"gr","it":[{"ind":0,"ty":"sh","ix":1,"ks":{"a":0,"k":{"i":[[0,0],[0,0],[0,0],[0,0]],"o":[[0,0],[0,0],[0,0],[0,0]],"v":[[-17.071,-19.513],[-17.071,19.513],[17.071,19.513],[17.071,7.521]],"c":true},"ix":2},"nm":"Path 1","mn":"ADBE Vector Shape - Group","hd":false},{"ty":"fl","c":{"a":0,"k":[0.6980392156862745,0.25098039215686274,0.03137254901960784,1],"ix":4},"o":{"a":0,"k":100,"ix":5},"r":1,"bm":0,"nm":"Fill 1","mn":"ADBE Vector Graphic - Fill","hd":false},{"ty":"tr","p":{"a":0,"k":[955.399,1046.134],"ix":2},"a":{"a":0,"k":[0,0],"ix":1},"s":{"a":0,"k":[100,100],"ix":3},"r":{"a":0,"k":0,"ix":6},"o":{"a":0,"k":100,"ix":7},"sk":{"a":0,"k":0,"ix":4},"sa":{"a":0,"k":0,"ix":5},"nm":"Transform"}],"nm":"Group 4","np":2,"cix":2,"bm":0,"ix":2,"mn":"ADBE Vector Group","hd":false},{"ty":"gr","it":[{"ind":0,"ty":"sh","ix":1,"ks":{"a":0,"k":{"i":[[2.204,1.77],[0,0],[-1.77,2.204],[0,0],[-2.204,-1.77],[0,0],[1.77,-2.204],[0,0]],"o":[[0,0],[-2.204,-1.77],[0,0],[1.77,-2.204],[0,0],[2.204,1.77],[0,0],[-1.77,2.204]],"v":[[26.676,27.981],[-33.084,-20],[-33.871,-27.194],[-33.871,-27.194],[-26.676,-27.981],[33.084,20],[33.871,27.194],[33.871,27.194]],"c":true},"ix":2},"nm":"Path 1","mn":"ADBE Vector Shape - Group","hd":false},{"ty":"fl","c":{"a":0,"k":[0.6980392156862745,0.25098039215686274,0.03137254901960784,1],"ix":4},"o":{"a":0,"k":100,"ix":5},"r":1,"bm":0,"nm":"Fill 1","mn":"ADBE Vector Graphic - Fill","hd":false},{"ty":"tr","p":{"a":0,"k":[961.211,1038.431],"ix":2},"a":{"a":0,"k":[0,0],"ix":1},"s":{"a":0,"k":[100,100],"ix":3},"r":{"a":0,"k":0,"ix":6},"o":{"a":0,"k":100,"ix":7},"sk":{"a":0,"k":0,"ix":4},"sa":{"a":0,"k":0,"ix":5},"nm":"Transform"}],"nm":"Group 5","np":2,"cix":2,"bm":0,"ix":3,"mn":"ADBE Vector Group","hd":false},{"ty":"gr","it":[{"ind":0,"ty":"sh","ix":1,"ks":{"a":1,"k":[{"i":{"x":0.833,"y":0.833},"o":{"x":0.333,"y":0},"t":5,"s":[{"i":[[0,0],[0,0],[0,0],[-19.685,-4.301],[0,0],[-5.514,-7.855],[0,0],[0,0],[0,0]],"o":[[0,0],[0,0],[5.598,-19.356],[0,0],[9.376,2.049],[0,0],[0,0],[0,0],[0,0]],"v":[[-30.619,69.277],[-78.558,50.378],[-54.085,-29.881],[-9.155,-56.635],[-9.155,-56.635],[13.999,-41.235],[45.674,33.124],[3.96,56.966],[-17.66,25.701]],"c":true}]},{"i":{"x":0.667,"y":1},"o":{"x":0.167,"y":0.167},"t":15,"s":[{"i":[[0,0],[0,0],[0,0],[-17.102,-10.654],[0,0],[-2.56,-9.249],[0,0],[0,0],[0,0]],"o":[[0,0],[0,0],[11.766,-16.357],[0,0],[8.146,5.074],[0,0],[0,0],[0,0],[0,0]],"v":[[-22.588,58.605],[-61.412,24.723],[-11.438,-42.679],[39.863,-52.815],[39.863,-52.815],[56.51,-30.542],[61.412,50.135],[14.118,58.605],[4.235,21.899]],"c":true}]},{"i":{"x":0.667,"y":1},"o":{"x":0.333,"y":0},"t":51,"s":[{"i":[[0,0],[0,0],[0,0],[-16.015,-12.227],[0,0],[-1.672,-9.45],[0,0],[0,0],[0,0]],"o":[[0,0],[0,0],[13.263,-15.168],[0,0],[7.628,5.824],[0,0],[0,0],[0,0],[0,0]],"v":[[-20.005,52.42],[-55.442,15.009],[0.697,-47.351],[52.728,-52.577],[52.728,-52.577],[67.189,-28.826],[64.419,51.952],[16.535,55.9],[10.177,18.423]],"c":true}]},{"t":61,"s":[{"i":[[0,0],[0,0],[0,0],[-19.685,-4.301],[0,0],[-5.514,-7.855],[0,0],[0,0],[0,0]],"o":[[0,0],[0,0],[5.598,-19.356],[0,0],[9.376,2.049],[0,0],[0,0],[0,0],[0,0]],"v":[[-30.619,69.277],[-78.558,50.378],[-54.085,-29.881],[-9.155,-56.635],[-9.155,-56.635],[13.999,-41.235],[45.674,33.124],[3.96,56.966],[-17.66,25.701]],"c":true}]}],"ix":2},"nm":"Path 1","mn":"ADBE Vector Shape - Group","hd":false},{"ty":"fl","c":{"a":0,"k":[0.835294127464,0.843137264252,0.847058832645,1],"ix":4},"o":{"a":0,"k":100,"ix":5},"r":1,"bm":0,"nm":"Fill 1","mn":"ADBE Vector Graphic - Fill","hd":false},{"ty":"tr","p":{"a":0,"k":[868.706,834.807],"ix":2},"a":{"a":0,"k":[0,0],"ix":1},"s":{"a":0,"k":[100,100],"ix":3},"r":{"a":0,"k":0,"ix":6},"o":{"a":0,"k":100,"ix":7},"sk":{"a":0,"k":0,"ix":4},"sa":{"a":0,"k":0,"ix":5},"nm":"Transform"}],"nm":"White","np":2,"cix":2,"bm":0,"ix":4,"mn":"ADBE Vector Group","hd":false},{"ty":"gr","it":[{"ind":0,"ty":"sh","ix":1,"ks":{"a":0,"k":{"i":[[0,0],[0,0]],"o":[[0,0],[0,0]],"v":[[-77.294,0],[77.294,0]],"c":false},"ix":2},"nm":"Path 1","mn":"ADBE Vector Shape - Group","hd":false},{"ty":"st","c":{"a":0,"k":[0.341176480055,0.635294139385,0.949019610882,1],"ix":3},"o":{"a":0,"k":100,"ix":4},"w":{"a":0,"k":10,"ix":5},"lc":2,"lj":2,"bm":0,"nm":"Stroke 1","mn":"ADBE Vector Graphic - Stroke","hd":false},{"ty":"tr","p":{"a":0,"k":[822.471,1011.294],"ix":2},"a":{"a":0,"k":[0,0],"ix":1},"s":{"a":0,"k":[100,100],"ix":3},"r":{"a":0,"k":0,"ix":6},"o":{"a":0,"k":100,"ix":7},"sk":{"a":0,"k":0,"ix":4},"sa":{"a":0,"k":0,"ix":5},"nm":"Transform"}],"nm":"Group 8","np":2,"cix":2,"bm":0,"ix":5,"mn":"ADBE Vector Group","hd":false},{"ty":"gr","it":[{"ind":0,"ty":"sh","ix":1,"ks":{"a":1,"k":[{"i":{"x":0.833,"y":0.833},"o":{"x":0.333,"y":0},"t":5,"s":[{"i":[[0,0],[0,0],[-47.669,0],[0,0],[0,0],[0,0],[4.894,30.845],[17.192,25.421],[24.747,-13.532],[0,0],[-14.347,-23.275]],"o":[[0,0],[-44.242,17.748],[0,0],[0,0],[0,0],[61.456,-12.044],[-8.106,-55.155],[-17.192,-25.421],[0,0],[-23.99,13.118],[0,0]],"v":[[41.918,3.975],[-106.626,61.575],[-90.498,145.093],[84.712,145.093],[83.962,91.24],[57.462,87.49],[139.024,11.351],[87.11,-118.133],[20.284,-141.306],[20.284,-141.306],[1.659,-77.439]],"c":true}]},{"i":{"x":0.667,"y":1},"o":{"x":0.167,"y":0.167},"t":15,"s":[{"i":[[0,0],[0,0],[-47.669,0],[0,0],[0,0],[0,0],[1.721,28.268],[0,0],[27.853,-4.449],[0,0],[-5.71,-26.739]],"o":[[0,0],[-44.242,17.748],[0,0],[0,0],[0,0],[28.321,0],[0,0],[-1.714,-28.153],[0,0],[-27,4.312],[0,0]],"v":[[49.418,-1.025],[-106.626,61.575],[-90.498,145.093],[84.712,145.093],[84.712,90.74],[84.712,90.74],[133.774,38.601],[125.323,-100.242],[70.139,-144.486],[70.139,-144.486],[31.172,-90.565]],"c":true}]},{"i":{"x":0.667,"y":1},"o":{"x":0.333,"y":0},"t":51,"s":[{"i":[[0,0],[0,0],[-47.669,0],[0,0],[0,0],[0,0],[1.721,28.268],[0,0],[28.149,-1.788],[0,0],[-3.149,-27.16]],"o":[[0,0],[-44.242,17.748],[0,0],[0,0],[0,0],[28.321,0],[0,0],[0.963,-28.189],[0,0],[-27.287,1.733],[0,0]],"v":[[49.418,-1.025],[-106.626,61.574],[-90.499,145.093],[84.712,145.093],[84.712,90.74],[84.712,90.74],[133.774,38.601],[134.395,-96.827],[83.655,-146.104],[83.655,-146.104],[39.752,-96.119]],"c":true}]},{"t":61,"s":[{"i":[[0,0],[0,0],[-47.669,0],[0,0],[0,0],[0,0],[4.894,30.845],[17.192,25.421],[24.747,-13.532],[0,0],[-14.347,-23.275]],"o":[[0,0],[-44.242,17.748],[0,0],[0,0],[0,0],[61.456,-12.044],[-8.106,-55.155],[-17.192,-25.421],[0,0],[-23.99,13.118],[0,0]],"v":[[41.918,3.975],[-106.626,61.574],[-90.498,145.093],[84.712,145.093],[83.962,91.24],[57.462,87.49],[139.024,11.351],[87.11,-118.133],[20.284,-141.306],[20.284,-141.306],[1.659,-77.439]],"c":true}]}],"ix":2},"nm":"Path 1","mn":"ADBE Vector Shape - Group","hd":false},{"ty":"fl","c":{"a":0,"k":[0.015686275437,0.450980395079,0.917647063732,1],"ix":4},"o":{"a":0,"k":100,"ix":5},"r":1,"bm":0,"nm":"Fill 1","mn":"ADBE Vector Graphic - Fill","hd":false},{"ty":"tr","p":{"a":0,"k":[818.582,920.554],"ix":2},"a":{"a":0,"k":[0,0],"ix":1},"s":{"a":0,"k":[100,100],"ix":3},"r":{"a":0,"k":0,"ix":6},"o":{"a":0,"k":100,"ix":7},"sk":{"a":0,"k":0,"ix":4},"sa":{"a":0,"k":0,"ix":5},"nm":"Transform"}],"nm":"Body","np":2,"cix":2,"bm":0,"ix":6,"mn":"ADBE Vector Group","hd":false},{"ty":"gr","it":[{"ind":0,"ty":"sh","ix":1,"ks":{"a":0,"k":{"i":[[-0.776,-3.077],[0,0]],"o":[[0,0],[1.629,2.598]],"v":[[-27.637,-5.478],[-31.274,-14.005]],"c":true},"ix":2},"nm":"Path 1","mn":"ADBE Vector Shape - Group","hd":false},{"ty":"fl","c":{"a":0,"k":[0.043137254901960784,0.33725490196078434,0.6588235294117647,1],"ix":4},"o":{"a":0,"k":100,"ix":5},"r":1,"bm":0,"nm":"Fill 1","mn":"ADBE Vector Graphic - Fill","hd":false},{"ty":"tr","p":{"a":0,"k":[911.668,807.375],"ix":2},"a":{"a":0,"k":[0,0],"ix":1},"s":{"a":0,"k":[100,100],"ix":3},"r":{"a":0,"k":0,"ix":6},"o":{"a":0,"k":100,"ix":7},"sk":{"a":0,"k":0,"ix":4},"sa":{"a":0,"k":0,"ix":5},"nm":"Transform"}],"nm":"Group 10","np":2,"cix":2,"bm":0,"ix":7,"mn":"ADBE Vector Group","hd":false},{"ty":"gr","it":[{"ind":0,"ty":"sh","ix":1,"ks":{"a":0,"k":{"i":[[0,0],[0,0],[0,0],[0,0],[5.466,4.716],[0,0],[-5.2,5.154],[0,0],[0,0],[0.526,2.033],[0,0],[-2.519,0.255],[0,0],[-5.226,7.761]],"o":[[0,0],[0,0],[0,0],[-4.393,5.729],[0,0],[-5.543,-4.782],[0,0],[0,0],[-2.08,0.291],[0,0],[-0.635,-2.451],[0,0],[9.309,-0.944],[0,0]],"v":[[42.127,-10.982],[68.535,21.106],[21.063,59.205],[-0.629,87.488],[-18.796,89.354],[-18.796,89.354],[-19.433,70.927],[-5.754,57.369],[-16.362,58.855],[-20.935,55.799],[-20.935,55.799],[-17.352,50.652],[-12.752,50.185],[10.19,36.445]],"c":true},"ix":2},"nm":"Path 1","mn":"ADBE Vector Shape - Group","hd":false},{"ty":"fl","c":{"a":0,"k":[0.835294127464,0.843137264252,0.847058832645,1],"ix":4},"o":{"a":0,"k":100,"ix":5},"r":1,"bm":0,"nm":"Fill 1","mn":"ADBE Vector Graphic - Fill","hd":false},{"ty":"tr","p":{"a":0,"k":[703.361,965.618],"ix":2},"a":{"a":0,"k":[0,0],"ix":1},"s":{"a":0,"k":[100,100],"ix":3},"r":{"a":0,"k":0,"ix":6},"o":{"a":0,"k":100,"ix":7},"sk":{"a":0,"k":0,"ix":4},"sa":{"a":0,"k":0,"ix":5},"nm":"Transform"}],"nm":"Glove","np":2,"cix":2,"bm":0,"ix":8,"mn":"ADBE Vector Group","hd":false},{"ty":"gr","it":[{"ind":0,"ty":"sh","ix":1,"ks":{"a":1,"k":[{"i":{"x":0.833,"y":0.833},"o":{"x":0.333,"y":0},"t":5,"s":[{"i":[[0,0],[0,0],[0,0]],"o":[[0,0],[0,0],[0,0]],"v":[[32.565,-27.316],[15.797,26.607],[-38.47,71.471]],"c":false}]},{"i":{"x":0.667,"y":1},"o":{"x":0.167,"y":0.167},"t":10,"s":[{"i":[[0,0],[0,0],[0,0]],"o":[[0,0],[0,0],[0,0]],"v":[[38.679,-33.158],[15.7,17.591],[-38.362,71.48]],"c":false}]},{"i":{"x":0.667,"y":1},"o":{"x":0.333,"y":0},"t":15,"s":[{"i":[[0,0],[0,0],[0,0]],"o":[[0,0],[0,0],[0,0]],"v":[[49.412,-43.412],[15.529,1.765],[-38.587,72.125]],"c":false}]},{"i":{"x":0.667,"y":1},"o":{"x":0.333,"y":0},"t":21,"s":[{"i":[[0,0],[0,0],[0,0]],"o":[[0,0],[0,0],[0,0]],"v":[[49.412,-43.412],[15.529,1.765],[-38.587,72.125]],"c":false}]},{"i":{"x":0.667,"y":1},"o":{"x":0.333,"y":0},"t":51,"s":[{"i":[[0,0],[0,0],[0,0]],"o":[[0,0],[0,0],[0,0]],"v":[[54.722,-50.54],[15.529,1.765],[-38.587,72.125]],"c":false}]},{"t":61,"s":[{"i":[[0,0],[0,0],[0,0]],"o":[[0,0],[0,0],[0,0]],"v":[[32.565,-27.316],[15.797,26.607],[-38.47,71.471]],"c":false}]}],"ix":2},"nm":"Path 1","mn":"ADBE Vector Shape - Group","hd":false},{"ty":"st","c":{"a":0,"k":[0.698039233685,0.54509806633,0.403921574354,1],"ix":3},"o":{"a":0,"k":100,"ix":4},"w":{"a":0,"k":30,"ix":5},"lc":2,"lj":2,"bm":0,"nm":"Stroke 1","mn":"ADBE Vector Graphic - Stroke","hd":false},{"ty":"tr","p":{"a":0,"k":[785.412,908.588],"ix":2},"a":{"a":0,"k":[0,0],"ix":1},"s":{"a":0,"k":[100,100],"ix":3},"r":{"a":0,"k":0,"ix":6},"o":{"a":0,"k":100,"ix":7},"sk":{"a":0,"k":0,"ix":4},"sa":{"a":0,"k":0,"ix":5},"nm":"Transform"}],"nm":"Arm ","np":2,"cix":2,"bm":0,"ix":9,"mn":"ADBE Vector Group","hd":false},{"ty":"gr","it":[{"ind":0,"ty":"sh","ix":1,"ks":{"a":0,"k":{"i":[[0,0],[0,0],[0,0],[0,0],[0,0],[-3.784,3.027],[0,0],[-6.017,-4.868]],"o":[[0,0],[0,0],[0,0],[0,0],[-2.779,-3.969],[0,0],[6.043,-4.835],[0,0]],"v":[[50.471,23.077],[-50.471,23.077],[-50.471,-3.747],[-28.588,-3.747],[-28.588,-3.747],[-26.801,-16.188],[-22.703,-19.467],[-2.049,-19.41]],"c":true},"ix":2},"nm":"Path 1","mn":"ADBE Vector Shape - Group","hd":false},{"ty":"fl","c":{"a":0,"k":[0.698039233685,0.54509806633,0.403921574354,1],"ix":4},"o":{"a":0,"k":100,"ix":5},"r":1,"bm":0,"nm":"Fill 1","mn":"ADBE Vector Graphic - Fill","hd":false},{"ty":"tr","p":{"a":0,"k":[936.824,1042.57],"ix":2},"a":{"a":0,"k":[0,0],"ix":1},"s":{"a":0,"k":[100,100],"ix":3},"r":{"a":0,"k":0,"ix":6},"o":{"a":0,"k":100,"ix":7},"sk":{"a":0,"k":0,"ix":4},"sa":{"a":0,"k":0,"ix":5},"nm":"Transform"}],"nm":"Group 13","np":2,"cix":2,"bm":0,"ix":10,"mn":"ADBE Vector Group","hd":false}],"ip":0,"op":110,"st":0,"bm":0},{"ddd":0,"ind":2,"ty":4,"nm":"Man ","sr":1,"ks":{"o":{"a":0,"k":100,"ix":11},"r":{"a":1,"k":[{"i":{"x":[0.833],"y":[0.833]},"o":{"x":[0.167],"y":[0.167]},"t":11,"s":[7]},{"i":{"x":[0.833],"y":[0.833]},"o":{"x":[0.167],"y":[0.167]},"t":30,"s":[3]},{"i":{"x":[0.833],"y":[0.833]},"o":{"x":[0.167],"y":[0.167]},"t":61,"s":[3]},{"t":71,"s":[7]}],"ix":10},"p":{"a":0,"k":[242.552,1066.536,0],"ix":2},"a":{"a":0,"k":[312.552,1066.536,0],"ix":1},"s":{"a":1,"k":[{"i":{"x":[0.833,0.833,0.833],"y":[0.833,0.833,0.833]},"o":{"x":[0.167,0.167,0.167],"y":[0.167,0.167,0.167]},"t":20,"s":[100,100,100]},{"i":{"x":[0.833,0.833,0.833],"y":[0.833,0.833,0.833]},"o":{"x":[0.167,0.167,0.167],"y":[0.167,0.167,0.167]},"t":30,"s":[100,102,100]},{"i":{"x":[0.833,0.833,0.833],"y":[0.833,0.833,0.833]},"o":{"x":[0.167,0.167,0.167],"y":[0.167,0.167,0.167]},"t":61,"s":[100,102,100]},{"t":71,"s":[100,100,100]}],"ix":6}},"ao":0,"shapes":[{"ty":"gr","it":[{"ind":0,"ty":"sh","ix":1,"ks":{"a":0,"k":{"i":[[0,0],[0,0]],"o":[[0,0],[0,0]],"v":[[-39.176,0],[39.176,0]],"c":false},"ix":2},"nm":"Path 1","mn":"ADBE Vector Shape - Group","hd":false},{"ty":"st","c":{"a":0,"k":[0.427450984716,0.43137255311,0.443137258291,1],"ix":3},"o":{"a":0,"k":100,"ix":4},"w":{"a":0,"k":6.88,"ix":5},"lc":2,"lj":2,"bm":0,"nm":"Stroke 1","mn":"ADBE Vector Graphic - Stroke","hd":false},{"ty":"tr","p":{"a":0,"k":[298,749.412],"ix":2},"a":{"a":0,"k":[0,0],"ix":1},"s":{"a":0,"k":[100,100],"ix":3},"r":{"a":0,"k":0,"ix":6},"o":{"a":0,"k":100,"ix":7},"sk":{"a":0,"k":0,"ix":4},"sa":{"a":0,"k":0,"ix":5},"nm":"Transform"}],"nm":"Bum","np":2,"cix":2,"bm":0,"ix":1,"mn":"ADBE Vector Group","hd":false},{"ty":"gr","it":[{"ind":0,"ty":"sh","ix":1,"ks":{"a":1,"k":[{"i":{"x":0.667,"y":1},"o":{"x":0.333,"y":0},"t":13,"s":[{"i":[[0,0],[-11.465,84.705]],"o":[[0,0],[0,0]],"v":[[3.527,63.637],[-1.65,-63.637]],"c":false}]},{"i":{"x":0.667,"y":1},"o":{"x":0.167,"y":0},"t":30,"s":[{"i":[[0,0],[-26.824,80.912]],"o":[[0,0],[0,0]],"v":[[3.527,63.637],[6.35,-63.637]],"c":false}]},{"i":{"x":0.833,"y":1},"o":{"x":0.167,"y":0},"t":61,"s":[{"i":[[0,0],[-26.824,80.912]],"o":[[0,0],[0,0]],"v":[[3.527,63.637],[6.35,-63.637]],"c":false}]},{"t":72,"s":[{"i":[[0,0],[-11.465,84.705]],"o":[[0,0],[0,0]],"v":[[3.527,63.637],[-1.65,-63.637]],"c":false}]}],"ix":2},"nm":"Path 1","mn":"ADBE Vector Shape - Group","hd":false},{"ind":1,"ty":"sh","ix":2,"ks":{"a":1,"k":[{"i":{"x":0.833,"y":1},"o":{"x":0.167,"y":0},"t":13,"s":[{"i":[[0,0],[0,0],[0,0]],"o":[[0,0],[0,0],[0,0]],"v":[[96.703,-29.991],[111.174,26.029],[157.587,17.219]],"c":false}]},{"i":{"x":0.667,"y":1},"o":{"x":0.333,"y":0},"t":20,"s":[{"i":[[0,0],[0,0],[0,0]],"o":[[0,0],[0,0],[0,0]],"v":[[96.703,-29.991],[111.174,26.029],[157.587,17.219]],"c":false}]},{"i":{"x":0.667,"y":1},"o":{"x":0.333,"y":0},"t":30,"s":[{"i":[[0,0],[0,0],[0,0]],"o":[[0,0],[0,0],[0,0]],"v":[[97.713,-26.899],[118.49,27.413],[163.291,13.245]],"c":false}]},{"i":{"x":0.667,"y":1},"o":{"x":0.333,"y":0},"t":61,"s":[{"i":[[0,0],[0,0],[0,0]],"o":[[0,0],[0,0],[0,0]],"v":[[97.713,-26.899],[118.49,27.413],[163.291,13.245]],"c":false}]},{"t":71,"s":[{"i":[[0,0],[0,0],[0,0]],"o":[[0,0],[0,0],[0,0]],"v":[[96.703,-29.991],[111.174,26.029],[157.587,17.219]],"c":false}]}],"ix":2},"nm":"Path 2","mn":"ADBE Vector Shape - Group","hd":false},{"ty":"st","c":{"a":0,"k":[0.043137256056,0.337254911661,0.658823549747,1],"ix":3},"o":{"a":0,"k":100,"ix":4},"w":{"a":0,"k":6.88,"ix":5},"lc":2,"lj":2,"bm":0,"nm":"Stroke 1","mn":"ADBE Vector Graphic - Stroke","hd":false},{"ty":"tr","p":{"a":0,"k":[232.709,578.932],"ix":2},"a":{"a":0,"k":[0,0],"ix":1},"s":{"a":0,"k":[100,100],"ix":3},"r":{"a":0,"k":0,"ix":6},"o":{"a":0,"k":100,"ix":7},"sk":{"a":0,"k":0,"ix":4},"sa":{"a":0,"k":0,"ix":5},"nm":"Transform"}],"nm":"Arm Line","np":3,"cix":2,"bm":0,"ix":2,"mn":"ADBE Vector Group","hd":false},{"ty":"gr","it":[{"ind":0,"ty":"sh","ix":1,"ks":{"a":1,"k":[{"i":{"x":0.667,"y":1},"o":{"x":0.333,"y":0},"t":13,"s":[{"i":[[0,0],[0,0],[-80.006,-2.235]],"o":[[0,0],[0,0],[-44.164,37.774]],"v":[[-20.386,57.822],[-58.405,40.719],[50.545,-54.787]],"c":true}]},{"i":{"x":0.667,"y":1},"o":{"x":0.167,"y":0},"t":30,"s":[{"i":[[0,0],[0,0],[-80.006,-2.235]],"o":[[0,0],[0,0],[-44.164,37.774]],"v":[[-14.254,54.822],[-50.545,47.719],[50.545,-54.787]],"c":true}]},{"i":{"x":0.833,"y":1},"o":{"x":0.167,"y":0},"t":61,"s":[{"i":[[0,0],[0,0],[-80.006,-2.235]],"o":[[0,0],[0,0],[-44.164,37.774]],"v":[[-14.254,54.822],[-50.545,47.719],[50.545,-54.787]],"c":true}]},{"t":72,"s":[{"i":[[0,0],[0,0],[-80.006,-2.235]],"o":[[0,0],[0,0],[-44.164,37.774]],"v":[[-20.386,57.822],[-58.405,40.719],[50.545,-54.787]],"c":true}]}],"ix":2},"nm":"Path 1","mn":"ADBE Vector Shape - Group","hd":false},{"ty":"fl","c":{"a":0,"k":[0.015686275437,0.450980395079,0.917647063732,1],"ix":4},"o":{"a":0,"k":100,"ix":5},"r":1,"bm":0,"nm":"Fill 1","mn":"ADBE Vector Graphic - Fill","hd":false},{"ty":"tr","p":{"a":0,"k":[244.842,515.295],"ix":2},"a":{"a":0,"k":[0,0],"ix":1},"s":{"a":0,"k":[100,100],"ix":3},"r":{"a":0,"k":0,"ix":6},"o":{"a":0,"k":100,"ix":7},"sk":{"a":0,"k":0,"ix":4},"sa":{"a":0,"k":0,"ix":5},"nm":"Transform"}],"nm":"Left ARm ","np":2,"cix":2,"bm":0,"ix":3,"mn":"ADBE Vector Group","hd":false},{"ty":"gr","it":[{"ind":0,"ty":"sh","ix":1,"ks":{"a":1,"k":[{"i":{"x":0.833,"y":1},"o":{"x":0.167,"y":0},"t":13,"s":[{"i":[[-15.471,-61.794],[0,0],[78.706,14.536]],"o":[[0,0],[0,0],[8.494,40.188]],"v":[[-10.978,72.409],[39,63.144],[-39,-70.909]],"c":true}]},{"i":{"x":0.667,"y":1},"o":{"x":0.333,"y":0},"t":20,"s":[{"i":[[-15.471,-61.794],[0,0],[78.706,14.536]],"o":[[0,0],[0,0],[8.494,40.188]],"v":[[-10.978,72.409],[39,63.144],[-39,-70.909]],"c":true}]},{"i":{"x":0.667,"y":1},"o":{"x":0.333,"y":0},"t":30,"s":[{"i":[[0,0],[0,0],[78.706,14.536]],"o":[[0,0],[0,0],[-0.172,50.273]],"v":[[-3.94,74.396],[44.593,58.823],[-39,-70.909]],"c":true}]},{"i":{"x":0.667,"y":1},"o":{"x":0.333,"y":0},"t":61,"s":[{"i":[[0,0],[0,0],[78.706,14.536]],"o":[[0,0],[0,0],[-0.172,50.273]],"v":[[-3.94,74.396],[44.593,58.823],[-39,-70.909]],"c":true}]},{"t":71,"s":[{"i":[[-15.471,-61.794],[0,0],[78.706,14.536]],"o":[[0,0],[0,0],[8.494,40.188]],"v":[[-10.978,72.409],[39,63.144],[-39,-70.909]],"c":true}]}],"ix":2},"nm":"Path 1","mn":"ADBE Vector Shape - Group","hd":false},{"ty":"fl","c":{"a":0,"k":[0.015686275437,0.450980395079,0.917647063732,1],"ix":4},"o":{"a":0,"k":100,"ix":5},"r":1,"bm":0,"nm":"Fill 1","mn":"ADBE Vector Graphic - Fill","hd":false},{"ty":"tr","p":{"a":0,"k":[354.294,532.385],"ix":2},"a":{"a":0,"k":[0,0],"ix":1},"s":{"a":0,"k":[100,100],"ix":3},"r":{"a":0,"k":0,"ix":6},"o":{"a":0,"k":100,"ix":7},"sk":{"a":0,"k":0,"ix":4},"sa":{"a":0,"k":0,"ix":5},"nm":"Transform"}],"nm":"Right Arm ","np":2,"cix":2,"bm":0,"ix":4,"mn":"ADBE Vector Group","hd":false},{"ty":"gr","it":[{"ind":0,"ty":"sh","ix":1,"ks":{"a":1,"k":[{"i":{"x":0.833,"y":0.833},"o":{"x":0.167,"y":0},"t":13,"s":[{"i":[[0,0],[0,0],[0,0],[3.529,-16.588]],"o":[[0,0],[0,0],[0,0],[0,0]],"v":[[-44.515,-89.685],[-23.869,-22.198],[34.719,61.096],[43.896,89.685]],"c":false}]},{"i":{"x":0.833,"y":1},"o":{"x":0.167,"y":0.167},"t":17,"s":[{"i":[[0,0],[0,0],[0,0],[3.529,-16.588]],"o":[[0,0],[0,0],[0,0],[0,0]],"v":[[-44.515,-89.685],[-23.869,-22.198],[38.013,61.096],[45.939,89.685]],"c":false}]},{"i":{"x":0.833,"y":0.833},"o":{"x":0.333,"y":0},"t":20,"s":[{"i":[[0,0],[0,0],[0,0],[3.529,-16.588]],"o":[[0,0],[0,0],[0,0],[0,0]],"v":[[-44.515,-89.685],[-23.869,-22.198],[40.344,61.096],[49.521,89.685]],"c":false}]},{"i":{"x":0.304,"y":1},"o":{"x":0.167,"y":0.167},"t":25,"s":[{"i":[[0,0],[0,0],[0,0],[-11.481,-2.978]],"o":[[0,0],[0,0],[0,0],[0,0]],"v":[[-42.158,-90.167],[-24.296,-24.155],[5.485,-21.613],[24.703,-26.892]],"c":false}]},{"i":{"x":0.833,"y":0.833},"o":{"x":0.333,"y":0},"t":30,"s":[{"i":[[0,0],[0,0],[0,0],[-16.944,1.976]],"o":[[0,0],[0,0],[0,0],[0,0]],"v":[[-41.3,-90.342],[-24.451,-24.868],[6.437,-51.717],[29.31,-69.324]],"c":false}]},{"i":{"x":0.833,"y":0.833},"o":{"x":0.167,"y":0.167},"t":35,"s":[{"i":[[0,0],[0,0],[0,0],[-16.852,2.479]],"o":[[0,0],[0,0],[0,0],[0,0]],"v":[[-41.3,-90.342],[-24.451,-24.868],[5.182,-51.721],[27.488,-70.023]],"c":false}]},{"i":{"x":0.261,"y":1},"o":{"x":0.167,"y":0.167},"t":61,"s":[{"i":[[0,0],[0,0],[0,0],[-16.852,2.479]],"o":[[0,0],[0,0],[0,0],[0,0]],"v":[[-41.3,-90.342],[-24.451,-24.868],[5.182,-51.721],[27.488,-70.023]],"c":false}]},{"t":71,"s":[{"i":[[0,0],[0,0],[0,0],[3.529,-16.588]],"o":[[0,0],[0,0],[0,0],[0,0]],"v":[[-44.515,-89.685],[-23.869,-22.198],[34.719,61.096],[43.896,89.685]],"c":false}]}],"ix":2},"nm":"Path 1","mn":"ADBE Vector Shape - Group","hd":false},{"ty":"st","c":{"a":0,"k":[0.949019610882,0.792156875134,0.686274528503,1],"ix":3},"o":{"a":0,"k":100,"ix":4},"w":{"a":0,"k":30,"ix":5},"lc":2,"lj":2,"bm":0,"nm":"Stroke 1","mn":"ADBE Vector Graphic - Stroke","hd":false},{"ty":"tr","p":{"a":0,"k":[408.34,663.257],"ix":2},"a":{"a":0,"k":[0,0],"ix":1},"s":{"a":0,"k":[100,100],"ix":3},"r":{"a":0,"k":0,"ix":6},"o":{"a":0,"k":100,"ix":7},"sk":{"a":0,"k":0,"ix":4},"sa":{"a":0,"k":0,"ix":5},"nm":"Transform"}],"nm":"Skin Right Arm ","np":2,"cix":2,"bm":0,"ix":5,"mn":"ADBE Vector Group","hd":false},{"ty":"gr","it":[{"ind":0,"ty":"sh","ix":1,"ks":{"a":1,"k":[{"i":{"x":0.166,"y":1},"o":{"x":0.333,"y":0},"t":11,"s":[{"i":[[-34.588,0],[-6.604,-74.338],[0.533,-53.889],[0,0],[0,0],[0,0],[0,0],[0,0],[-20.118,86.118]],"o":[[13.495,53.425],[6.005,67.59],[-21.529,0],[0,0],[0,0],[0,0],[0,0],[0,0],[29.647,-0.353]],"v":[[46.164,-195.451],[83.71,6.645],[84.987,195.608],[25.34,195.608],[20.824,6.714],[-18.777,-88.157],[-22.013,200.608],[-71.424,200.608],[-78.424,-195.451]],"c":true}]},{"i":{"x":0.667,"y":1},"o":{"x":0.333,"y":0},"t":30,"s":[{"i":[[-34.588,0],[-6.604,-74.338],[0.533,-53.889],[0,0],[0,0],[0,0],[0,0],[0,0],[-20.118,86.118]],"o":[[13.495,53.425],[6.005,67.59],[-21.529,0],[0,0],[0,0],[0,0],[0,0],[0,0],[29.647,-0.353]],"v":[[46.164,-195.451],[75.221,7.082],[84.987,195.608],[25.34,195.608],[12.336,7.15],[-18.777,-88.157],[-22.156,197.915],[-71.568,197.915],[-78.424,-195.451]],"c":true}]},{"i":{"x":0.16,"y":1},"o":{"x":0.333,"y":0},"t":61,"s":[{"i":[[-34.588,0],[-6.604,-74.338],[0.533,-53.889],[0,0],[0,0],[0,0],[0,0],[0,0],[-20.118,86.118]],"o":[[13.495,53.425],[6.005,67.59],[-21.529,0],[0,0],[0,0],[0,0],[0,0],[0,0],[29.647,-0.353]],"v":[[46.164,-195.451],[75.221,7.082],[84.987,195.608],[25.34,195.608],[12.336,7.15],[-18.777,-88.157],[-22.156,197.915],[-71.568,197.915],[-78.424,-195.451]],"c":true}]},{"t":71,"s":[{"i":[[-34.588,0],[-6.604,-74.338],[0.533,-53.889],[0,0],[0,0],[0,0],[0,0],[0,0],[-20.118,86.118]],"o":[[13.495,53.425],[6.005,67.59],[-21.529,0],[0,0],[0,0],[0,0],[0,0],[0,0],[29.647,-0.353]],"v":[[46.164,-195.451],[83.71,6.645],[84.987,195.608],[25.34,195.608],[20.824,6.714],[-18.777,-88.157],[-22.013,200.608],[-71.424,200.608],[-78.424,-195.451]],"c":true}]}],"ix":2},"nm":"Path 1","mn":"ADBE Vector Shape - Group","hd":false},{"ty":"fl","c":{"a":0,"k":[0.584313750267,0.592156887054,0.603921592236,1],"ix":4},"o":{"a":0,"k":100,"ix":5},"r":1,"bm":0,"nm":"Fill 1","mn":"ADBE Vector Graphic - Fill","hd":false},{"ty":"tr","p":{"a":0,"k":[312.189,841.098],"ix":2},"a":{"a":0,"k":[0,0],"ix":1},"s":{"a":0,"k":[100,100],"ix":3},"r":{"a":0,"k":0,"ix":6},"o":{"a":0,"k":100,"ix":7},"sk":{"a":0,"k":0,"ix":4},"sa":{"a":0,"k":0,"ix":5},"nm":"Transform"}],"nm":"Trousers","np":2,"cix":2,"bm":0,"ix":6,"mn":"ADBE Vector Group","hd":false},{"ty":"gr","it":[{"ind":0,"ty":"sh","ix":1,"ks":{"a":0,"k":{"i":[[0,0],[-97.412,15.882],[0,0]],"o":[[0,0],[97.412,-15.882],[0,0]],"v":[[-60.623,92.918],[-2.74,-92.023],[63.966,92.918]],"c":true},"ix":2},"nm":"Path 1","mn":"ADBE Vector Shape - Group","hd":false},{"ty":"fl","c":{"a":0,"k":[0.015686275437,0.450980395079,0.917647063732,1],"ix":4},"o":{"a":0,"k":100,"ix":5},"r":1,"bm":0,"nm":"Fill 1","mn":"ADBE Vector Graphic - Fill","hd":false},{"ty":"tr","p":{"a":0,"k":[294.387,552.729],"ix":2},"a":{"a":0,"k":[0,0],"ix":1},"s":{"a":0,"k":[100,100],"ix":3},"r":{"a":0,"k":0,"ix":6},"o":{"a":0,"k":100,"ix":7},"sk":{"a":0,"k":0,"ix":4},"sa":{"a":0,"k":0,"ix":5},"nm":"Transform"}],"nm":"Body","np":2,"cix":2,"bm":0,"ix":7,"mn":"ADBE Vector Group","hd":false},{"ty":"gr","it":[{"ind":0,"ty":"sh","ix":1,"ks":{"a":1,"k":[{"i":{"x":0.101,"y":1},"o":{"x":0.333,"y":0},"t":13,"s":[{"i":[[7.858,-13],[-2.112,-68.618]],"o":[[-23.332,29.5],[0,0]],"v":[[-17.405,-87.059],[-57.021,77.059]],"c":false}]},{"i":{"x":0.667,"y":1},"o":{"x":0.167,"y":0},"t":34,"s":[{"i":[[0,0],[-38.118,-79.059]],"o":[[0,0],[0,0]],"v":[[-14.423,-79.059],[15.225,79.059]],"c":false}]},{"i":{"x":0.237,"y":1},"o":{"x":0.167,"y":0},"t":61,"s":[{"i":[[0,0],[-38.118,-79.059]],"o":[[0,0],[0,0]],"v":[[-14.423,-79.059],[15.225,79.059]],"c":false}]},{"t":74,"s":[{"i":[[7.858,-13],[-2.112,-68.618]],"o":[[-23.332,29.5],[0,0]],"v":[[-17.405,-87.059],[-57.021,77.059]],"c":false}]}],"ix":2},"nm":"Path 1","mn":"ADBE Vector Shape - Group","hd":false},{"ty":"st","c":{"a":0,"k":[0.949019610882,0.792156875134,0.686274528503,1],"ix":3},"o":{"a":0,"k":100,"ix":4},"w":{"a":0,"k":30,"ix":5},"lc":2,"lj":2,"bm":0,"nm":"Stroke 1","mn":"ADBE Vector Graphic - Stroke","hd":false},{"ty":"tr","p":{"a":0,"k":[226.305,641.059],"ix":2},"a":{"a":0,"k":[0,0],"ix":1},"s":{"a":0,"k":[100,100],"ix":3},"r":{"a":0,"k":0,"ix":6},"o":{"a":0,"k":100,"ix":7},"sk":{"a":0,"k":0,"ix":4},"sa":{"a":0,"k":0,"ix":5},"nm":"Transform"}],"nm":"Skin Left Arm ","np":2,"cix":2,"bm":0,"ix":8,"mn":"ADBE Vector Group","hd":false},{"ty":"gr","it":[{"ty":"gr","it":[{"ind":0,"ty":"sh","ix":1,"ks":{"a":0,"k":{"i":[[-7.062,-14.122],[10.733,-5.367],[-14.122,7.062]],"o":[[-13.574,6.788],[-7.062,-14.122],[14.122,-7.062]],"v":[[27.082,-4.882],[-24.057,20.69],[-11.274,-17.665]],"c":true},"ix":2},"nm":"Path 1","mn":"ADBE Vector Shape - Group","hd":false},{"ty":"fl","c":{"a":0,"k":[0.043137256056,0.337254911661,0.658823549747,1],"ix":4},"o":{"a":0,"k":100,"ix":5},"r":1,"bm":0,"nm":"Fill 1","mn":"ADBE Vector Graphic - Fill","hd":false},{"ty":"tr","p":{"a":0,"k":[341.376,415.998],"ix":2},"a":{"a":0,"k":[0,0],"ix":1},"s":{"a":0,"k":[100,100],"ix":3},"r":{"a":0,"k":0,"ix":6},"o":{"a":0,"k":100,"ix":7},"sk":{"a":0,"k":0,"ix":4},"sa":{"a":0,"k":0,"ix":5},"nm":"Transform"}],"nm":"Group 14","np":2,"cix":2,"bm":0,"ix":1,"mn":"ADBE Vector Group","hd":false},{"ty":"gr","it":[{"ind":0,"ty":"sh","ix":1,"ks":{"a":0,"k":{"i":[[-10.829,-11.49],[11.49,-10.829],[10.829,11.49],[-11.49,10.829]],"o":[[10.829,11.49],[-11.49,10.829],[-10.829,-11.49],[11.49,-10.829]],"v":[[20.805,-19.607],[19.607,20.805],[-20.805,19.607],[-19.607,-20.805]],"c":true},"ix":2},"nm":"Path 1","mn":"ADBE Vector Shape - Group","hd":false},{"ty":"fl","c":{"a":0,"k":[0.976470589638,0.89411765337,0.843137264252,1],"ix":4},"o":{"a":0,"k":100,"ix":5},"r":1,"bm":0,"nm":"Fill 1","mn":"ADBE Vector Graphic - Fill","hd":false},{"ty":"tr","p":{"a":0,"k":[343.882,425.412],"ix":2},"a":{"a":0,"k":[0,0],"ix":1},"s":{"a":0,"k":[100,100],"ix":3},"r":{"a":0,"k":0,"ix":6},"o":{"a":0,"k":100,"ix":7},"sk":{"a":0,"k":0,"ix":4},"sa":{"a":0,"k":0,"ix":5},"nm":"Transform"}],"nm":"Group 15","np":2,"cix":2,"bm":0,"ix":2,"mn":"ADBE Vector Group","hd":false},{"ty":"tr","p":{"a":1,"k":[{"i":{"x":0.833,"y":0.833},"o":{"x":0.167,"y":0.167},"t":11,"s":[331.382,415.654],"to":[-1,-1.167],"ti":[1,1.167]},{"i":{"x":0.833,"y":0.833},"o":{"x":0.167,"y":0.167},"t":30,"s":[325.382,408.654],"to":[0,0],"ti":[0,0]},{"i":{"x":0.833,"y":0.833},"o":{"x":0.167,"y":0.167},"t":40,"s":[325.382,408.654],"to":[0,0],"ti":[0,0]},{"i":{"x":0.833,"y":0.833},"o":{"x":0.167,"y":0.167},"t":61,"s":[331.382,413.654],"to":[0,0],"ti":[0,-0.333]},{"t":71,"s":[331.382,415.654]}],"ix":2},"a":{"a":0,"k":[343.382,424.654],"ix":1},"s":{"a":0,"k":[100,100],"ix":3},"r":{"a":1,"k":[{"i":{"x":[0.833],"y":[0.833]},"o":{"x":[0.167],"y":[0.167]},"t":11,"s":[26]},{"i":{"x":[0.833],"y":[0.833]},"o":{"x":[0.167],"y":[0.167]},"t":30,"s":[-20]},{"i":{"x":[0.833],"y":[0.833]},"o":{"x":[0.167],"y":[0.167]},"t":40,"s":[-20]},{"i":{"x":[0.833],"y":[0.833]},"o":{"x":[0.167],"y":[0.167]},"t":61,"s":[4]},{"t":71,"s":[26]}],"ix":6},"o":{"a":0,"k":100,"ix":7},"sk":{"a":0,"k":0,"ix":4},"sa":{"a":0,"k":0,"ix":5},"nm":"Transform"}],"nm":"Head","np":2,"cix":2,"bm":0,"ix":9,"mn":"ADBE Vector Group","hd":false}],"ip":0,"op":110,"st":0,"bm":0},{"ddd":0,"ind":3,"ty":4,"nm":"Shoes","sr":1,"ks":{"o":{"a":0,"k":100,"ix":11},"r":{"a":0,"k":0,"ix":10},"p":{"a":0,"k":[245.552,1066.536,0],"ix":2},"a":{"a":0,"k":[312.552,1066.536,0],"ix":1},"s":{"a":1,"k":[{"i":{"x":[0.833,0.833,0.833],"y":[0.833,0.833,0.833]},"o":{"x":[0.167,0.167,0.167],"y":[0.167,0.167,0.167]},"t":20,"s":[100,100,100]},{"i":{"x":[0.833,0.833,0.833],"y":[0.833,0.833,0.833]},"o":{"x":[0.167,0.167,0.167],"y":[0.167,0.167,0.167]},"t":30,"s":[100,102,100]},{"i":{"x":[0.833,0.833,0.833],"y":[0.833,0.833,0.833]},"o":{"x":[0.167,0.167,0.167],"y":[0.167,0.167,0.167]},"t":61,"s":[100,102,100]},{"t":71,"s":[100,100,100]}],"ix":6}},"ao":0,"shapes":[{"ty":"gr","it":[{"ty":"gr","it":[{"ind":0,"ty":"sh","ix":1,"ks":{"a":0,"k":{"i":[[0,0],[0,0],[0,0],[0,0]],"o":[[0,0],[0,0],[0,0],[0,0]],"v":[[20.755,-16.648],[20.755,20.058],[-15.245,20.058],[-20.755,-20.058]],"c":true},"ix":2},"nm":"Path 1","mn":"ADBE Vector Shape - Group","hd":false},{"ty":"fl","c":{"a":0,"k":[0.6980392156862745,0.25098039215686274,0.03137254901960784,1],"ix":4},"o":{"a":0,"k":100,"ix":5},"r":1,"bm":0,"nm":"Fill 1","mn":"ADBE Vector Graphic - Fill","hd":false},{"ty":"tr","p":{"a":0,"k":[265.598,1047.707],"ix":2},"a":{"a":0,"k":[0,0],"ix":1},"s":{"a":0,"k":[100,100],"ix":3},"r":{"a":0,"k":0,"ix":6},"o":{"a":0,"k":100,"ix":7},"sk":{"a":0,"k":0,"ix":4},"sa":{"a":0,"k":0,"ix":5},"nm":"Transform"}],"nm":"Group 16","np":2,"cix":2,"bm":0,"ix":1,"mn":"ADBE Vector Group","hd":false},{"ty":"gr","it":[{"ind":0,"ty":"sh","ix":1,"ks":{"a":0,"k":{"i":[[0,0],[0,0],[0,0],[0,0],[-13.174,0],[0,0],[0,-10.412],[0,0]],"o":[[0,0],[0,0],[0,0],[0,13.174],[0,0],[10.412,0],[0,0],[0,0]],"v":[[-41.294,22.235],[-46.941,-22.235],[-1.059,-22.235],[-1.059,-21.676],[22.795,2.178],[28.089,2.178],[46.941,21.03],[46.941,22.235]],"c":true},"ix":2},"nm":"Path 1","mn":"ADBE Vector Shape - Group","hd":false},{"ty":"fl","c":{"a":0,"k":[0.6980392156862745,0.25098039215686274,0.03137254901960784,1],"ix":4},"o":{"a":0,"k":100,"ix":5},"r":1,"bm":0,"nm":"Fill 1","mn":"ADBE Vector Graphic - Fill","hd":false},{"ty":"tr","p":{"a":0,"k":[387.647,1045.529],"ix":2},"a":{"a":0,"k":[0,0],"ix":1},"s":{"a":0,"k":[100,100],"ix":3},"r":{"a":0,"k":0,"ix":6},"o":{"a":0,"k":100,"ix":7},"sk":{"a":0,"k":0,"ix":4},"sa":{"a":0,"k":0,"ix":5},"nm":"Transform"}],"nm":"Group 17","np":2,"cix":2,"bm":0,"ix":2,"mn":"ADBE Vector Group","hd":false},{"ty":"tr","p":{"a":0,"k":[339.715,1045.529],"ix":2},"a":{"a":0,"k":[339.715,1045.529],"ix":1},"s":{"a":0,"k":[100,100],"ix":3},"r":{"a":0,"k":0,"ix":6},"o":{"a":0,"k":100,"ix":7},"sk":{"a":0,"k":0,"ix":4},"sa":{"a":0,"k":0,"ix":5},"nm":"Transform"}],"nm":"Shoes","np":2,"cix":2,"bm":0,"ix":1,"mn":"ADBE Vector Group","hd":false}],"ip":0,"op":110,"st":0,"bm":0},{"ddd":0,"ind":4,"ty":4,"nm":"watering Can ","sr":1,"ks":{"o":{"a":0,"k":100,"ix":11},"r":{"a":0,"k":0,"ix":10},"p":{"a":0,"k":[242.552,1066.536,0],"ix":2},"a":{"a":0,"k":[312.552,1066.536,0],"ix":1},"s":{"a":1,"k":[{"i":{"x":[0.833,0.833,0.833],"y":[0.833,0.833,0.833]},"o":{"x":[0.167,0.167,0.167],"y":[0.167,0.167,0.167]},"t":20,"s":[100,100,100]},{"i":{"x":[0.833,0.833,0.833],"y":[0.833,0.833,0.833]},"o":{"x":[0.167,0.167,0.167],"y":[0.167,0.167,0.167]},"t":30,"s":[100,102,100]},{"i":{"x":[0.833,0.833,0.833],"y":[0.833,0.833,0.833]},"o":{"x":[0.167,0.167,0.167],"y":[0.167,0.167,0.167]},"t":61,"s":[100,102,100]},{"t":71,"s":[100,100,100]}],"ix":6}},"ao":0,"shapes":[{"ty":"gr","it":[{"ty":"gr","it":[{"ind":0,"ty":"sh","ix":1,"ks":{"a":0,"k":{"i":[[0,0],[0,0],[0,0]],"o":[[0,0],[0,0],[0,0]],"v":[[13.16,25.645],[-13.16,0.675],[11.81,-25.645]],"c":true},"ix":2},"nm":"Path 1","mn":"ADBE Vector Shape - Group","hd":false},{"ty":"fl","c":{"a":0,"k":[0.137254908681,0.521568655968,0,1],"ix":4},"o":{"a":0,"k":100,"ix":5},"r":1,"bm":0,"nm":"Fill 1","mn":"ADBE Vector Graphic - Fill","hd":false},{"ty":"tr","p":{"a":0,"k":[549.647,878.801],"ix":2},"a":{"a":0,"k":[0,0],"ix":1},"s":{"a":0,"k":[100,100],"ix":3},"r":{"a":0,"k":0,"ix":6},"o":{"a":0,"k":100,"ix":7},"sk":{"a":0,"k":0,"ix":4},"sa":{"a":0,"k":0,"ix":5},"nm":"Transform"}],"nm":"Group 1","np":2,"cix":2,"bm":0,"ix":1,"mn":"ADBE Vector Group","hd":false},{"ty":"gr","it":[{"ind":0,"ty":"sh","ix":1,"ks":{"a":0,"k":{"i":[[0,0],[0,0]],"o":[[0,0],[0,0]],"v":[[-38.118,2.824],[38.118,-2.824]],"c":false},"ix":2},"nm":"Path 1","mn":"ADBE Vector Shape - Group","hd":false},{"ty":"st","c":{"a":0,"k":[0.137254908681,0.521568655968,0,1],"ix":3},"o":{"a":0,"k":100,"ix":4},"w":{"a":0,"k":15,"ix":5},"lc":1,"lj":1,"ml":10,"bm":0,"nm":"Stroke 1","mn":"ADBE Vector Graphic - Stroke","hd":false},{"ty":"tr","p":{"a":0,"k":[505.882,883.529],"ix":2},"a":{"a":0,"k":[0,0],"ix":1},"s":{"a":0,"k":[100,100],"ix":3},"r":{"a":0,"k":0,"ix":6},"o":{"a":0,"k":100,"ix":7},"sk":{"a":0,"k":0,"ix":4},"sa":{"a":0,"k":0,"ix":5},"nm":"Transform"}],"nm":"Group 2","np":2,"cix":2,"bm":0,"ix":2,"mn":"ADBE Vector Group","hd":false},{"ty":"gr","it":[{"ind":0,"ty":"sh","ix":1,"ks":{"a":0,"k":{"i":[[18.389,-20.772],[20.198,17.881],[-18.389,20.772],[-20.198,-17.881]],"o":[[-18.389,20.772],[-20.198,-17.881],[18.389,-20.772],[20.198,17.881]],"v":[[36.571,32.376],[-33.297,37.61],[-36.571,-32.376],[33.297,-37.61]],"c":true},"ix":2},"nm":"Path 1","mn":"ADBE Vector Shape - Group","hd":false},{"ty":"st","c":{"a":0,"k":[0.137254908681,0.521568655968,0,1],"ix":3},"o":{"a":0,"k":100,"ix":4},"w":{"a":0,"k":10.357,"ix":5},"lc":1,"lj":1,"ml":10,"bm":0,"nm":"Stroke 1","mn":"ADBE Vector Graphic - Stroke","hd":false},{"ty":"tr","p":{"a":0,"k":[461.938,775.903],"ix":2},"a":{"a":0,"k":[0,0],"ix":1},"s":{"a":0,"k":[100,100],"ix":3},"r":{"a":0,"k":0,"ix":6},"o":{"a":0,"k":100,"ix":7},"sk":{"a":0,"k":0,"ix":4},"sa":{"a":0,"k":0,"ix":5},"nm":"Transform"}],"nm":"Group 3","np":2,"cix":2,"bm":0,"ix":3,"mn":"ADBE Vector Group","hd":false},{"ty":"gr","it":[{"ind":0,"ty":"sh","ix":1,"ks":{"a":0,"k":{"i":[[0,0],[0,0],[0,0],[0,0]],"o":[[0,0],[0,0],[0,0],[0,0]],"v":[[-7.22,71.149],[-69.749,15.792],[7.22,-71.149],[69.749,-15.792]],"c":true},"ix":2},"nm":"Path 1","mn":"ADBE Vector Shape - Group","hd":false},{"ty":"fl","c":{"a":0,"k":[0.137254908681,0.521568655968,0,1],"ix":4},"o":{"a":0,"k":100,"ix":5},"r":1,"bm":0,"nm":"Fill 1","mn":"ADBE Vector Graphic - Fill","hd":false},{"ty":"tr","p":{"a":0,"k":[456.632,842.733],"ix":2},"a":{"a":0,"k":[0,0],"ix":1},"s":{"a":0,"k":[100,100],"ix":3},"r":{"a":0,"k":0,"ix":6},"o":{"a":0,"k":100,"ix":7},"sk":{"a":0,"k":0,"ix":4},"sa":{"a":0,"k":0,"ix":5},"nm":"Transform"}],"nm":"Group 4","np":2,"cix":2,"bm":0,"ix":4,"mn":"ADBE Vector Group","hd":false},{"ty":"tr","p":{"a":1,"k":[{"i":{"x":0,"y":1},"o":{"x":0.783,"y":0.939},"t":20,"s":[480.345,766.079],"to":[-0.667,-22.833],"ti":[2,22.833]},{"i":{"x":0.833,"y":0.833},"o":{"x":0.333,"y":0.333},"t":32,"s":[468.345,629.079],"to":[0,0],"ti":[0,0]},{"i":{"x":0.696,"y":1},"o":{"x":0.167,"y":0.167},"t":61,"s":[468.345,629.079],"to":[2,22.833],"ti":[-2,-22.833]},{"t":71,"s":[480.345,766.079]}],"ix":2},"a":{"a":0,"k":[448.345,746.079],"ix":1},"s":{"a":0,"k":[100,100],"ix":3},"r":{"a":1,"k":[{"i":{"x":[0.457],"y":[1]},"o":{"x":[0.167],"y":[0.167]},"t":20,"s":[14]},{"i":{"x":[0.833],"y":[1]},"o":{"x":[0.333],"y":[0]},"t":32,"s":[-79]},{"i":{"x":[0.696],"y":[1]},"o":{"x":[0.167],"y":[0.167]},"t":61,"s":[-79]},{"t":71,"s":[14]}],"ix":6},"o":{"a":0,"k":100,"ix":7},"sk":{"a":0,"k":0,"ix":4},"sa":{"a":0,"k":0,"ix":5},"nm":"Transform"}],"nm":"Watering Can ","np":4,"cix":2,"bm":0,"ix":1,"mn":"ADBE Vector Group","hd":false}],"ip":0,"op":110,"st":0,"bm":0},{"ddd":0,"ind":5,"ty":4,"nm":"Water","sr":1,"ks":{"o":{"a":0,"k":100,"ix":11},"r":{"a":0,"k":0,"ix":10},"p":{"a":0,"k":[614.358,948.577,0],"ix":2},"a":{"a":0,"k":[614.358,948.577,0],"ix":1},"s":{"a":0,"k":[100,100,100],"ix":6}},"ao":0,"shapes":[{"ty":"gr","it":[{"ind":0,"ty":"sh","ix":1,"ks":{"a":1,"k":[{"i":{"x":0.833,"y":0.833},"o":{"x":0.167,"y":0.167},"t":20,"s":[{"i":[[0,0],[-49.055,-91.981]],"o":[[0,0],[0,0]],"v":[[-110.145,-24.785],[30.688,69.776]],"c":false}]},{"i":{"x":0.833,"y":0.833},"o":{"x":0.167,"y":0.167},"t":22,"s":[{"i":[[0,0],[9.529,-140.824]],"o":[[0,0],[0,0]],"v":[[-62.059,-85.776],[30.688,69.776]],"c":false}]},{"i":{"x":0.833,"y":0.833},"o":{"x":0.167,"y":0.167},"t":23,"s":[{"i":[[0,0],[9.529,-140.824]],"o":[[0,0],[0,0]],"v":[[13.674,-106.452],[30.688,69.776]],"c":false}]},{"i":{"x":0.833,"y":0.833},"o":{"x":0.167,"y":0.167},"t":68,"s":[{"i":[[0,0],[9.529,-140.824]],"o":[[0,0],[0,0]],"v":[[13.674,-106.452],[30.688,69.776]],"c":false}]},{"i":{"x":0.833,"y":0.833},"o":{"x":0.167,"y":0.167},"t":69,"s":[{"i":[[0,0],[9.529,-140.823]],"o":[[0,0],[0,0]],"v":[[-62.059,-85.776],[30.688,69.776]],"c":false}]},{"t":71,"s":[{"i":[[0,0],[-49.055,-91.981]],"o":[[0,0],[0,0]],"v":[[-110.145,-24.785],[30.688,69.776]],"c":false}]}],"ix":2},"nm":"Path 1","mn":"ADBE Vector Shape - Group","hd":false},{"ty":"st","c":{"a":0,"k":[0.529411792755,0.737254917622,0.964705884457,1],"ix":3},"o":{"a":0,"k":100,"ix":4},"w":{"a":0,"k":8,"ix":5},"lc":2,"lj":2,"bm":0,"d":[{"n":"d","nm":"dash","v":{"a":0,"k":12,"ix":1}},{"n":"g","nm":"gap","v":{"a":0,"k":30,"ix":2}}],"nm":"Stroke 1","mn":"ADBE Vector Graphic - Stroke","hd":false},{"ty":"tr","p":{"a":0,"k":[593.367,960.705],"ix":2},"a":{"a":0,"k":[0,0],"ix":1},"s":{"a":0,"k":[100,100],"ix":3},"r":{"a":0,"k":0,"ix":6},"o":{"a":0,"k":100,"ix":7},"sk":{"a":0,"k":0,"ix":4},"sa":{"a":0,"k":0,"ix":5},"nm":"Transform"}],"nm":"Bottom","np":2,"cix":2,"bm":0,"ix":1,"mn":"ADBE Vector Group","hd":false},{"ty":"gr","it":[{"ind":0,"ty":"sh","ix":1,"ks":{"a":1,"k":[{"i":{"x":0.833,"y":0.833},"o":{"x":0.167,"y":0.167},"t":20,"s":[{"i":[[0,0],[-36.036,-151.225]],"o":[[0,0],[0,0]],"v":[[-144.473,-25.767],[26.188,93.776]],"c":false}]},{"i":{"x":0.833,"y":0.833},"o":{"x":0.167,"y":0.167},"t":22,"s":[{"i":[[0,0],[19.964,-169.725]],"o":[[0,0],[0,0]],"v":[[-101.559,-87.776],[26.188,93.776]],"c":false}]},{"i":{"x":0.833,"y":0.833},"o":{"x":0.167,"y":0.167},"t":23,"s":[{"i":[[0,0],[19.964,-169.725]],"o":[[0,0],[0,0]],"v":[[-4.292,-93.099],[26.188,93.776]],"c":false}]},{"i":{"x":0.833,"y":0.833},"o":{"x":0.167,"y":0.167},"t":68,"s":[{"i":[[0,0],[19.964,-169.725]],"o":[[0,0],[0,0]],"v":[[-4.292,-93.099],[26.188,93.776]],"c":false}]},{"i":{"x":0.833,"y":0.833},"o":{"x":0.167,"y":0.167},"t":69,"s":[{"i":[[0,0],[19.964,-169.724]],"o":[[0,0],[0,0]],"v":[[-101.559,-87.776],[26.188,93.776]],"c":false}]},{"t":71,"s":[{"i":[[0,0],[-36.036,-151.224]],"o":[[0,0],[0,0]],"v":[[-144.473,-25.767],[26.188,93.776]],"c":false}]}],"ix":2},"nm":"Path 1","mn":"ADBE Vector Shape - Group","hd":false},{"ty":"st","c":{"a":0,"k":[0.529411792755,0.737254917622,0.964705884457,1],"ix":3},"o":{"a":0,"k":100,"ix":4},"w":{"a":0,"k":8,"ix":5},"lc":2,"lj":2,"bm":0,"d":[{"n":"d","nm":"dash","v":{"a":0,"k":12,"ix":1}},{"n":"g","nm":"gap","v":{"a":0,"k":30,"ix":2}}],"nm":"Stroke 1","mn":"ADBE Vector Graphic - Stroke","hd":false},{"ty":"tr","p":{"a":0,"k":[635.348,936.448],"ix":2},"a":{"a":0,"k":[0,0],"ix":1},"s":{"a":0,"k":[100,100],"ix":3},"r":{"a":0,"k":0,"ix":6},"o":{"a":0,"k":100,"ix":7},"sk":{"a":0,"k":0,"ix":4},"sa":{"a":0,"k":0,"ix":5},"nm":"Transform"}],"nm":"Top","np":2,"cix":2,"bm":0,"ix":2,"mn":"ADBE Vector Group","hd":false},{"ty":"gr","it":[{"ind":0,"ty":"sh","ix":1,"ks":{"a":1,"k":[{"i":{"x":0.833,"y":0.833},"o":{"x":0.167,"y":0.167},"t":20,"s":[{"i":[[0,0],[-34.028,-135.44]],"o":[[0,0],[0,0]],"v":[[-127.17,-19.841],[28.188,93.776]],"c":false}]},{"i":{"x":0.833,"y":0.833},"o":{"x":0.167,"y":0.167},"t":22,"s":[{"i":[[0,0],[13.972,-165.94]],"o":[[0,0],[0,0]],"v":[[-81.559,-81.276],[28.188,93.776]],"c":false}]},{"i":{"x":0.833,"y":0.833},"o":{"x":0.167,"y":0.167},"t":23,"s":[{"i":[[0,0],[13.972,-165.94]],"o":[[0,0],[0,0]],"v":[[4.566,-94.803],[28.188,93.776]],"c":false}]},{"i":{"x":0.833,"y":0.833},"o":{"x":0.167,"y":0.167},"t":68,"s":[{"i":[[0,0],[13.972,-165.94]],"o":[[0,0],[0,0]],"v":[[4.566,-94.803],[28.188,93.776]],"c":false}]},{"i":{"x":0.833,"y":0.833},"o":{"x":0.167,"y":0.167},"t":69,"s":[{"i":[[0,0],[13.972,-165.94]],"o":[[0,0],[0,0]],"v":[[-81.559,-81.276],[28.188,93.776]],"c":false}]},{"t":71,"s":[{"i":[[0,0],[-34.028,-135.44]],"o":[[0,0],[0,0]],"v":[[-127.17,-19.841],[28.188,93.776]],"c":false}]}],"ix":2},"nm":"Path 1","mn":"ADBE Vector Shape - Group","hd":false},{"ty":"st","c":{"a":0,"k":[0.529411792755,0.737254917622,0.964705884457,1],"ix":3},"o":{"a":0,"k":100,"ix":4},"w":{"a":0,"k":8,"ix":5},"lc":2,"lj":2,"bm":0,"d":[{"n":"d","nm":"dash","v":{"a":0,"k":12,"ix":1}},{"n":"g","nm":"gap","v":{"a":0,"k":30,"ix":2}}],"nm":"Stroke 1","mn":"ADBE Vector Graphic - Stroke","hd":false},{"ty":"tr","p":{"a":0,"k":[613.84,943.664],"ix":2},"a":{"a":0,"k":[0,0],"ix":1},"s":{"a":0,"k":[100,100],"ix":3},"r":{"a":0,"k":0,"ix":6},"o":{"a":0,"k":100,"ix":7},"sk":{"a":0,"k":0,"ix":4},"sa":{"a":0,"k":0,"ix":5},"nm":"Transform"}],"nm":"Bttom","np":2,"cix":2,"bm":0,"ix":3,"mn":"ADBE Vector Group","hd":false},{"ty":"tm","s":{"a":1,"k":[{"i":{"x":[0.833],"y":[0.833]},"o":{"x":[0.167],"y":[0.167]},"t":20,"s":[0]},{"i":{"x":[0.833],"y":[0.833]},"o":{"x":[0.167],"y":[0.167]},"t":28,"s":[100]},{"i":{"x":[0.833],"y":[0.833]},"o":{"x":[0.167],"y":[0.167]},"t":67,"s":[100]},{"t":68,"s":[0]}],"ix":1},"e":{"a":1,"k":[{"i":{"x":[0.833],"y":[0.833]},"o":{"x":[0.167],"y":[0.167]},"t":67,"s":[100]},{"i":{"x":[0.833],"y":[0.833]},"o":{"x":[0.167],"y":[0.167]},"t":68,"s":[0]},{"t":71,"s":[100]}],"ix":2},"o":{"a":1,"k":[{"i":{"x":[0.833],"y":[0.833]},"o":{"x":[0.167],"y":[0.167]},"t":0,"s":[0]},{"i":{"x":[0.833],"y":[0.833]},"o":{"x":[0.167],"y":[0.167]},"t":28,"s":[353]},{"i":{"x":[0.833],"y":[0.833]},"o":{"x":[0.167],"y":[0.167]},"t":67,"s":[353]},{"i":{"x":[0.833],"y":[0.833]},"o":{"x":[0.167],"y":[0.167]},"t":68,"s":[15.5]},{"t":80,"s":[208]}],"ix":3},"m":1,"ix":4,"nm":"Trim Paths 1","mn":"ADBE Vector Filter - Trim","hd":false}],"ip":0,"op":110,"st":0,"bm":0},{"ddd":0,"ind":6,"ty":4,"nm":"Dirt","sr":1,"ks":{"o":{"a":0,"k":100,"ix":11},"r":{"a":0,"k":0,"ix":10},"p":{"a":0,"k":[632.509,592.882,0],"ix":2},"a":{"a":0,"k":[632.509,592.882,0],"ix":1},"s":{"a":0,"k":[100,100,100],"ix":6}},"ao":0,"shapes":[{"ty":"gr","it":[{"ind":0,"ty":"sh","ix":1,"ks":{"a":0,"k":{"i":[[0,0],[49.412,-8.471],[0,0]],"o":[[0,0],[-49.412,8.471],[0,0]],"v":[[158.353,12.13],[64.868,-35.518],[32.752,12.13]],"c":true},"ix":2},"nm":"Path 2","mn":"ADBE Vector Shape - Group","hd":false},{"ind":1,"ty":"sh","ix":2,"ks":{"a":0,"k":{"i":[[0,0],[24.706,-4.235],[0,0]],"o":[[0,0],[-24.706,4.235],[0,0]],"v":[[32.133,12.129],[-14.609,-11.694],[-30.667,12.129]],"c":true},"ix":2},"nm":"Path 1","mn":"ADBE Vector Shape - Group","hd":false},{"ty":"fl","c":{"a":0,"k":[0.043137256056,0.337254911661,0.658823549747,1],"ix":4},"o":{"a":0,"k":100,"ix":5},"r":1,"bm":0,"nm":"Fill 1","mn":"ADBE Vector Graphic - Fill","hd":false},{"ty":"tr","p":{"a":0,"k":[549.647,1053.87],"ix":2},"a":{"a":0,"k":[0,0],"ix":1},"s":{"a":0,"k":[100,100],"ix":3},"r":{"a":0,"k":0,"ix":6},"o":{"a":0,"k":100,"ix":7},"sk":{"a":0,"k":0,"ix":4},"sa":{"a":0,"k":0,"ix":5},"nm":"Transform"}],"nm":"Dirt","np":3,"cix":2,"bm":0,"ix":1,"mn":"ADBE Vector Group","hd":false}],"ip":0,"op":110,"st":0,"bm":0},{"ddd":0,"ind":7,"ty":4,"nm":"Plant","sr":1,"ks":{"o":{"a":0,"k":100,"ix":11},"r":{"a":0,"k":0,"ix":10},"p":{"a":0,"k":[632.509,1019.882,0],"ix":2},"a":{"a":0,"k":[632.509,1019.882,0],"ix":1},"s":{"a":0,"k":[100,100,100],"ix":6}},"ao":0,"shapes":[{"ty":"gr","it":[{"ty":"gr","it":[{"ind":0,"ty":"sh","ix":1,"ks":{"a":1,"k":[{"i":{"x":0.667,"y":1},"o":{"x":0.333,"y":0},"t":26,"s":[{"i":[[0,-9.096],[9.096,0],[0,9.096],[-9.096,0]],"o":[[0,9.096],[-9.096,0],[0,-9.096],[9.096,0]],"v":[[16.471,0],[0,16.471],[-16.471,0],[0,-16.471]],"c":true}]},{"i":{"x":0.571,"y":1},"o":{"x":1,"y":0},"t":35,"s":[{"i":[[0,-9.096],[9.096,0],[0,9.096],[-9.096,0]],"o":[[0,9.096],[-9.096,0],[0,-9.096],[9.096,0]],"v":[[-29.529,-32],[-46,-15.529],[-62.471,-32],[-46,-48.471]],"c":true}]},{"t":51,"s":[{"i":[[0,-9.096],[9.096,0],[0,9.096],[-9.096,0]],"o":[[0,9.096],[-9.096,0],[0,-9.096],[9.096,0]],"v":[[16.471,0],[0,16.471],[-16.471,0],[0,-16.471]],"c":true}]}],"ix":2},"nm":"Path 1","mn":"ADBE Vector Shape - Group","hd":false},{"ty":"fl","c":{"a":0,"k":[0.015686275437,0.450980395079,0.917647063732,1],"ix":4},"o":{"a":0,"k":100,"ix":5},"r":1,"bm":0,"nm":"Fill 1","mn":"ADBE Vector Graphic - Fill","hd":false},{"ty":"tr","p":{"a":0,"k":[708,166.588],"ix":2},"a":{"a":0,"k":[0,0],"ix":1},"s":{"a":0,"k":[100,100],"ix":3},"r":{"a":0,"k":0,"ix":6},"o":{"a":0,"k":100,"ix":7},"sk":{"a":0,"k":0,"ix":4},"sa":{"a":0,"k":0,"ix":5},"nm":"Transform"}],"nm":"Group 15","np":2,"cix":2,"bm":0,"ix":1,"mn":"ADBE Vector Group","hd":false},{"ty":"gr","it":[{"ind":0,"ty":"sh","ix":1,"ks":{"a":1,"k":[{"i":{"x":0.667,"y":1},"o":{"x":0.333,"y":0},"t":25,"s":[{"i":[[0,-9.096],[9.096,0],[0,9.096],[-9.096,0]],"o":[[0,9.096],[-9.096,0],[0,-9.096],[9.096,0]],"v":[[16.471,0],[0,16.471],[-16.471,0],[0,-16.471]],"c":true}]},{"i":{"x":0.571,"y":1},"o":{"x":1,"y":0},"t":34,"s":[{"i":[[0,-9.096],[9.096,0],[0,9.096],[-9.096,0]],"o":[[0,9.096],[-9.096,0],[0,-9.096],[9.096,0]],"v":[[63.971,-33.25],[47.5,-16.779],[31.029,-33.25],[47.5,-49.721]],"c":true}]},{"t":50,"s":[{"i":[[0,-9.096],[9.096,0],[0,9.096],[-9.096,0]],"o":[[0,9.096],[-9.096,0],[0,-9.096],[9.096,0]],"v":[[16.471,0],[0,16.471],[-16.471,0],[0,-16.471]],"c":true}]}],"ix":2},"nm":"Path 1","mn":"ADBE Vector Shape - Group","hd":false},{"ty":"fl","c":{"a":0,"k":[0.015686275437,0.450980395079,0.917647063732,1],"ix":4},"o":{"a":0,"k":100,"ix":5},"r":1,"bm":0,"nm":"Fill 1","mn":"ADBE Vector Graphic - Fill","hd":false},{"ty":"tr","p":{"a":0,"k":[555.529,166.588],"ix":2},"a":{"a":0,"k":[0,0],"ix":1},"s":{"a":0,"k":[100,100],"ix":3},"r":{"a":0,"k":0,"ix":6},"o":{"a":0,"k":100,"ix":7},"sk":{"a":0,"k":0,"ix":4},"sa":{"a":0,"k":0,"ix":5},"nm":"Transform"}],"nm":"Group 16","np":2,"cix":2,"bm":0,"ix":2,"mn":"ADBE Vector Group","hd":false},{"ty":"gr","it":[{"ind":0,"ty":"sh","ix":1,"ks":{"a":1,"k":[{"i":{"x":0.667,"y":1},"o":{"x":0.333,"y":0},"t":27,"s":[{"i":[[0,-9.096],[9.096,0],[0,9.096],[-9.096,0]],"o":[[0,9.096],[-9.096,0],[0,-9.096],[9.096,0]],"v":[[16.471,0],[0,16.471],[-16.471,0],[0,-16.471]],"c":true}]},{"i":{"x":0.571,"y":1},"o":{"x":1,"y":0},"t":36,"s":[{"i":[[0,-9.096],[9.096,0],[0,9.096],[-9.096,0]],"o":[[0,9.096],[-9.096,0],[0,-9.096],[9.096,0]],"v":[[18.721,-20.5],[2.25,-4.029],[-14.221,-20.5],[2.25,-36.971]],"c":true}]},{"t":52,"s":[{"i":[[0,-9.096],[9.096,0],[0,9.096],[-9.096,0]],"o":[[0,9.096],[-9.096,0],[0,-9.096],[9.096,0]],"v":[[16.471,0],[0,16.471],[-16.471,0],[0,-16.471]],"c":true}]}],"ix":2},"nm":"Path 1","mn":"ADBE Vector Shape - Group","hd":false},{"ty":"fl","c":{"a":0,"k":[0.015686275437,0.450980395079,0.917647063732,1],"ix":4},"o":{"a":0,"k":100,"ix":5},"r":1,"bm":0,"nm":"Fill 1","mn":"ADBE Vector Graphic - Fill","hd":false},{"ty":"tr","p":{"a":0,"k":[632.706,136.235],"ix":2},"a":{"a":0,"k":[0,0],"ix":1},"s":{"a":0,"k":[100,100],"ix":3},"r":{"a":0,"k":0,"ix":6},"o":{"a":0,"k":100,"ix":7},"sk":{"a":0,"k":0,"ix":4},"sa":{"a":0,"k":0,"ix":5},"nm":"Transform"}],"nm":"Group 17","np":2,"cix":2,"bm":0,"ix":3,"mn":"ADBE Vector Group","hd":false},{"ty":"gr","it":[{"ind":0,"ty":"sh","ix":1,"ks":{"a":0,"k":{"i":[[-65.647,0],[51.85,0],[0,51.85]],"o":[[0,51.85],[-51.85,0],[60.941,0]],"v":[[93.882,-46.941],[0,46.941],[-93.882,-46.941]],"c":true},"ix":2},"nm":"Path 1","mn":"ADBE Vector Shape - Group","hd":false},{"ty":"fl","c":{"a":0,"k":[0.015686275437,0.450980395079,0.917647063732,1],"ix":4},"o":{"a":0,"k":100,"ix":5},"r":1,"bm":0,"nm":"Fill 1","mn":"ADBE Vector Graphic - Fill","hd":false},{"ty":"tr","p":{"a":0,"k":[632.941,290.235],"ix":2},"a":{"a":0,"k":[0,0],"ix":1},"s":{"a":0,"k":[100,100],"ix":3},"r":{"a":0,"k":0,"ix":6},"o":{"a":0,"k":100,"ix":7},"sk":{"a":0,"k":0,"ix":4},"sa":{"a":0,"k":0,"ix":5},"nm":"Transform"}],"nm":"Group 18","np":2,"cix":2,"bm":0,"ix":4,"mn":"ADBE Vector Group","hd":false},{"ty":"gr","it":[{"ind":0,"ty":"sh","ix":1,"ks":{"a":1,"k":[{"i":{"x":0.667,"y":1},"o":{"x":0.333,"y":0},"t":25,"s":[{"i":[[0,0],[-15.529,-62.118]],"o":[[0,0],[0,0]],"v":[[-24.706,-43.765],[24.706,43.765]],"c":false}]},{"i":{"x":0.571,"y":1},"o":{"x":1,"y":0},"t":34,"s":[{"i":[[0,0],[-15.529,-62.118]],"o":[[0,0],[0,0]],"v":[[13.294,-70.765],[24.706,43.765]],"c":false}]},{"t":50,"s":[{"i":[[0,0],[-15.529,-62.118]],"o":[[0,0],[0,0]],"v":[[-24.706,-43.765],[24.706,43.765]],"c":false}]}],"ix":2},"nm":"Path 1","mn":"ADBE Vector Shape - Group","hd":false},{"ty":"st","c":{"a":0,"k":[0.341176480055,0.635294139385,0.949019610882,1],"ix":3},"o":{"a":0,"k":100,"ix":4},"w":{"a":0,"k":9,"ix":5},"lc":1,"lj":1,"ml":10,"bm":0,"nm":"Stroke 1","mn":"ADBE Vector Graphic - Stroke","hd":false},{"ty":"tr","p":{"a":0,"k":[589.809,217.882],"ix":2},"a":{"a":0,"k":[0,0],"ix":1},"s":{"a":0,"k":[100,100],"ix":3},"r":{"a":0,"k":0,"ix":6},"o":{"a":0,"k":100,"ix":7},"sk":{"a":0,"k":0,"ix":4},"sa":{"a":0,"k":0,"ix":5},"nm":"Transform"}],"nm":"Group 20","np":2,"cix":2,"bm":0,"ix":5,"mn":"ADBE Vector Group","hd":false},{"ty":"gr","it":[{"ind":0,"ty":"sh","ix":1,"ks":{"a":1,"k":[{"i":{"x":0.667,"y":1},"o":{"x":0.333,"y":0},"t":27,"s":[{"i":[[0,0],[0,-65.412]],"o":[[0,0],[0,0]],"v":[[0,-57.176],[0,57.176]],"c":false}]},{"i":{"x":0.571,"y":1},"o":{"x":1,"y":0},"t":36,"s":[{"i":[[0,0],[0,-65.412]],"o":[[0,0],[0,0]],"v":[[2,-75.176],[0,57.176]],"c":false}]},{"t":52,"s":[{"i":[[0,0],[0,-65.412]],"o":[[0,0],[0,0]],"v":[[0,-57.176],[0,57.176]],"c":false}]}],"ix":2},"nm":"Path 1","mn":"ADBE Vector Shape - Group","hd":false},{"ty":"st","c":{"a":0,"k":[0.341176480055,0.635294139385,0.949019610882,1],"ix":3},"o":{"a":0,"k":100,"ix":4},"w":{"a":0,"k":9,"ix":5},"lc":1,"lj":1,"ml":10,"bm":0,"nm":"Stroke 1","mn":"ADBE Vector Graphic - Stroke","hd":false},{"ty":"tr","p":{"a":0,"k":[632.941,204.471],"ix":2},"a":{"a":0,"k":[0,0],"ix":1},"s":{"a":0,"k":[100,100],"ix":3},"r":{"a":0,"k":0,"ix":6},"o":{"a":0,"k":100,"ix":7},"sk":{"a":0,"k":0,"ix":4},"sa":{"a":0,"k":0,"ix":5},"nm":"Transform"}],"nm":"Group 21","np":2,"cix":2,"bm":0,"ix":6,"mn":"ADBE Vector Group","hd":false},{"ty":"gr","it":[{"ind":0,"ty":"sh","ix":1,"ks":{"a":1,"k":[{"i":{"x":0.667,"y":1},"o":{"x":0.333,"y":0},"t":26,"s":[{"i":[[0,0],[15.529,-62.118]],"o":[[0,0],[0,0]],"v":[[24.706,-43.765],[-24.706,43.765]],"c":false}]},{"i":{"x":0.571,"y":1},"o":{"x":1,"y":0},"t":35,"s":[{"i":[[0,0],[15.529,-62.118]],"o":[[0,0],[0,0]],"v":[[-11.294,-69.765],[-24.706,43.765]],"c":false}]},{"t":51,"s":[{"i":[[0,0],[15.529,-62.118]],"o":[[0,0],[0,0]],"v":[[24.706,-43.765],[-24.706,43.765]],"c":false}]}],"ix":2},"nm":"Path 1","mn":"ADBE Vector Shape - Group","hd":false},{"ty":"st","c":{"a":0,"k":[0.341176480055,0.635294139385,0.949019610882,1],"ix":3},"o":{"a":0,"k":100,"ix":4},"w":{"a":0,"k":9,"ix":5},"lc":1,"lj":1,"ml":10,"bm":0,"nm":"Stroke 1","mn":"ADBE Vector Graphic - Stroke","hd":false},{"ty":"tr","p":{"a":0,"k":[673.176,217.882],"ix":2},"a":{"a":0,"k":[0,0],"ix":1},"s":{"a":0,"k":[100,100],"ix":3},"r":{"a":0,"k":0,"ix":6},"o":{"a":0,"k":100,"ix":7},"sk":{"a":0,"k":0,"ix":4},"sa":{"a":0,"k":0,"ix":5},"nm":"Transform"}],"nm":"Group 22","np":2,"cix":2,"bm":0,"ix":7,"mn":"ADBE Vector Group","hd":false},{"ty":"tr","p":{"a":1,"k":[{"i":{"x":0.5,"y":1},"o":{"x":0.333,"y":0},"t":25,"s":[632.941,337.471],"to":[0,-8.533],"ti":[0,0]},{"i":{"x":0.83,"y":1},"o":{"x":0.8,"y":0},"t":34,"s":[632.941,286.271],"to":[0,0],"ti":[0,-8.533]},{"t":50,"s":[632.941,337.471]}],"ix":2},"a":{"a":0,"k":[632.941,337.471],"ix":1},"s":{"a":0,"k":[100,100],"ix":3},"r":{"a":0,"k":0,"ix":6},"o":{"a":0,"k":100,"ix":7},"sk":{"a":0,"k":0,"ix":4},"sa":{"a":0,"k":0,"ix":5},"nm":"Transform"}],"nm":"Flower","np":7,"cix":2,"bm":0,"ix":1,"mn":"ADBE Vector Group","hd":false},{"ty":"gr","it":[{"ty":"gr","it":[{"ind":0,"ty":"sh","ix":1,"ks":{"a":0,"k":{"i":[[0,0],[27.921,-79.722]],"o":[[0,0],[0,0]],"v":[[45.758,-57.997],[-44.77,68.071]],"c":false},"ix":2},"nm":"Path 1","mn":"ADBE Vector Shape - Group","hd":false},{"ty":"st","c":{"a":0,"k":[0.137254908681,0.521568655968,0,1],"ix":3},"o":{"a":0,"k":100,"ix":4},"w":{"a":0,"k":8,"ix":5},"lc":2,"lj":2,"bm":0,"nm":"Stroke 1","mn":"ADBE Vector Graphic - Stroke","hd":false},{"ty":"tr","p":{"a":0,"k":[702.824,457.529],"ix":2},"a":{"a":0,"k":[0,0],"ix":1},"s":{"a":0,"k":[100,100],"ix":3},"r":{"a":0,"k":0,"ix":6},"o":{"a":0,"k":100,"ix":7},"sk":{"a":0,"k":0,"ix":4},"sa":{"a":0,"k":0,"ix":5},"nm":"Transform"}],"nm":"Group 8","np":2,"cix":2,"bm":0,"ix":1,"mn":"ADBE Vector Group","hd":false},{"ty":"gr","it":[{"ind":0,"ty":"sh","ix":1,"ks":{"a":0,"k":{"i":[[-120.229,-2.194],[51.402,-43.856],[17.807,-60.732]],"o":[[43.029,1.113],[-20.267,16.303],[-4.656,-2.325]],"v":[[52.775,-124.372],[36.902,-5.465],[-77.584,132.873]],"c":true},"ix":2},"nm":"Path 1","mn":"ADBE Vector Shape - Group","hd":false},{"ty":"fl","c":{"a":0,"k":[0.219607844949,0.823529422283,0,1],"ix":4},"o":{"a":0,"k":100,"ix":5},"r":1,"bm":0,"nm":"Fill 1","mn":"ADBE Vector Graphic - Fill","hd":false},{"ty":"tr","p":{"a":0,"k":[710.525,477.833],"ix":2},"a":{"a":0,"k":[0,0],"ix":1},"s":{"a":0,"k":[100,100],"ix":3},"r":{"a":0,"k":0,"ix":6},"o":{"a":0,"k":100,"ix":7},"sk":{"a":0,"k":0,"ix":4},"sa":{"a":0,"k":0,"ix":5},"nm":"Transform"}],"nm":"Group 14","np":2,"cix":2,"bm":0,"ix":2,"mn":"ADBE Vector Group","hd":false},{"ty":"tr","p":{"a":0,"k":[633.025,608.833],"ix":2},"a":{"a":0,"k":[633.025,608.833],"ix":1},"s":{"a":0,"k":[100,100],"ix":3},"r":{"a":1,"k":[{"i":{"x":[0.147],"y":[0.724]},"o":{"x":[0.341],"y":[0.017]},"t":17,"s":[0]},{"i":{"x":[0.768],"y":[1]},"o":{"x":[0.509],"y":[-0.266]},"t":26,"s":[-7]},{"t":42,"s":[0]}],"ix":6},"o":{"a":0,"k":100,"ix":7},"sk":{"a":0,"k":0,"ix":4},"sa":{"a":0,"k":0,"ix":5},"nm":"Transform"}],"nm":"RL1","np":2,"cix":2,"bm":0,"ix":2,"mn":"ADBE Vector Group","hd":false},{"ty":"gr","it":[{"ty":"gr","it":[{"ind":0,"ty":"sh","ix":1,"ks":{"a":0,"k":{"i":[[0,0],[-27.716,-80.206]],"o":[[0,0],[0,0]],"v":[[-43.858,-59.81],[43.696,69.011]],"c":false},"ix":2},"nm":"Path 1","mn":"ADBE Vector Shape - Group","hd":false},{"ty":"st","c":{"a":0,"k":[0.137254908681,0.521568655968,0,1],"ix":3},"o":{"a":0,"k":100,"ix":4},"w":{"a":0,"k":8,"ix":5},"lc":2,"lj":2,"bm":0,"nm":"Stroke 1","mn":"ADBE Vector Graphic - Stroke","hd":false},{"ty":"tr","p":{"a":0,"k":[563.857,458.327],"ix":2},"a":{"a":0,"k":[0,0],"ix":1},"s":{"a":0,"k":[100,100],"ix":3},"r":{"a":0,"k":0,"ix":6},"o":{"a":0,"k":100,"ix":7},"sk":{"a":0,"k":0,"ix":4},"sa":{"a":0,"k":0,"ix":5},"nm":"Transform"}],"nm":"Group 7","np":2,"cix":2,"bm":0,"ix":1,"mn":"ADBE Vector Group","hd":false},{"ty":"gr","it":[{"ind":0,"ty":"sh","ix":1,"ks":{"a":0,"k":{"i":[[119.993,-2.631],[-53.348,-44.696],[-17.412,-59.176]],"o":[[-42.943,1.269],[19.15,16.861],[5.042,-2.367]],"v":[[-52.587,-125.129],[-34.829,-6.36],[77.584,132.873]],"c":true},"ix":2},"nm":"Path 1","mn":"ADBE Vector Shape - Group","hd":false},{"ty":"fl","c":{"a":0,"k":[0.219607844949,0.823529422283,0,1],"ix":4},"o":{"a":0,"k":100,"ix":5},"r":1,"bm":0,"nm":"Fill 1","mn":"ADBE Vector Graphic - Fill","hd":false},{"ty":"tr","p":{"a":0,"k":[554.493,477.833],"ix":2},"a":{"a":0,"k":[0,0],"ix":1},"s":{"a":0,"k":[100,100],"ix":3},"r":{"a":0,"k":0,"ix":6},"o":{"a":0,"k":100,"ix":7},"sk":{"a":0,"k":0,"ix":4},"sa":{"a":0,"k":0,"ix":5},"nm":"Transform"}],"nm":"Group 9","np":2,"cix":2,"bm":0,"ix":2,"mn":"ADBE Vector Group","hd":false},{"ty":"tr","p":{"a":0,"k":[632.493,607.833],"ix":2},"a":{"a":0,"k":[632.493,607.833],"ix":1},"s":{"a":0,"k":[100,100],"ix":3},"r":{"a":1,"k":[{"i":{"x":[0.307],"y":[0.596]},"o":{"x":[0.161],"y":[0]},"t":17,"s":[0]},{"i":{"x":[0.841],"y":[1]},"o":{"x":[0.598],"y":[-0.558]},"t":26,"s":[6]},{"t":42,"s":[0]}],"ix":6},"o":{"a":0,"k":100,"ix":7},"sk":{"a":0,"k":0,"ix":4},"sa":{"a":0,"k":0,"ix":5},"nm":"Transform"}],"nm":"LL1","np":2,"cix":2,"bm":0,"ix":3,"mn":"ADBE Vector Group","hd":false},{"ty":"gr","it":[{"ty":"gr","it":[{"ind":0,"ty":"sh","ix":1,"ks":{"a":0,"k":{"i":[[0,0],[24.414,-37.437]],"o":[[0,0],[0,0]],"v":[[33.411,-24.149],[-32.578,28.024]],"c":false},"ix":2},"nm":"Path 1","mn":"ADBE Vector Shape - Group","hd":false},{"ty":"st","c":{"a":0,"k":[0.137254908681,0.521568655968,0,1],"ix":3},"o":{"a":0,"k":100,"ix":4},"w":{"a":0,"k":8,"ix":5},"lc":2,"lj":2,"bm":0,"nm":"Stroke 1","mn":"ADBE Vector Graphic - Stroke","hd":false},{"ty":"tr","p":{"a":0,"k":[688.671,630.533],"ix":2},"a":{"a":0,"k":[0,0],"ix":1},"s":{"a":0,"k":[100,100],"ix":3},"r":{"a":0,"k":0,"ix":6},"o":{"a":0,"k":100,"ix":7},"sk":{"a":0,"k":0,"ix":4},"sa":{"a":0,"k":0,"ix":5},"nm":"Transform"}],"nm":"Group 4","np":2,"cix":2,"bm":0,"ix":1,"mn":"ADBE Vector Group","hd":false},{"ty":"gr","it":[{"ind":0,"ty":"sh","ix":1,"ks":{"a":0,"k":{"i":[[-28.15,-38.752],[30.749,-23.232],[12.607,-31.391]],"o":[[31.832,52.874],[-11.341,8.763],[1.082,-92.303]],"v":[[54.71,-56.158],[-27.624,24.283],[-61.383,70.326]],"c":true},"ix":2},"nm":"Path 1","mn":"ADBE Vector Shape - Group","hd":false},{"ty":"fl","c":{"a":0,"k":[0.219607844949,0.823529422283,0,1],"ix":4},"o":{"a":0,"k":100,"ix":5},"r":1,"bm":0,"nm":"Fill 1","mn":"ADBE Vector Graphic - Fill","hd":false},{"ty":"tr","p":{"a":0,"k":[696.677,641.204],"ix":2},"a":{"a":0,"k":[0,0],"ix":1},"s":{"a":0,"k":[100,100],"ix":3},"r":{"a":0,"k":0,"ix":6},"o":{"a":0,"k":100,"ix":7},"sk":{"a":0,"k":0,"ix":4},"sa":{"a":0,"k":0,"ix":5},"nm":"Transform"}],"nm":"Group 13","np":2,"cix":2,"bm":0,"ix":2,"mn":"ADBE Vector Group","hd":false},{"ty":"tr","p":{"a":0,"k":[635.677,707.704],"ix":2},"a":{"a":0,"k":[635.677,707.704],"ix":1},"s":{"a":0,"k":[100,100],"ix":3},"r":{"a":1,"k":[{"i":{"x":[0.249],"y":[0.811]},"o":{"x":[0.198],"y":[0]},"t":19,"s":[0]},{"i":{"x":[0.841],"y":[1]},"o":{"x":[0.683],"y":[-0.315]},"t":28,"s":[-15]},{"t":44,"s":[0]}],"ix":6},"o":{"a":0,"k":100,"ix":7},"sk":{"a":0,"k":0,"ix":4},"sa":{"a":0,"k":0,"ix":5},"nm":"Transform"}],"nm":"RL2","np":2,"cix":2,"bm":0,"ix":4,"mn":"ADBE Vector Group","hd":false},{"ty":"gr","it":[{"ty":"gr","it":[{"ind":0,"ty":"sh","ix":1,"ks":{"a":0,"k":{"i":[[0,0],[-24.484,-38.403]],"o":[[0,0],[0,0]],"v":[[-31.872,-24.737],[32.934,28.542]],"c":false},"ix":2},"nm":"Path 1","mn":"ADBE Vector Shape - Group","hd":false},{"ty":"st","c":{"a":0,"k":[0.137254908681,0.521568655968,0,1],"ix":3},"o":{"a":0,"k":100,"ix":4},"w":{"a":0,"k":8,"ix":5},"lc":2,"lj":2,"bm":0,"nm":"Stroke 1","mn":"ADBE Vector Graphic - Stroke","hd":false},{"ty":"tr","p":{"a":0,"k":[577.92,633.529],"ix":2},"a":{"a":0,"k":[0,0],"ix":1},"s":{"a":0,"k":[100,100],"ix":3},"r":{"a":0,"k":0,"ix":6},"o":{"a":0,"k":100,"ix":7},"sk":{"a":0,"k":0,"ix":4},"sa":{"a":0,"k":0,"ix":5},"nm":"Transform"}],"nm":"Group 6","np":2,"cix":2,"bm":0,"ix":1,"mn":"ADBE Vector Group","hd":false},{"ty":"gr","it":[{"ind":0,"ty":"sh","ix":1,"ks":{"a":0,"k":{"i":[[28.605,-38.156],[-30.749,-23.232],[-12.607,-31.39]],"o":[[-32.474,52.77],[11.341,8.763],[-0.6,-92.198]],"v":[[-53.977,-57.146],[27.03,23.738],[61.383,70.326]],"c":true},"ix":2},"nm":"Path 1","mn":"ADBE Vector Shape - Group","hd":false},{"ty":"fl","c":{"a":0,"k":[0.219607844949,0.823529422283,0,1],"ix":4},"o":{"a":0,"k":100,"ix":5},"r":1,"bm":0,"nm":"Fill 1","mn":"ADBE Vector Graphic - Fill","hd":false},{"ty":"tr","p":{"a":0,"k":[570.695,646.38],"ix":2},"a":{"a":0,"k":[0,0],"ix":1},"s":{"a":0,"k":[100,100],"ix":3},"r":{"a":0,"k":0,"ix":6},"o":{"a":0,"k":100,"ix":7},"sk":{"a":0,"k":0,"ix":4},"sa":{"a":0,"k":0,"ix":5},"nm":"Transform"}],"nm":"Group 11","np":2,"cix":2,"bm":0,"ix":2,"mn":"ADBE Vector Group","hd":false},{"ty":"tr","p":{"a":0,"k":[632.195,713.38],"ix":2},"a":{"a":0,"k":[632.195,713.38],"ix":1},"s":{"a":0,"k":[100,100],"ix":3},"r":{"a":1,"k":[{"i":{"x":[0.307],"y":[0.848]},"o":{"x":[0.161],"y":[0]},"t":19,"s":[0]},{"i":{"x":[0.841],"y":[1]},"o":{"x":[0.598],"y":[-0.209]},"t":28,"s":[16]},{"t":44,"s":[0]}],"ix":6},"o":{"a":0,"k":100,"ix":7},"sk":{"a":0,"k":0,"ix":4},"sa":{"a":0,"k":0,"ix":5},"nm":"Transform"}],"nm":"LL2","np":2,"cix":2,"bm":0,"ix":5,"mn":"ADBE Vector Group","hd":false},{"ty":"gr","it":[{"ty":"gr","it":[{"ind":0,"ty":"sh","ix":1,"ks":{"a":0,"k":{"i":[[0,0],[20.676,-27.331]],"o":[[0,0],[0,0]],"v":[[20.448,-11.261],[-20.943,13.419]],"c":false},"ix":2},"nm":"Path 1","mn":"ADBE Vector Shape - Group","hd":false},{"ty":"st","c":{"a":0,"k":[0.137254908681,0.521568655968,0,1],"ix":3},"o":{"a":0,"k":100,"ix":4},"w":{"a":0,"k":8,"ix":5},"lc":2,"lj":2,"bm":0,"nm":"Stroke 1","mn":"ADBE Vector Graphic - Stroke","hd":false},{"ty":"tr","p":{"a":0,"k":[671.786,765.928],"ix":2},"a":{"a":0,"k":[0,0],"ix":1},"s":{"a":0,"k":[100,100],"ix":3},"r":{"a":0,"k":0,"ix":6},"o":{"a":0,"k":100,"ix":7},"sk":{"a":0,"k":0,"ix":4},"sa":{"a":0,"k":0,"ix":5},"nm":"Transform"}],"nm":"Group 3","np":2,"cix":2,"bm":0,"ix":1,"mn":"ADBE Vector Group","hd":false},{"ty":"gr","it":[{"ind":0,"ty":"sh","ix":1,"ks":{"a":0,"k":{"i":[[-12.243,-25.447],[20.615,-10.731],[10.645,-17.402]],"o":[[13.4,33.744],[-7.623,4.073],[9.602,-54.766]],"v":[[38.787,-26.405],[-16.962,13.047],[-41.999,37.195]],"c":true},"ix":2},"nm":"Path 1","mn":"ADBE Vector Shape - Group","hd":false},{"ty":"fl","c":{"a":0,"k":[0.219607844949,0.823529422283,0,1],"ix":4},"o":{"a":0,"k":100,"ix":5},"r":1,"bm":0,"nm":"Fill 1","mn":"ADBE Vector Graphic - Fill","hd":false},{"ty":"tr","p":{"a":0,"k":[674.13,769.897],"ix":2},"a":{"a":0,"k":[0,0],"ix":1},"s":{"a":0,"k":[100,100],"ix":3},"r":{"a":0,"k":0,"ix":6},"o":{"a":0,"k":100,"ix":7},"sk":{"a":0,"k":0,"ix":4},"sa":{"a":0,"k":0,"ix":5},"nm":"Transform"}],"nm":"Group 12","np":2,"cix":2,"bm":0,"ix":2,"mn":"ADBE Vector Group","hd":false},{"ty":"tr","p":{"a":0,"k":[634.63,804.397],"ix":2},"a":{"a":0,"k":[634.63,804.397],"ix":1},"s":{"a":0,"k":[100,100],"ix":3},"r":{"a":1,"k":[{"i":{"x":[0.198],"y":[0.908]},"o":{"x":[0.258],"y":[0]},"t":21,"s":[0]},{"i":{"x":[0.817],"y":[1]},"o":{"x":[0.695],"y":[-0.123]},"t":30,"s":[-13]},{"t":46,"s":[0]}],"ix":6},"o":{"a":0,"k":100,"ix":7},"sk":{"a":0,"k":0,"ix":4},"sa":{"a":0,"k":0,"ix":5},"nm":"Transform"}],"nm":"RL3","np":2,"cix":2,"bm":0,"ix":6,"mn":"ADBE Vector Group","hd":false},{"ty":"gr","it":[{"ty":"gr","it":[{"ind":0,"ty":"sh","ix":1,"ks":{"a":0,"k":{"i":[[0,0],[-20.118,-27.484]],"o":[[0,0],[0,0]],"v":[[-20.292,-11.667],[21.133,13.437]],"c":false},"ix":2},"nm":"Path 1","mn":"ADBE Vector Shape - Group","hd":false},{"ty":"st","c":{"a":0,"k":[0.137254908681,0.521568655968,0,1],"ix":3},"o":{"a":0,"k":100,"ix":4},"w":{"a":0,"k":8,"ix":5},"lc":2,"lj":2,"bm":0,"nm":"Stroke 1","mn":"ADBE Vector Graphic - Stroke","hd":false},{"ty":"tr","p":{"a":0,"k":[594.046,765.928],"ix":2},"a":{"a":0,"k":[0,0],"ix":1},"s":{"a":0,"k":[100,100],"ix":3},"r":{"a":0,"k":0,"ix":6},"o":{"a":0,"k":100,"ix":7},"sk":{"a":0,"k":0,"ix":4},"sa":{"a":0,"k":0,"ix":5},"nm":"Transform"}],"nm":"Group 5","np":2,"cix":2,"bm":0,"ix":1,"mn":"ADBE Vector Group","hd":false},{"ty":"gr","it":[{"ind":0,"ty":"sh","ix":1,"ks":{"a":0,"k":{"i":[[12.853,-25.549],[-20.944,-10.63],[-10.331,-17.678]],"o":[[-13.592,34.586],[7.568,4.015],[-8.879,-55.037]],"v":[[-39.396,-27.388],[17.092,12.791],[42.053,37.227]],"c":true},"ix":2},"nm":"Path 1","mn":"ADBE Vector Shape - Group","hd":false},{"ty":"fl","c":{"a":0,"k":[0.219607844949,0.823529422283,0,1],"ix":4},"o":{"a":0,"k":100,"ix":5},"r":1,"bm":0,"nm":"Fill 1","mn":"ADBE Vector Graphic - Fill","hd":false},{"ty":"tr","p":{"a":0,"k":[593.241,775.074],"ix":2},"a":{"a":0,"k":[0,0],"ix":1},"s":{"a":0,"k":[100,100],"ix":3},"r":{"a":0,"k":0,"ix":6},"o":{"a":0,"k":100,"ix":7},"sk":{"a":0,"k":0,"ix":4},"sa":{"a":0,"k":0,"ix":5},"nm":"Transform"}],"nm":"Group 10","np":2,"cix":2,"bm":0,"ix":2,"mn":"ADBE Vector Group","hd":false},{"ty":"tr","p":{"a":0,"k":[633.695,809.369],"ix":2},"a":{"a":0,"k":[633.695,809.369],"ix":1},"s":{"a":0,"k":[100,100],"ix":3},"r":{"a":1,"k":[{"i":{"x":[0.307],"y":[0.857]},"o":{"x":[0.161],"y":[0]},"t":21,"s":[0]},{"i":{"x":[0.841],"y":[1]},"o":{"x":[0.598],"y":[-0.197]},"t":30,"s":[17]},{"t":46,"s":[0]}],"ix":6},"o":{"a":0,"k":100,"ix":7},"sk":{"a":0,"k":0,"ix":4},"sa":{"a":0,"k":0,"ix":5},"nm":"Transform"}],"nm":"LL3","np":2,"cix":2,"bm":0,"ix":7,"mn":"ADBE Vector Group","hd":false},{"ty":"gr","it":[{"ind":0,"ty":"sh","ix":1,"ks":{"a":1,"k":[{"i":{"x":0.667,"y":1},"o":{"x":0.333,"y":0},"t":25,"s":[{"i":[[0,0],[0,0]],"o":[[0,0],[0,0]],"v":[[0,341.647],[0,-341.647]],"c":false}]},{"i":{"x":0.667,"y":1},"o":{"x":1,"y":0},"t":34,"s":[{"i":[[0,0],[0,0]],"o":[[0,0],[0,0]],"v":[[0,341.647],[0,-401.647]],"c":false}]},{"t":50,"s":[{"i":[[0,0],[0,0]],"o":[[0,0],[0,0]],"v":[[0,341.647],[0,-341.647]],"c":false}]}],"ix":2},"nm":"Path 1","mn":"ADBE Vector Shape - Group","hd":false},{"ty":"st","c":{"a":0,"k":[0.219607844949,0.823529422283,0,1],"ix":3},"o":{"a":0,"k":100,"ix":4},"w":{"a":0,"k":6.025,"ix":5},"lc":1,"lj":1,"ml":10,"bm":0,"nm":"Stroke 1","mn":"ADBE Vector Graphic - Stroke","hd":false},{"ty":"tr","p":{"a":0,"k":[632.941,676.706],"ix":2},"a":{"a":0,"k":[0,0],"ix":1},"s":{"a":0,"k":[100,100],"ix":3},"r":{"a":0,"k":0,"ix":6},"o":{"a":0,"k":100,"ix":7},"sk":{"a":0,"k":0,"ix":4},"sa":{"a":0,"k":0,"ix":5},"nm":"Transform"}],"nm":"Stem","np":2,"cix":2,"bm":0,"ix":8,"mn":"ADBE Vector Group","hd":false}],"ip":0,"op":110,"st":0,"bm":0}],"markers":[]}